offer_id,bank_name,account_name,account_type,is_business,bonus_cash_cents,requirements,source_url,offer_url,expiration_date,monthly_fee_cents,fee_waiver_note,eligibility_note,last_verified,apy_percent,timeline_anchor,apy_source_url,apy_as_of,audit_note,opening_deposit_cents,application_channel,deferred_bonus_cents,geography,geography_states,geography_note,keep_open_days,total_capital_cents,monthly_fee_waived,application_requirement,terms_source_url,terms_verified,unresolved_terms,promo_code,chexsystems,chexsystems_source_url,chexsystems_checked,chexsystems_note,funding_note,funding_source_url,funding_verified
"etrade-premium-savings-400","E*TRADE / Morgan Stanley Private Bank","Premium Savings Account - $400 tier","savings","false","40000","Open new PSA September 15 2026 through January 10 2027 using SAVE800. Cash offer ends 11:59 PM ET; separate boosted APY ends 8:45 PM ET: use earlier cutoff for both. Deposit $20000-$99999 net-new external funds within 30 days; maintain average daily balance at least $20000 during days 31-75. Bonus is the lower of deposit and maintenance tiers. Internal bank/affiliate transfers excluded; withdrawals reduce net new funds. Bonus within 30 days after maintenance (by day 105); keep account open and in good standing until paid.","https://us.etrade.com/promo/savings","https://us.etrade.com/promo/savings","2027-01-10","0","No monthly fee or minimum balance. June 2026 PSA fee schedule lists no early-close fee; website $0 early-close row is Max-Rate Checking and is NOT PSA evidence. Optional outgoing wire $25; avoid it. No fixed PSA bonus clawback holding period stated after maintenance; abuse/misuse/gaming can cause rescission.","New personal PSA only; no checking/credit line/IRA/brokerage eligibility. One newly opened funded PSA; one cash-bonus offer at a time; lifetime maximum of two new-PSA cash bonuses. Non-US residents excluded and void where invalid. Tiers are alternatives not additive.","2026-09-16","4","account_opening","https://us.etrade.com/bank/bank-rates","2026-09-15","Current full cash legal recovered from https://us.etrade.com/promo/savings.html; DoC older fine print is superseded. Day0 opening; fund day30; maintain days31-75; principal release day76 is derived from completed maintenance not a bank-guaranteed transfer date. Leave account open/good standing with nominal funds or accrued interest through payout; conservative keep-open day105. Example open 2027-01-10; fund 2027-02-09; maintain 2027-02-10 through 2027-03-26; withdrawal 2027-03-27; payout by 2027-04-25. 46 interest days excludes withdrawal day. Fixed 4.00% promotional APY six months on up to $10M; base 3.50% as checked 2026-09-16. Supplementary 4.00% APY comparison: interest $99.10; opportunity cost $99.10; net $400.00; annualized net ROI 15.87%; Good ROI by >=10% and >=$300. Excludes taxes/optional fees and residual payout balance; conditional on timely cleared funds. Runtime remains gross bonus plus floored interest and >7% gate.","0","online","","nationwide","","","105","2000000","","","","","","","yes","https://www.doctorofcredit.com/etrade-400-savings-bonus-requires-20k-deposit-4-intro-rate/","2026-09-24","ChexSystems:  Yes, but approves if frozen DoC article ChexSystems field, 2026-09-16. DoC field on the current E*Trade $400-$800 Premium Savings bonus post says Chex is pulled but frozen files still get approved; the Feb 2026 $300-$2,000 savings post says the same. Secondary reported screening, not a bank guarantee.","","",""
"etrade-premium-savings-800","E*TRADE / Morgan Stanley Private Bank","Premium Savings Account - $800 tier","savings","false","80000","Open new PSA September 15 2026 through January 10 2027 using SAVE800. Cash offer ends 11:59 PM ET; separate boosted APY ends 8:45 PM ET: use earlier cutoff for both. Deposit at least $100000 net-new external funds within 30 days; maintain average daily balance at least $100000 during days 31-75. Bonus is the lower of deposit and maintenance tiers; $20000-$99999 maintained earns $400 even after $100000 deposit. Internal bank/affiliate transfers excluded; withdrawals reduce net new funds. Bonus within 30 days after maintenance (by day 105); keep account open and in good standing until paid.","https://us.etrade.com/promo/savings","https://us.etrade.com/promo/savings","2027-01-10","0","No monthly fee or minimum balance. June 2026 PSA fee schedule lists no early-close fee; website $0 early-close row is Max-Rate Checking and is NOT PSA evidence. Optional outgoing wire $25; avoid it. No fixed PSA bonus clawback holding period stated after maintenance; abuse/misuse/gaming can cause rescission.","New personal PSA only; no checking/credit line/IRA/brokerage eligibility. One newly opened funded PSA; one cash-bonus offer at a time; lifetime maximum of two new-PSA cash bonuses. Non-US residents excluded and void where invalid. Tiers are alternatives not additive.","2026-09-16","4","account_opening","https://us.etrade.com/bank/bank-rates","2026-09-15","Current full cash legal recovered from https://us.etrade.com/promo/savings.html; DoC older fine print is superseded. Day0 opening; fund day30; maintain days31-75; principal release day76 is derived from completed maintenance not a bank-guaranteed transfer date. Leave account open/good standing with nominal funds or accrued interest through payout; conservative keep-open day105. Example open 2027-01-10; fund 2027-02-09; maintain 2027-02-10 through 2027-03-26; withdrawal 2027-03-27; payout by 2027-04-25. 46 interest days excludes withdrawal day. Fixed 4.00% promotional APY six months on up to $10M; base 3.50% as checked 2026-09-16. Supplementary 4.00% APY comparison: interest $495.51; opportunity cost $495.51; net $800.00; annualized net ROI 6.35%; Good ROI by >=$300 net not >=10%. Excludes taxes/optional fees and residual payout balance; conditional on timely cleared funds. Runtime remains gross bonus plus floored interest and >7% gate.","0","online","","nationwide","","","105","10000000","","","","","","","yes","https://www.doctorofcredit.com/etrade-400-savings-bonus-requires-20k-deposit-4-intro-rate/","2026-09-24","ChexSystems:  Yes, but approves if frozen DoC article ChexSystems field, 2026-09-16. DoC field on the current E*Trade $400-$800 Premium Savings bonus post says Chex is pulled but frozen files still get approved; the Feb 2026 $300-$2,000 savings post says the same. Secondary reported screening, not a bank guarantee.","","",""
"rogue-myrewards-checking-500","Rogue Credit Union","MyRewards Checking Welcome Bonus+","checking","false","50000","Apply through promotional page or in branch/by phone July 20-September 30 2026. For three consecutive statement cycles from opening: qualifying deposits totaling $1000 each month; 10 qualifying transactions each month; paperless statements; no monthly service fee. Qualifying deposits are posted salary/government benefits/other income via ACH direct deposit; RTP or FedNow instant payment; or third-party electronic credit to Visa/Mastercard debit card (including OCT). Transfers from one account to another, mobile deposits, Zelle, and branch/ATM deposits do not qualify. Qualifying transactions separately include Rogue debit/credit card, Zelle, ACH and checks. $500 paid into Ownership Account within 30 calendar days after requirements met; new account must stay open through attempted payout. Separate $100 hospital donation is not customer compensation.","https://www.doctorofcredit.com/or-id-northern-ca-rogue-credit-union-500-checking-bonus-direct-deposit-not-required/","https://www.roguecu.org/personal-services/personal-deposit-accounts/checking/myrewards-checking/welcome-bonus-plus","2026-09-30","1000","$10 monthly service fee waived with $1000 deposited per calendar month; 10 qualifying transactions; paperless statements by 7pm last day of month. Same-tax-owner transfers do not qualify for waiver. First partial month fee grace verified in account FAQ; not a bonus qualification grace. Separate $5/month participation fee after three months unless one option: membership over 10 years; $500 combined average daily deposits; active checking with direct deposit and Online Statements; current loan; paid-off loan after 2018; under 25; or Rogue Investment Services portfolio. Generic qualifying funding does not automatically satisfy the participation DD waiver. No EATF found in schedule; not proof of no closure costs. $5/month inactivity fee after 18 months. $0 modeled fees conditional on all waivers through payout.","Personal primary tax-reported owner only; age 18+. Excludes MyRewards bonus recipients within prior 12 months; employees; W-8 signers/nonresident aliens/foreign entities; business accounts. One bonus per member/account; no other Rogue deposit offer stacking; abuse can reverse bonus. Membership: live/work/worship/attend school in select OR/ID/Northern CA counties; exact address acceptance needs review. DoC reports some Northern CA counties missing online.","2026-09-14","3","account_opening","https://www.roguecu.org/media/yjyb1q41/member_disclosure.pdf?cb=639101088302200000","2026-09-14","Verified campaign; product https://www.roguecu.org/personal-services/personal-deposit-accounts/checking/myrewards-checking; membership https://www.roguecu.org/new-members; fee/APY disclosure effective 2026-09-14. APY 3.00% first $1000; 0% above $1000. No promotional minimum balance/hold stated. Three generic deposit steps preserve ACH/RTP/FedNow/OCT alternatives without falsely requiring payroll DD. Exact cycle boundaries unknown: no invented 30/60/90-day deadlines. Mandated supplementary capital-days model: three $1000 deposits each at 0% for seven days; earliest modeled withdrawal actual deposit + seven days (not a bank promise); keep open through payout. At 4.00% simple comparison and zero fees: 21000 dollar-days; $2.30 opportunity cost; $497.70 net; 865.05% annualized net ROI using unrounded arithmetic. Conditional Good ROI: net over $300 and annualized over 10%. No checking-interest double count; transaction spend/effort excluded; EATF and complete net costs unknown. Runtime generic-funding ROI is only a gross lower bound with unknown duration; it is NOT this capital-days estimate. Gaps: exact address acceptance; transaction amounts; EATF; cycle dates; fee waiver through payout. Donation excluded.","","online","","unknown","","Live/work/worship/school in OR: Benton; Clackamas; Clatsop; Columbia; Coos; Crook; Curry; Deschutes; Douglas; Gilliam; Harney; Hood River; Jackson; Josephine; Jefferson; Klamath; Lake; Lane; Lincoln; Linn; Malheur; Marion; Multnomah; Polk; Sherman; Tillamook; Wasco; Washington; Wheeler; Yamhill. ID: Ada; Boise; Canyon; Gem; Owyhee; Payette; Washington. CA: Butte; Del Norte; Glenn; Humboldt; Lassen; Modoc; Plumas; Shasta; Siskiyou; Tehama; Trinity. Residence alone is not exhaustive; verify membership/address acceptance.","","300000","","APY is 3.00% on the first $1,000 and 0% above $1,000. Exact statement cycle boundaries and address acceptance require confirmation.","","","","","unknown","https://www.doctorofcredit.com/or-id-northern-ca-rogue-credit-union-500-checking-bonus-direct-deposit-not-required/","2026-09-23","Hard/soft pull: Soft pull · ChexSystems: Unknown Explicit Unknown. Nearby soft-pull field is a credit-pull statement, not ChexSystems evidence. No determination of account-opening ChexSystems screening is supported.","","",""
"orion-financial-free-checking-150","Orion Financial","Free Checking","checking","false","15000","Open September 1-October 31 2026. Establish one qualifying direct deposit within 90 days of opening; all non-opening requirements due no later than 2027-01-29. Electronic paycheck/pension/government benefits from employer or government qualify. Micro-deposits do not qualify. No DD amount is stated. Bonus within 120 days of opening; account open and unrestricted at payout.","https://www.doctorofcredit.com/ar-ms-tn-only-orion-financial-150-checking-bonus/","https://orionfcu.com/150-bonus","2026-10-31","0","No monthly maintenance fee. Electronic statements $0; mailed statements/notices $2/month except members over 65 or under 18. Closure of Primary Account within six months costs $10. Avoid closure until both bonus payout and six-month anniversary; no fixed day count inferred. Fee schedule https://orionfcu.com/disclosures/fee-schedule revised 2025-08-08.","New members only; no deposit or loan product currently or within prior 90 days; no deposit account closed negative within three years. One opening bonus per person/account; ownership may limit eligibility. DoC lists AR/MS/TN but says out-of-state opening may work; exact checking geography unresolved. Homepage AR/MS/TN restriction belongs to credit-card terms and cannot certify checking eligibility.","2026-09-14","","account_opening","","","First-party https://orionfcu.com/150-bonus and https://orionfcu.com/personal-banking/checking checked 2026-09-14. No balance minimum/hold stated. Free Checking APY not numerically stated; never substitute Premium APY. MODEL ONLY: each DD reserved at 0% for seven days; modeled withdrawal seven days after actual DD is not a contractual funds-availability promise or permission to close. Supplementary 4.00% simple comparison: net dollars = 150 - DD_amount * 0.04 * 7/365 before fees. Unknown DD amount means exact ROI unavailable. Illustrative $1000 DD/no fees only: $0.77 opportunity cost; $149.23 net; 778.14% annualized net ROI using unrounded capital-days arithmetic. Conditional low-effort ROI only. Gaps: DD amount; Free Checking numeric APY; exact geography; applicant-specific fees and safe closure date. Bank payout deadline and six calendar months are not capital holds.","","online","","unknown","","DoC AR/MS/TN; checking applicant eligibility unverified. Do not infer from credit-card geography.","","unknown","","","","","","","no","https://www.doctorofcredit.com/ar-ms-tn-only-orion-financial-150-checking-bonus/#comment-2415289","2026-09-24","Chex was frozen, and I just checked and there was no pull attempt. DoC reader datapoints (article field unknown or absent), 2026-09-17. DoC article (Sep 2026) lists ChexSystems: Unknown; many Sep 2026 commenters report approval with Chex frozen and no Chex pull attempt, none report a pull. Secondary reported screening, not a bank guarantee.","Campaign deliberately gives no DD amount. General account disclosure says no opening minimum unless additional disclosures and separately requires a primary share without establishing its amount; do not infer numeric capital.","https://orionfcu.com/150-bonus","2026-09-22"
"wells-fargo-everyday-500","Wells Fargo","Everyday Checking","checking","false","50000","Open through the offer with its bonus code by the expiration date. Receive at least $1,000 in qualifying electronic deposits within 90 days. Account must remain open for payout (within 30 days of meeting requirements). Ordinary transfers and Zelle do not qualify.","https://accountoffers.wellsfargo.com/offerbonus/","https://accountoffers.wellsfargo.com/offerbonus/","2026-10-06","1500","Waiver options include $500 in qualifying electronic deposits per fee period or a $1,500 minimum daily balance; verify current bank terms.","New consumer checking customers only; no Wells Fargo consumer checking bonus in past 12 months. Nationwide. Source has an older $400 sentence; current headline and quoted bonus terms say $500.","2026-09-09","0","account_opening","https://www.wellsfargo.com/checking/alt3/?utm_medium=www-redirect&utm_source=checking--alt3","2026-09-09","Verified $1,000 cumulative qualifying electronic deposits; no fixed deposit count/per-deposit minimum. Model uses promotional DD capital at 0% for seven days each, not bank-imposed hold. Separate $25 opening funding and residual balance to avoid closure may be needed; whether initial qualifying DD can cover opening funding is not established. Keep open through payout. Gross promotional ROI excludes ancillary opening funds/fees.","2500","online","","nationwide","","","","","","","","","","","unknown","","","","","",""
"chase-total-checking-300","Chase","Total Checking (checking-only tier)","checking","false","30000","Open through the checking/savings offer and receive a qualifying payroll, pension or government-benefit direct deposit within 90 days of coupon enrollment. No minimum direct-deposit amount stated. This row is only the $300 checking component, not the combined $900 reward.","https://account.chase.com/consumer/banking/checkingandsavingsoffer","https://account.chase.com/consumer/banking/checkingandsavingsoffer","2026-10-14","1500","$500 qualifying electronic deposits per statement; or $1,500 beginning daily balance; or $5,000 average qualifying balances; or qualifying linked checking.","Not available to existing Chase checking customers; accounts closed within 90 days or with negative balance within 3 years excluded. One checking opening bonus every 2 years from coupon enrollment. Nationwide.","2026-09-09","","coupon_enrollment","","","Precise missing denominator: issuer states a qualifying payroll/pension/government direct deposit but no numeric minimum. Actual deposit amount needed; do not invent $1 from micro-deposit exclusion. Seven-day 0% DD model applies once actual amount is supplied.","","online","","nationwide","","","","unknown","","","","","","","no","https://www.doctorofcredit.com/targeted-chase-900-checking-savings-bonus/","2026-09-24","ChexSystems: Doesn’t pull DoC article ChexSystems field, 2026-09-05. Same field on the Chase $400 checking and $100-$200 savings posts; DoC's list shows 36 'doesn't pull' datapoints (Chase uses EWS). Secondary reported screening, not a bank guarantee.","Live browser reconciles stale extracted April expiry to the stored October campaign. Checking bonus DD dollar amount is unstated; exclude the $500 fee-waiver figure from bonus funding.","https://account.chase.com/consumer/banking/checkingandsavingsoffer","2026-09-22"
"chase-savings-200","Chase","Savings (savings-only tier)","savings","false","20000","Deposit $15,000 in new money directly into savings within 30 days of coupon enrollment and maintain at least $15,000 for 90 days from coupon enrollment. This is only the savings component, not the combined $900 reward.","https://account.chase.com/consumer/banking/checkingandsavingsoffer","https://account.chase.com/consumer/banking/checkingandsavingsoffer","2026-10-14","500","Waiver options include $300 minimum daily balance; verify current terms.","Not available to existing Chase savings customers; accounts closed within 90 days or with negative balance within 3 years excluded. One savings opening bonus every 2 years from coupon enrollment. Nationwide.","2026-09-09","0.01","coupon_enrollment","https://account.chase.com/consumer/banking/checkingandsavingsoffer","2026-06-26","Primary savings APY 0.01% all balances/states. Conservative latest-funding interpretation: day 30 through day 90 inclusive, withdrawal day 91, 61 modeled days; bank says 90 days from coupon enrollment, NOT 90 days after deposit. Keep account open/unrestricted through payout. Confirm bank cutoff interpretation before funding.","","online","","nationwide","","","","","","Keep account open and unrestricted through payout. Confirm bank cutoff interpretation before funding.","","","","","no","https://www.doctorofcredit.com/targeted-chase-900-checking-savings-bonus/","2026-09-24","ChexSystems: Doesn’t pull DoC article ChexSystems field, 2026-09-05. Same field on the Chase $400 checking and $100-$200 savings posts; DoC's list shows 36 'doesn't pull' datapoints (Chase uses EWS). Secondary reported screening, not a bank guarantee.","","",""
"chase-checking-savings-900","Chase","Total Checking + Savings (combined offer)","other","false","90000","Requires TWO accounts opened together: qualifying direct deposit into checking within 90 days, plus $15,000 new money into savings within 30 days and held for 90 days from enrollment. Total reward includes $300 checking + $200 savings + $400 combined reward; do not add the component bonuses again. Track both accounts and confirm each requirement manually.","https://account.chase.com/consumer/banking/checkingandsavingsoffer","https://account.chase.com/consumer/banking/checkingandsavingsoffer","2026-10-14","","Both accounts can charge monthly fees; confirm current fee and waiver terms.","Must qualify for BOTH checking and savings offers. Existing accounts excluded; 90-day closure and 2-year bonus enrollment restrictions apply. Nationwide.","2026-09-09","0.01","coupon_enrollment","https://account.chase.com/consumer/banking/checkingandsavingsoffer","2026-06-26","Mixed two-account model: known savings capital $15,000 at 0.01% APY; day-30 funding, conservative day-91 withdrawal (61 days). Additional checking direct-deposit amount has no issuer numeric minimum, so TOTAL cumulative capital and combined ROI remain unavailable, not $15,000 alone. DD leg modeled seven days at 0%; do not double-count component bonuses.","","online","","nationwide","","","","unknown","","","","","","","no","https://www.doctorofcredit.com/targeted-chase-900-checking-savings-bonus/","2026-09-24","ChexSystems: Doesn’t pull DoC article ChexSystems field, 2026-09-05. Same field on the Chase $400 checking and $100-$200 savings posts; DoC's list shows 36 'doesn't pull' datapoints (Chase uses EWS). Secondary reported screening, not a bank guarantee.","$15,000.00: Savings new money / retained savings balance, separate from checking DD. Live browser reconciles stale extracted April expiry to the stored October campaign. Checking bonus DD dollar amount is unstated; exclude the $500 fee-waiver figure from bonus funding. Separate savings $15,000 leg verified, but incomplete checking DD leg leaves combined total unknown.","https://account.chase.com/consumer/banking/checkingandsavingsoffer","2026-09-22"
"us-bank-smartly-450","U.S. Bank","Smartly Checking ($8,000 deposit tier)","checking","false","45000","Complete at least two qualifying payroll or government direct deposits totaling $8,000 within 90 days; enroll in online or mobile banking. Source includes old promo-code and lower-tier text: confirm the CURRENT offer code, opening deposit and complete terms on the bank page.","https://www.usbank.com/splash/checking/2026-all-market-checking-offer.html","https://www.usbank.com/splash/checking/2026-all-market-checking-offer.html","2026-09-08","1200","Waiver options include $1,500 monthly direct deposits or $1,500 average balance; other relationship/age waivers may apply.","No existing consumer checking, consumer checking in past 12 months, or consumer checking bonus in past 12 months. Branch-state footprint or existing relationship generally required; verify NY/FL and other out-of-footprint eligibility.","2026-09-09","0.001","account_opening","https://www.usbank.com/splash/checking/2026-all-market-checking-offer.html","2026-05-31","Exact campaign expired September 8, 2026; not currently open for enrollment. Two deposits totaling $8,000, no per-deposit minimum specified. At least $25 funding within 60 days; can be included in qualifying DD. Product APY 0.001% at this tier; requested DD model deliberately uses 0%, seven days per deposit.","2500","online","","unknown","","","","","","","","","","","unknown","","","","","",""
"psecu-checking-300","PSECU","New member checking","checking","false","30000","Establish qualifying new membership using 2026PROMO by December 31, 2026. Receive two recurring qualifying employer/government/pension direct deposits of at least $500 each into new savings or checking within 100 days of membership establishment. PSECU funds required $5 membership share. Bonus assessment after day 100, payout up to 45 days later; maintain membership/good standing.","https://go.psecu.com/promo","https://go.psecu.com/promo","2026-12-31","0","No monthly checking fee reported; membership costs may apply.","New members only; anyone ever paid PSECU new-member bonus excluded; membership closed within 12 months excluded. Verify membership eligibility and any association cost.","2026-09-09","0.1","membership_establishment","https://www.psecu.com/rates","2026-09-09","Current primary campaign replaces stale 300PROMO and digital-login conditions. Two $500 deposits = $1,000 cumulative user capital. Checking APY 0.10%, savings 0.25%; requested DD model uses 0% and seven days each. Membership route/association cost is applicant-specific and excluded from gross ROI.","0","online","","nationwide","","Membership: PSECU membership eligibility required; route and any association cost vary by applicant.","","","","","","","","","yes","https://www.doctorofcredit.com/pa-only-psecu-100-250-checking-bonus/","2026-09-24","ChexSystems: Yes DoC article ChexSystems field, 2026-01-01. DoC PSECU $300 checking bonus post (the teen checking post also says Yes). Secondary reported screening, not a bank guarantee.","","",""
"capital-one-performance-savings-300","Capital One","360 Performance Savings ($20,000 tier)","savings","false","30000","Open 360 Performance Savings with BONUS1500. Deposit $20,000 external new money within first 15 days; hold qualifying balance for 90 days after funding period, through 11:59 pm ET on final hold day. Keep account open/good standing through payout within 60 days afterward. No DD or monthly fee.","https://www.capitalone.com/bank/bonus1500/","https://www.capitalone.com/bank/bonus1500/","","0","No monthly fee reported.","Primary/secondary holder of 360 Performance Savings, 360 Savings, 360 Money Market, Savings Now, Confidence Savings open on/after January 1, 2024 excluded. External funds source not affiliated with Capital One prior to Jan. 1, 2025. One new account/code, no combining account-opening offers.","2026-09-09","3","account_opening","https://www.capitalone.com/bank/savings-accounts/online-performance-savings-account/","2026-09-08","Observed official extracted APY 3.00% (variable); live numeric widget showed NaN, so reconfirm current rate before opening. Model assumes observed rate constant. Latest deposit day 15 to first safe withdrawal day 106 = 91 interest days including deposit day; required bank maintenance itself is days 16–105 (90 days). No fixed offer expiration stated.","","online","","nationwide","","","","","","","","","","","unknown","","","","","",""
"capital-one-performance-savings-750","Capital One","360 Performance Savings ($50,000 tier)","savings","false","75000","Open 360 Performance Savings with BONUS1500. Deposit $50,000 external new money within first 15 days; hold qualifying balance for 90 days after funding period, through 11:59 pm ET on final hold day. Keep account open/good standing through payout within 60 days afterward. No DD or monthly fee.","https://www.capitalone.com/bank/bonus1500/","https://www.capitalone.com/bank/bonus1500/","","0","No monthly fee reported.","Primary/secondary holder of 360 Performance Savings, 360 Savings, 360 Money Market, Savings Now, Confidence Savings open on/after January 1, 2024 excluded. External funds source not affiliated with Capital One prior to Jan. 1, 2025. One new account/code, no combining account-opening offers.","2026-09-09","3","account_opening","https://www.capitalone.com/bank/savings-accounts/online-performance-savings-account/","2026-09-08","Observed official extracted APY 3.00% (variable); live numeric widget showed NaN, so reconfirm current rate before opening. Model assumes observed rate constant. Latest deposit day 15 to first safe withdrawal day 106 = 91 interest days including deposit day; required bank maintenance itself is days 16–105 (90 days). No fixed offer expiration stated.","","online","","nationwide","","","","","","","","","","","unknown","","","","","",""
"capital-one-performance-savings-1500","Capital One","360 Performance Savings ($100,000 tier)","savings","false","150000","Open 360 Performance Savings with BONUS1500. Deposit $100,000 external new money within first 15 days; hold qualifying balance for 90 days after funding period, through 11:59 pm ET on final hold day. Keep account open/good standing through payout within 60 days afterward. No DD or monthly fee.","https://www.capitalone.com/bank/bonus1500/","https://www.capitalone.com/bank/bonus1500/","","0","No monthly fee reported.","Primary/secondary holder of 360 Performance Savings, 360 Savings, 360 Money Market, Savings Now, Confidence Savings open on/after January 1, 2024 excluded. External funds source not affiliated with Capital One prior to Jan. 1, 2025. One new account/code, no combining account-opening offers.","2026-09-09","3","account_opening","https://www.capitalone.com/bank/savings-accounts/online-performance-savings-account/","2026-09-08","Observed official extracted APY 3.00% (variable); live numeric widget showed NaN, so reconfirm current rate before opening. Model assumes observed rate constant. Latest deposit day 15 to first safe withdrawal day 106 = 91 interest days including deposit day; required bank maintenance itself is days 16–105 (90 days). No fixed offer expiration stated.","","online","","nationwide","","","","","","","","","","","unknown","","","","","",""
"bank-of-hawaii-savings-75","Bank of Hawaii","Regular Savings (Hawaii model) ($5,000 tier)","savings","false","7500","Open eligible Regular Savings; $100 opening deposit counts toward tier. Deposit $5,000 within 30 days and maintain qualifying daily balance from day 31 through day 90. Bonus within 120 days of opening; account open and in good standing at award.","https://www.boh.com/personal/bank-accounts/pr/savings-offer","https://www.boh.com/personal/bank-accounts/pr/savings-offer","","500","$5 monthly fee waived with $300 daily balance. Keep account open through bonus payout; $40 early closing fee within 180 days. Gross ROI excludes fees.","New eligible savings; prior savings offer received in 2024 or later excluded; joint award counts for both; one savings bonus per account per customer; cannot combine other savings promotions.","2026-09-09","0.01","account_opening","https://www.boh.com/siteassets/files/retail-deposit/2026/2026-07-27-consumer-checking-and-savings-rate-sheet-for-state-of-hawaii.pdf","2026-07-27","Explicit Regular Savings Hawaii model: official 0.01% APY, not higher conditional Bankohana/Bonus Rate rates. Latest deposit day 30 to withdrawal day 91 models 61 interest days; required bank maintenance days 31–90 is 60. No fixed expiry found. Issuer start token 8/4/20206 is malformed and not normalized to a date. Territorial eligibility/product rates must be checked separately.","10000","online","","unknown","","","","","","","","","","","yes","https://www.doctorofcredit.com/hi-bank-of-hawaii-200-savings-bonus/","2026-09-24","ChexSystems: Yes DoC article ChexSystems field, 2026-08-08. Field is from the savings bonus article; applied to the checking offers too (same personal side). DoC's ChexSystems list also lists Bank of Hawaii as does pull. Secondary reported screening, not a bank guarantee.","","",""
"bank-of-hawaii-savings-150","Bank of Hawaii","Regular Savings (Hawaii model) ($10,000 tier)","savings","false","15000","Open eligible Regular Savings; $100 opening deposit counts toward tier. Deposit $10,000 within 30 days and maintain qualifying daily balance from day 31 through day 90. Bonus within 120 days of opening; account open and in good standing at award.","https://www.boh.com/personal/bank-accounts/pr/savings-offer","https://www.boh.com/personal/bank-accounts/pr/savings-offer","","500","$5 monthly fee waived with $300 daily balance. Keep account open through bonus payout; $40 early closing fee within 180 days. Gross ROI excludes fees.","New eligible savings; prior savings offer received in 2024 or later excluded; joint award counts for both; one savings bonus per account per customer; cannot combine other savings promotions.","2026-09-09","0.01","account_opening","https://www.boh.com/siteassets/files/retail-deposit/2026/2026-07-27-consumer-checking-and-savings-rate-sheet-for-state-of-hawaii.pdf","2026-07-27","Explicit Regular Savings Hawaii model: official 0.01% APY, not higher conditional Bankohana/Bonus Rate rates. Latest deposit day 30 to withdrawal day 91 models 61 interest days; required bank maintenance days 31–90 is 60. No fixed expiry found. Issuer start token 8/4/20206 is malformed and not normalized to a date. Territorial eligibility/product rates must be checked separately.","10000","online","","unknown","","","","","","","","","","","yes","https://www.doctorofcredit.com/hi-bank-of-hawaii-200-savings-bonus/","2026-09-24","ChexSystems: Yes DoC article ChexSystems field, 2026-08-08. Field is from the savings bonus article; applied to the checking offers too (same personal side). DoC's ChexSystems list also lists Bank of Hawaii as does pull. Secondary reported screening, not a bank guarantee.","","",""
"bank-of-hawaii-savings-300","Bank of Hawaii","Regular Savings (Hawaii model) ($20,000 tier)","savings","false","30000","Open eligible Regular Savings; $100 opening deposit counts toward tier. Deposit $20,000 within 30 days and maintain qualifying daily balance from day 31 through day 90. Bonus within 120 days of opening; account open and in good standing at award.","https://www.boh.com/personal/bank-accounts/pr/savings-offer","https://www.boh.com/personal/bank-accounts/pr/savings-offer","","500","$5 monthly fee waived with $300 daily balance. Keep account open through bonus payout; $40 early closing fee within 180 days. Gross ROI excludes fees.","New eligible savings; prior savings offer received in 2024 or later excluded; joint award counts for both; one savings bonus per account per customer; cannot combine other savings promotions.","2026-09-09","0.01","account_opening","https://www.boh.com/siteassets/files/retail-deposit/2026/2026-07-27-consumer-checking-and-savings-rate-sheet-for-state-of-hawaii.pdf","2026-07-27","Explicit Regular Savings Hawaii model: official 0.01% APY, not higher conditional Bankohana/Bonus Rate rates. Latest deposit day 30 to withdrawal day 91 models 61 interest days; required bank maintenance days 31–90 is 60. No fixed expiry found. Issuer start token 8/4/20206 is malformed and not normalized to a date. Territorial eligibility/product rates must be checked separately.","10000","online","","unknown","","","","","","","","","","","yes","https://www.doctorofcredit.com/hi-bank-of-hawaii-200-savings-bonus/","2026-09-24","ChexSystems: Yes DoC article ChexSystems field, 2026-08-08. Field is from the savings bonus article; applied to the checking offers too (same personal side). DoC's ChexSystems list also lists Bank of Hawaii as does pull. Secondary reported screening, not a bank guarantee.","","",""
"wells-fargo-initiate-business-400","Wells Fargo","Initiate Business Checking ($2,500 tier)","checking","true","40000","Open Initiate Business Checking with offer code by November 10, 2026. Deposit $2,500 by day 30 and maintain that account balance through day 60. Complete five qualifying posted transactions by day 60 (debit purchases, Bill Pay or qualifying deposits). Minimum opening deposit $25 counts toward balance. Account must stay open/unrestricted through payout within 30 days after qualification.","https://accountoffers.wellsfargo.com/business-checking-bonus/","https://accountoffers.wellsfargo.com/business-checking-bonus/","2026-11-10","1500","$15 per fee period, waived with $2,000 minimum daily balance, $5,000 combined balance, or qualifying personal relationship. Initial fee periods ending within 64 days are waived. Keep $2,000 from day 30 through payout to waive later periods; withdrawing on day 61 can incur $15 per nonwaived period. Verify actual statement dates and payout before closing.","New business checking only. One bonus per business AND per business owner within 24 months, including across multiple businesses. Excludes current business checking owners, closures in past 90 days, Wells Fargo employees and W-8 nonresident aliens/foreign entities. Nationwide per DoC; business location and application eligibility still require review.","2026-09-11","0","account_opening","https://www.wellsfargo.com/assets/pdf/about/community-reinvestment/il-business-disclosures.pdf","","Current primary and DoC September 10 update confirm November 10 expiration; legacy separate links are one campaign, not additive. Initiate is non-interest-bearing (disclosure p6); no effective APY date asserted. Latest funding day 30 through day 60 inclusive =31 days; first promotional withdrawal day 61, not permission to close. Five posted ACH deposits can qualify; Wells transfers, RTP/FedNow, Zelle, withdrawals and debit-card credits do not. Fee disclosure p4: initial periods ending within 64 days waived; periods last 25-35 days. Explicit no-relationship scenario: $25 days0-29, tier days30-60, retain $2,000 days61-90 through latest payout, withdraw/close only after confirmed payout. No monthly fee under that schedule; no optional fee-bearing transactions assumed. At 4% APY: promotional opportunity cost $8.34, opening/payout-reserve cost $6.54, modeled net $385.12 (Good ROI by >=$300 net). This scenario is separate from canonical gross 31-day ROI; exact actual net depends on posting/fee dates. Source: https://www.doctorofcredit.com/wells-fargo-400-825-business-checking-bonus/","2500","online","","nationwide","","","","","","Five posted ACH deposits can qualify. Wells transfers, RTP/FedNow, Zelle, withdrawals and debit-card credits do not qualify.","","","","","unknown","","","","","",""
"wells-fargo-initiate-business-550","Wells Fargo","Initiate Business Checking ($10,000 tier)","checking","true","55000","Open Initiate Business Checking with offer code by November 10, 2026. Deposit $10,000 by day 30 and maintain that account balance through day 60. Complete five qualifying posted transactions by day 60 (debit purchases, Bill Pay or qualifying deposits). Minimum opening deposit $25 counts toward balance. Account must stay open/unrestricted through payout within 30 days after qualification.","https://accountoffers.wellsfargo.com/business-checking-bonus/","https://accountoffers.wellsfargo.com/business-checking-bonus/","2026-11-10","1500","$15 per fee period, waived with $2,000 minimum daily balance, $5,000 combined balance, or qualifying personal relationship. Initial fee periods ending within 64 days are waived. Keep $2,000 from day 30 through payout to waive later periods; withdrawing on day 61 can incur $15 per nonwaived period. Verify actual statement dates and payout before closing.","New business checking only. One bonus per business AND per business owner within 24 months, including across multiple businesses. Excludes current business checking owners, closures in past 90 days, Wells Fargo employees and W-8 nonresident aliens/foreign entities. Nationwide per DoC; business location and application eligibility still require review.","2026-09-11","0","account_opening","https://www.wellsfargo.com/assets/pdf/about/community-reinvestment/il-business-disclosures.pdf","","Current primary and DoC September 10 update confirm November 10 expiration; legacy separate links are one campaign, not additive. Initiate is non-interest-bearing (disclosure p6); no effective APY date asserted. Latest funding day 30 through day 60 inclusive =31 days; first promotional withdrawal day 61, not permission to close. Five posted ACH deposits can qualify; Wells transfers, RTP/FedNow, Zelle, withdrawals and debit-card credits do not. Fee disclosure p4: initial periods ending within 64 days waived; periods last 25-35 days. Explicit no-relationship scenario: $25 days0-29, tier days30-60, retain $2,000 days61-90 through latest payout, withdraw/close only after confirmed payout. No monthly fee under that schedule; no optional fee-bearing transactions assumed. At 4% APY: promotional opportunity cost $33.37, opening/payout-reserve cost $6.54, modeled net $510.10 (Good ROI by >=$300 net). This scenario is separate from canonical gross 31-day ROI; exact actual net depends on posting/fee dates. Source: https://www.doctorofcredit.com/wells-fargo-400-825-business-checking-bonus/","2500","online","","nationwide","","","","","","Five posted ACH deposits can qualify. Wells transfers, RTP/FedNow, Zelle, withdrawals and debit-card credits do not qualify.","","","","","unknown","","","","","",""
"wells-fargo-initiate-business-825","Wells Fargo","Initiate Business Checking ($25,000 tier)","checking","true","82500","Open Initiate Business Checking with offer code by November 10, 2026. Deposit $25,000 by day 30 and maintain that account balance through day 60. Complete five qualifying posted transactions by day 60 (debit purchases, Bill Pay or qualifying deposits). Minimum opening deposit $25 counts toward balance. Account must stay open/unrestricted through payout within 30 days after qualification.","https://accountoffers.wellsfargo.com/business-checking-bonus/","https://accountoffers.wellsfargo.com/business-checking-bonus/","2026-11-10","1500","$15 per fee period, waived with $2,000 minimum daily balance, $5,000 combined balance, or qualifying personal relationship. Initial fee periods ending within 64 days are waived. Keep $2,000 from day 30 through payout to waive later periods; withdrawing on day 61 can incur $15 per nonwaived period. Verify actual statement dates and payout before closing.","New business checking only. One bonus per business AND per business owner within 24 months, including across multiple businesses. Excludes current business checking owners, closures in past 90 days, Wells Fargo employees and W-8 nonresident aliens/foreign entities. Nationwide per DoC; business location and application eligibility still require review.","2026-09-11","0","account_opening","https://www.wellsfargo.com/assets/pdf/about/community-reinvestment/il-business-disclosures.pdf","","Current primary and DoC September 10 update confirm November 10 expiration; legacy separate links are one campaign, not additive. Initiate is non-interest-bearing (disclosure p6); no effective APY date asserted. Latest funding day 30 through day 60 inclusive =31 days; first promotional withdrawal day 61, not permission to close. Five posted ACH deposits can qualify; Wells transfers, RTP/FedNow, Zelle, withdrawals and debit-card credits do not. Fee disclosure p4: initial periods ending within 64 days waived; periods last 25-35 days. Explicit no-relationship scenario: $25 days0-29, tier days30-60, retain $2,000 days61-90 through latest payout, withdraw/close only after confirmed payout. No monthly fee under that schedule; no optional fee-bearing transactions assumed. At 4% APY: promotional opportunity cost $83.42, opening/payout-reserve cost $6.54, modeled net $735.05 (Good ROI by >=$300 net). This scenario is separate from canonical gross 31-day ROI; exact actual net depends on posting/fee dates. Source: https://www.doctorofcredit.com/wells-fargo-400-825-business-checking-bonus/","2500","online","","nationwide","","","","","","Five posted ACH deposits can qualify. Wells transfers, RTP/FedNow, Zelle, withdrawals and debit-card credits do not qualify.","","","","","unknown","","","","","",""
"bank-of-america-business-400","Bank of America","Business Advantage Fundamentals Banking ($5,000 tier)","checking","true","40000","Open an eligible Business Advantage account through the matching online offer. Deposit $5,000 in new money within 30 days; maintain the qualifying balance from day 31 through day 90. No direct deposit required. Use the appropriate tier link: links and terms vary.","https://promotions.bankofamerica.com/smallbusiness/biz2toffer","https://promotions.bankofamerica.com/smallbusiness/biz2toffer","2026-12-31","1600","Model selects new Fundamentals, not Relationship. $16 fee is not assessed until the 13th statement cycle closes, after the stated day-150 maximum payout horizon. Later cycles require a waiver or pay $16. Optional transactions/cash/wire fees excluded.","New customers; no owner/signer status on a Business Advantage Banking account within the last 12 months. One bonus per business owner regardless of number of businesses. Online offer only; nationwide.","2026-09-09","0","account_opening","https://www.bankofamerica.com/salesservices/smallbusiness/resources/business-schedule-fees/","2026-09-09","Primary offer and non-interest-bearing account disclosure checked. Explicit modeled interval days 31–90 is 60 days; funding deadline day 30 is separate. Withdrawal day 91 is not account closure; remain open/good standing through payout.","","online","","nationwide","","","","","true","Open Fundamentals online through this exact offer page; other enrollment routes do not qualify. Keep open in good standing through payout.","https://www.bankofamerica.com/salesservices/smallbusiness/resources/business-schedule-fees/","2026-09-22","","","no","https://www.doctorofcredit.com/bank-of-america-400-750-business-checking-bonus/#comment-2229425","2026-09-24","AFAIK BofA doesn’t pull Chex. I’ve never gotten a pull and there are DPs of approvals with Chex frozen. DoC reader datapoints (article field unknown or absent), 2026-01-14. Article field says 'ChexSystems: Unknown', but multiple 2026 business-checking comments report approvals with Chex frozen and 'BofA doesn’t pull Chex'; DoC Chex list shows 9+ doesn’t-pull DPs vs 1 did-pull DP. Secondary reported screening, not a bank guarantee.","","",""
"bank-of-america-business-750","Bank of America","Business Advantage Fundamentals Banking ($15,000 tier)","checking","true","75000","Open an eligible Business Advantage account through the matching online offer. Deposit $15,000 in new money within 30 days; maintain the qualifying balance from day 31 through day 90. No direct deposit required. Use the appropriate tier link: links and terms vary.","https://promotions.bankofamerica.com/smallbusiness/biz2toffer","https://promotions.bankofamerica.com/smallbusiness/biz2toffer","2026-12-31","1600","Model selects new Fundamentals, not Relationship. $16 fee is not assessed until the 13th statement cycle closes, after the stated day-150 maximum payout horizon. Later cycles require a waiver or pay $16. Optional transactions/cash/wire fees excluded.","New customers; no owner/signer status on a Business Advantage Banking account within the last 12 months. One bonus per business owner regardless of number of businesses. Online offer only; nationwide.","2026-09-09","0","account_opening","https://www.bankofamerica.com/salesservices/smallbusiness/resources/business-schedule-fees/","2026-09-09","Primary offer and non-interest-bearing account disclosure checked. Explicit modeled interval days 31–90 is 60 days; funding deadline day 30 is separate. Withdrawal day 91 is not account closure; remain open/good standing through payout.","","online","","nationwide","","","","","true","Open Fundamentals online through this exact offer page; other enrollment routes do not qualify. Keep open in good standing through payout.","https://www.bankofamerica.com/salesservices/smallbusiness/resources/business-schedule-fees/","2026-09-22","","","no","https://www.doctorofcredit.com/bank-of-america-400-750-business-checking-bonus/#comment-2229425","2026-09-24","AFAIK BofA doesn’t pull Chex. I’ve never gotten a pull and there are DPs of approvals with Chex frozen. DoC reader datapoints (article field unknown or absent), 2026-01-14. Article field says 'ChexSystems: Unknown', but multiple 2026 business-checking comments report approvals with Chex frozen and 'BofA doesn’t pull Chex'; DoC Chex list shows 9+ doesn’t-pull DPs vs 1 did-pull DP. Secondary reported screening, not a bank guarantee.","","",""
"bank-of-america-business-1000","Bank of America","Business Advantage Banking ($50,000 tier)","checking","true","100000","Open an eligible Business Advantage account through the matching online offer. Deposit $50,000 in new money within 30 days; maintain the qualifying balance from day 31 through day 90. No direct deposit required. Use the appropriate tier link: links and terms vary.","https://www.doctorofcredit.com/bank-of-america-400-750-business-checking-bonus/","https://promotions.bankofamerica.com/smallbusiness/bizq2offer?promoCode=UA2CIS","","","Fundamentals: $16/month after first 12 statement cycles, waived with $5,000 balance (other waivers available). Relationship: $29.95/month beginning third cycle, waived with $15,000 balance (other waivers available). Gross ROI excludes fees; keep account open through payout.","New customers; no owner/signer status on a Business Advantage Banking account within the last 12 months. One bonus per business owner regardless of number of businesses. Online offer only; nationwide.","2026-09-09","0","account_opening","https://www.bankofamerica.com/salesservices/smallbusiness/resources/business-schedule-fees/","2026-09-09","Conditional calculation from explicitly stated original offer/user tier, NOT verified current enrollment availability. Funding is known from those stated requirements, not unknown. Official account disclosure establishes 0% APY. Current high-tier URL unavailable; alternate extracted targeted campaign expired July 31, 2026, uses enrollment hold anchor and $200,000+ for $2,500, conflicting with the preserved top $250,000 tier. Matching current campaign, expiry and targeting unresolved; do not apply using low-tier link. Modeled days 31–90 = 60 as directed.","","online","","nationwide","","","","","","","","","Current campaign enrollment and tier-specific eligibility are unverified; the available $400/$750 offer is a different campaign.","","no","https://www.doctorofcredit.com/bank-of-america-400-750-business-checking-bonus/#comment-2229425","2026-09-24","AFAIK BofA doesn’t pull Chex. I’ve never gotten a pull and there are DPs of approvals with Chex frozen. DoC reader datapoints (article field unknown or absent), 2026-01-14. Article field says 'ChexSystems: Unknown', but multiple 2026 business-checking comments report approvals with Chex frozen and 'BofA doesn’t pull Chex'; DoC Chex list shows 9+ doesn’t-pull DPs vs 1 did-pull DP. Secondary reported screening, not a bank guarantee.","","",""
"bank-of-america-business-1500","Bank of America","Business Advantage Banking ($100,000 tier)","checking","true","150000","Open an eligible Business Advantage account through the matching online offer. Deposit $100,000 in new money within 30 days; maintain the qualifying balance from day 31 through day 90. No direct deposit required. Use the appropriate tier link: links and terms vary.","https://www.doctorofcredit.com/bank-of-america-400-750-business-checking-bonus/","https://promotions.bankofamerica.com/smallbusiness/bizq2offer?promoCode=UA2CIS","","","Fundamentals: $16/month after first 12 statement cycles, waived with $5,000 balance (other waivers available). Relationship: $29.95/month beginning third cycle, waived with $15,000 balance (other waivers available). Gross ROI excludes fees; keep account open through payout.","New customers; no owner/signer status on a Business Advantage Banking account within the last 12 months. One bonus per business owner regardless of number of businesses. Online offer only; nationwide.","2026-09-09","0","account_opening","https://www.bankofamerica.com/salesservices/smallbusiness/resources/business-schedule-fees/","2026-09-09","Conditional calculation from explicitly stated original offer/user tier, NOT verified current enrollment availability. Funding is known from those stated requirements, not unknown. Official account disclosure establishes 0% APY. Current high-tier URL unavailable; alternate extracted targeted campaign expired July 31, 2026, uses enrollment hold anchor and $200,000+ for $2,500, conflicting with the preserved top $250,000 tier. Matching current campaign, expiry and targeting unresolved; do not apply using low-tier link. Modeled days 31–90 = 60 as directed.","","online","","nationwide","","","","","","","","","Current campaign enrollment and tier-specific eligibility are unverified; the available $400/$750 offer is a different campaign.","","no","https://www.doctorofcredit.com/bank-of-america-400-750-business-checking-bonus/#comment-2229425","2026-09-24","AFAIK BofA doesn’t pull Chex. I’ve never gotten a pull and there are DPs of approvals with Chex frozen. DoC reader datapoints (article field unknown or absent), 2026-01-14. Article field says 'ChexSystems: Unknown', but multiple 2026 business-checking comments report approvals with Chex frozen and 'BofA doesn’t pull Chex'; DoC Chex list shows 9+ doesn’t-pull DPs vs 1 did-pull DP. Secondary reported screening, not a bank guarantee.","","",""
"bank-of-america-business-2500","Bank of America","Business Advantage Banking ($250,000 tier)","checking","true","250000","Open an eligible Business Advantage account through the matching online offer. Deposit $250,000 in new money within 30 days; maintain the qualifying balance from day 31 through day 90. No direct deposit required. Use the appropriate tier link: links and terms vary.","https://www.doctorofcredit.com/bank-of-america-400-750-business-checking-bonus/","https://promotions.bankofamerica.com/smallbusiness/bizq2offer?promoCode=UA2CIS","","","Fundamentals: $16/month after first 12 statement cycles, waived with $5,000 balance (other waivers available). Relationship: $29.95/month beginning third cycle, waived with $15,000 balance (other waivers available). Gross ROI excludes fees; keep account open through payout.","New customers; no owner/signer status on a Business Advantage Banking account within the last 12 months. One bonus per business owner regardless of number of businesses. Online offer only; nationwide.","2026-09-09","0","account_opening","https://www.bankofamerica.com/salesservices/smallbusiness/resources/business-schedule-fees/","2026-09-09","Conditional calculation from explicitly stated original offer/user tier, NOT verified current enrollment availability. Funding is known from those stated requirements, not unknown. Official account disclosure establishes 0% APY. Current high-tier URL unavailable; alternate extracted targeted campaign expired July 31, 2026, uses enrollment hold anchor and $200,000+ for $2,500, conflicting with this preserved $250,000 tier. Matching current campaign, expiry and targeting unresolved; do not apply using low-tier link. Modeled days 31–90 = 60 as directed.","","online","","nationwide","","","","","","","","","Current campaign enrollment and tier-specific eligibility are unverified; the available $400/$750 offer is a different campaign.","","no","https://www.doctorofcredit.com/bank-of-america-400-750-business-checking-bonus/#comment-2229425","2026-09-24","AFAIK BofA doesn’t pull Chex. I’ve never gotten a pull and there are DPs of approvals with Chex frozen. DoC reader datapoints (article field unknown or absent), 2026-01-14. Article field says 'ChexSystems: Unknown', but multiple 2026 business-checking comments report approvals with Chex frozen and 'BofA doesn’t pull Chex'; DoC Chex list shows 9+ doesn’t-pull DPs vs 1 did-pull DP. Secondary reported screening, not a bank guarantee.","","",""
"trustone-checking-250","TruStone Financial","Value Checking ($1,000 direct-deposit tier)","checking","false","25000","Within 60 days, receive $1,000 in direct deposits and enroll in e-statements. Advertised total includes the $50 e-statement reward. A $20 early-closure fee is reported for closure within six months.","https://trustonefinancial.org/checking-and-savings/checking-accounts/","https://trustonefinancial.org/checking-and-savings/checking-accounts/","2026-12-31","0","Value Checking: no monthly fee or minimum daily balance; $25 opening deposit. Other products differ.","WI and MN membership footprint. Member must not have had a prior TruStone checking account. ChexSystems sensitivity reported; approval not guaranteed. Optional referral rewards are NOT included.","2026-09-09","0","account_opening","https://trustonefinancial.org/checking-and-savings/checking-accounts/","2026-09-09","Verified cumulative promotional DD amount plus $50 e-statement bonus. Issuer specifies no fixed count or per-deposit minimum. Value Checking official APY None: zero; DD user model seven days each. $25 opening deposit may be separate; overlap with qualifying DD not established, excluded from promotional denominator. Reported $20 early closure fee not confirmed in accessed issuer pages; verify fee schedule.","2500","online","","included_states","MN;WI","Membership: live, work, worship, volunteer or attend school in an eligible Minnesota or Wisconsin county, or belong to a listed TruStone education community or employer group.","","","","","","","","","unknown","https://www.doctorofcredit.com/wi-mn-only-trustone-financial-350-checking-bonus/","2026-09-23","Hard/soft pull: Soft · ChexSystems: Unknown, sensitive Explicit Unknown, sensitive remains unknown. Do not convert sensitivity or successful/failed approvals into a definitive screening policy. Current January 2026 extension coexists with historical 2022 overview dates and old amounts; no separate screening effective date.","","",""
"trustone-checking-350","TruStone Financial","Value Checking ($2,500 direct-deposit tier)","checking","false","35000","Within 60 days, receive $2,500 in direct deposits and enroll in e-statements. Advertised total includes the $50 e-statement reward. A $20 early-closure fee is reported for closure within six months.","https://trustonefinancial.org/checking-and-savings/checking-accounts/","https://trustonefinancial.org/checking-and-savings/checking-accounts/","2026-12-31","0","Value Checking: no monthly fee or minimum daily balance; $25 opening deposit. Other products differ.","WI and MN membership footprint. Member must not have had a prior TruStone checking account. ChexSystems sensitivity reported; approval not guaranteed. Optional referral rewards are NOT included.","2026-09-09","0","account_opening","https://trustonefinancial.org/checking-and-savings/checking-accounts/","2026-09-09","Verified cumulative promotional DD amount plus $50 e-statement bonus. Issuer specifies no fixed count or per-deposit minimum. Value Checking official APY None: zero; DD user model seven days each. $25 opening deposit may be separate; overlap with qualifying DD not established, excluded from promotional denominator. Reported $20 early closure fee not confirmed in accessed issuer pages; verify fee schedule.","2500","online","","included_states","MN;WI","Membership: live, work, worship, volunteer or attend school in an eligible Minnesota or Wisconsin county, or belong to a listed TruStone education community or employer group.","","","","","","","","","unknown","https://www.doctorofcredit.com/wi-mn-only-trustone-financial-350-checking-bonus/","2026-09-23","Hard/soft pull: Soft · ChexSystems: Unknown, sensitive Explicit Unknown, sensitive remains unknown. Do not convert sensitivity or successful/failed approvals into a definitive screening policy. Current January 2026 extension coexists with historical 2022 overview dates and old amounts; no separate screening effective date.","","",""
"trustone-checking-500","TruStone Financial","Value Checking ($5,000 direct-deposit tier)","checking","false","50000","Within 60 days, receive $5,000 in direct deposits and enroll in e-statements. Advertised total includes the $50 e-statement reward. A $20 early-closure fee is reported for closure within six months.","https://trustonefinancial.org/checking-and-savings/checking-accounts/","https://trustonefinancial.org/checking-and-savings/checking-accounts/","2026-12-31","0","Value Checking: no monthly fee or minimum daily balance; $25 opening deposit. Other products differ.","WI and MN membership footprint. Member must not have had a prior TruStone checking account. ChexSystems sensitivity reported; approval not guaranteed. Optional referral rewards are NOT included.","2026-09-09","0","account_opening","https://trustonefinancial.org/checking-and-savings/checking-accounts/","2026-09-09","Verified cumulative promotional DD amount plus $50 e-statement bonus. Issuer specifies no fixed count or per-deposit minimum. Value Checking official APY None: zero; DD user model seven days each. $25 opening deposit may be separate; overlap with qualifying DD not established, excluded from promotional denominator. Reported $20 early closure fee not confirmed in accessed issuer pages; verify fee schedule.","2500","online","","included_states","MN;WI","Membership: live, work, worship, volunteer or attend school in an eligible Minnesota or Wisconsin county, or belong to a listed TruStone education community or employer group.","","","","","","","","","unknown","https://www.doctorofcredit.com/wi-mn-only-trustone-financial-350-checking-bonus/","2026-09-23","Hard/soft pull: Soft · ChexSystems: Unknown, sensitive Explicit Unknown, sensitive remains unknown. Do not convert sensitivity or successful/failed approvals into a definitive screening policy. Current January 2026 extension coexists with historical 2022 overview dates and old amounts; no separate screening effective date.","","",""
"percapita-checking-300","Percapita","Checking (monthly debit-spend promotion)","checking","false","30000","First 7,000 new customers opening April 16, 2025–December 31, 2026. Earn $25 each calendar month with $300 qualifying debit purchases during first year, up to $300 for 12 months ($3,600 cumulative purchases). Balance must stay positive and account open/active throughout incentive month. Cash substitutes, ATM withdrawals and money movement excluded. Detailed terms allow payout within 10 business days of month end.","https://www.percapita.com/en/earn300","https://www.percapita.com/en/earn300","2026-12-31","0","","New customer never previously opened Cash Account; first 7,000 approved accounts during Apr 16 2025-Dec 31 2026. DDA: US/DC/territory citizens or legal permanent residents, US residential address, valid SSN/ITIN; 16+ with adult joint holder if under 18. Sutton Bank holds deposits; Percapita pays incentives.","2026-09-09","0","","https://www.percapita.com/demanddepositaccount/PercapitaDemandDepositAgreement.pdf","2026-03-06","Precise unresolved ROI denominator: spend-based promotion, not DD or held-principal funding. $3,600 cumulative purchases consumes capital, plus positive balance required; do not invent a $3,600 balance hold or call purchases DD. Official account rate 0%. First/last partial-month handling and remaining enrollment capacity not stated; full evidence in audit artifact.","0","online","","nationwide","","","","unknown","","","","","","","no","https://www.doctorofcredit.com/percapita-fintech-300-checking-bonus-25-per-month-direct-deposit-not-required/#comment-2332397","2026-09-24","No Chex, no EWS, no credit pulls DoC reader datapoints (article field unknown or absent), 2026-05-31. DoC article lists ChexSystems: Unknown; multiple commenters (2025-2026) consistently say Percapita doesn't pull Chex. Secondary reported screening, not a bank guarantee.","$0.00: Marketing explicitly states $0 minimums; not exemption from promotional positive-balance rule $300.00: Monthly eligible purchases $3,600.00: Minimum total purchases to earn all twelve $25 rewards Monthly $300 spend and twelve rewards imply $3,600 cumulative consumed purchases, not a held principal. The required positive balance throughout incentive months is unquantified; preserve unknown total. Landing-page 1–3-business-day payout differs from detailed ten-business-day legal; no deadline changes made.","https://www.percapita.com/en/earn300","2026-09-22"
"chase-total-checking-400","Chase","Total Checking standalone","checking","false","40000","Enroll and open through standalone offer by 10/14/2026; receive payroll, pension or government DD totaling $1,000 within 90 days of coupon enrollment. Bonus within 15 days; account open/unrestricted at payout. Alternative to combined campaign; do not add rewards together.","https://account.chase.com/consumer/banking/seo","https://account.chase.com/consumer/banking/seo","2026-10-14","1500","$500 qualifying electronic deposits per statement; or $1,500 daily beginning balance; or $5,000 qualifying average balances; or qualifying linked checking.","No current checking; no closure in 90 days or negative closure in 3 years; checking bonus every two years from enrollment.","2026-09-09","","coupon_enrollment","","","Model: cumulative required DD capital at assumed 0% for seven days per deposit, not a bank hold. Ancillary opening funds and account fees excluded; no assumed recycling.","","online","","unknown","","","","","","","","","","","no","https://www.doctorofcredit.com/targeted-chase-900-checking-savings-bonus/","2026-09-24","ChexSystems: Doesn’t pull DoC article ChexSystems field, 2026-09-05. Same field on the Chase $400 checking and $100-$200 savings posts; DoC's list shows 36 'doesn't pull' datapoints (Chase uses EWS). Secondary reported screening, not a bank guarantee.","","",""
"bank-of-america-personal-dd-100","Bank of America","Advantage Plus Banking","checking","false","10000","Open through offer by 9/30/2026. Receive cumulative qualifying regular-income DD of $2,000 within 90 days. Bonus within 60 days after deposit period. Keep same product open and in good standing through payout.","https://promotions.bankofamerica.com/en/offers/chooseyourchecking500100","https://promotions.bankofamerica.com/en/offers/chooseyourchecking500100","2026-09-30","1200","","No owned/co-owned BofA personal checking in past 12 months. One checking offer per customer/account; Relationship Banking also eligible; SafeBalance excluded from DD offer.","2026-09-09","0","account_opening","https://promotions.bankofamerica.com/en/offers/chooseyourchecking500100","","Explicit Advantage Plus no-interest product. Opening $100 overlap with DD unestablished. Model: cumulative required DD capital at assumed 0% for seven days per deposit, not a bank hold. Ancillary opening funds and account fees excluded; no assumed recycling.","10000","online","","unknown","","","","","","","","","","","unknown","","","","","",""
"bank-of-america-personal-dd-300","Bank of America","Advantage Plus Banking","checking","false","30000","Open through offer by 9/30/2026. Receive cumulative qualifying regular-income DD of $5,000 within 90 days. Bonus within 60 days after deposit period. Keep same product open and in good standing through payout.","https://promotions.bankofamerica.com/en/offers/chooseyourchecking500100","https://promotions.bankofamerica.com/en/offers/chooseyourchecking500100","2026-09-30","1200","","No owned/co-owned BofA personal checking in past 12 months. One checking offer per customer/account; Relationship Banking also eligible; SafeBalance excluded from DD offer.","2026-09-09","0","account_opening","https://promotions.bankofamerica.com/en/offers/chooseyourchecking500100","","Explicit Advantage Plus no-interest product. Opening $100 overlap with DD unestablished. Model: cumulative required DD capital at assumed 0% for seven days per deposit, not a bank hold. Ancillary opening funds and account fees excluded; no assumed recycling.","10000","online","","unknown","","","","","","","","","","","unknown","","","","","",""
"bank-of-america-personal-dd-500","Bank of America","Advantage Plus Banking","checking","false","50000","Open through offer by 9/30/2026. Receive cumulative qualifying regular-income DD of $10,000 within 90 days. Bonus within 60 days after deposit period. Keep same product open and in good standing through payout.","https://promotions.bankofamerica.com/en/offers/chooseyourchecking500100","https://promotions.bankofamerica.com/en/offers/chooseyourchecking500100","2026-09-30","1200","","No owned/co-owned BofA personal checking in past 12 months. One checking offer per customer/account; Relationship Banking also eligible; SafeBalance excluded from DD offer.","2026-09-09","0","account_opening","https://promotions.bankofamerica.com/en/offers/chooseyourchecking500100","","Explicit Advantage Plus no-interest product. Opening $100 overlap with DD unestablished. Model: cumulative required DD capital at assumed 0% for seven days per deposit, not a bank hold. Ancillary opening funds and account fees excluded; no assumed recycling.","10000","online","","unknown","","","","","","","","","","","unknown","","","","","",""
"bank-of-america-safebalance-100","Bank of America","Advantage SafeBalance Banking","checking","false","10000","Open online from exact offer by 9/30/2026. Complete 20 posted qualifying debit purchases/payments or Zelle sent/received transactions within 60 days. Keep same product open/in good standing through bonus within 60 days after qualification.","https://promotions.bankofamerica.com/en/offers/chooseyourchecking500100","https://promotions.bankofamerica.com/en/offers/chooseyourchecking500100","2026-09-30","","","No owned/co-owned BofA personal checking in past 12 months; one offer per customer, alternative to DD tiers.","2026-09-09","","","","","No transaction amount minimum stated; promotional capital unknown. $25 opening is not a complete promotional denominator. Zelle path means debit spending is not mandatory.","2500","online","","unknown","","","","unknown","","","","","","","unknown","","","","$25.00: SafeBalance opening deposit. Complete legal confirms $25 opening but not total amount needed for 20 qualifying transactions. Do not treat minimum opening as complete capital or import DD tiers from other products.","https://promotions.bankofamerica.com/en/offers/chooseyourchecking500100","2026-09-22"
"sofi-checking-savings-50","SoFi","Checking and Savings","other","false","5000","Receive first eligible recurring payroll/pension/government ACH DD by 12/31/2026. Total eligible DD of $1,000 within 25 calendar days of first eligible DD of $1 or more. Payout within 7 business days; checking open/in good standing.","https://www.sofi.com/banking/","https://www.sofi.com/banking/","2026-12-31","0","","New/existing members who never set up SoFi DD. One bonus per member; joint primary only.","2026-09-09","","","","","Bank-only $50/$400 current offer supersedes discovery $300 bank component; portal excluded. 25-day window is FIRST DD anchored, not opening; schema cannot encode that timeline anchor. Model: cumulative required DD capital at assumed 0% for seven days per deposit, not a bank hold. Ancillary opening funds and account fees excluded; no assumed recycling.","","online","","unknown","","","","","","","","","","","no","https://www.doctorofcredit.com/sofi-checking-5000-direct-deposit-required/#comment-2106533","2026-09-24","Sofi definitely doesn’t pull chex, you can freeze it to be sure. DoC reader datapoints (article field unknown or absent), 2025-07-26. DoC SoFi article has no ChexSystems field; multiple commenters (2025-2026) consistently report no Chex pull. Secondary reported screening, not a bank guarantee.","","",""
"sofi-checking-savings-400","SoFi","Checking and Savings","other","false","40000","Receive first eligible recurring payroll/pension/government ACH DD by 12/31/2026. Total eligible DD of $5,000 within 25 calendar days of first eligible DD of $1 or more. Payout within 7 business days; checking open/in good standing.","https://www.sofi.com/banking/","https://www.sofi.com/banking/","2026-12-31","0","","New/existing members who never set up SoFi DD. One bonus per member; joint primary only.","2026-09-09","","","","","Bank-only $50/$400 current offer supersedes discovery $300 bank component; portal excluded. 25-day window is FIRST DD anchored, not opening; schema cannot encode that timeline anchor. Model: cumulative required DD capital at assumed 0% for seven days per deposit, not a bank hold. Ancillary opening funds and account fees excluded; no assumed recycling.","","online","","unknown","","","","","","","","","","","no","https://www.doctorofcredit.com/sofi-checking-5000-direct-deposit-required/#comment-2106533","2026-09-24","Sofi definitely doesn’t pull chex, you can freeze it to be sure. DoC reader datapoints (article field unknown or absent), 2025-07-26. DoC SoFi article has no ChexSystems field; multiple commenters (2025-2026) consistently report no Chex pull. Secondary reported screening, not a bank guarantee.","","",""
"fourleaf-checking-350","FourLeaf Federal Credit Union","Free Checking","checking","false","35000","Open eligible checking 2/2/2026–12/31/2026; initial recurring DD of at least $500 posts within 90 days for $350. Each applicable bonus within 60 days; account open/in good standing. Cumulative reward alternatives, not additive.","https://www.fourleaffcu.com/queens-open-an-account/","https://www.fourleaffcu.com/queens-open-an-account/","2026-12-31","0","Free Checking has no monthly maintenance fee. Membership requires a separate $5 savings share; other optional charges are excluded.","No existing primary checking and never received checking opening bonus. $5 membership savings required. Qualifying checking: Free/Smart/Student.","2026-09-09","","","","","Initial DD within 90 days; subsequent monthly requirements cannot be expressed as fixed day window. Free Checking conditional 0.40% APY requires online/eStatements, DD and 10 POS transactions; not assumed. Model: cumulative required DD capital at assumed 0% for seven days per deposit, not a bank hold. Ancillary opening funds and account fees excluded; no assumed recycling.","500","online","","unknown","","","","","","","https://www.fourleaffcu.com/free-checking-account/","2026-09-22","","","yes","https://www.doctorofcredit.com/four-leaf-federal-credit-union-550-checking-bonus-fka-as-bethpage-federalcredit-union/","2026-09-24","ChexSystems: Yes, sensitive. Seems like they mostly care about how many accounts in the last month. DoC article ChexSystems field, 2026-06-04. DoC personal checking article lists ChexSystems: Yes (sensitive); many 2026 comments confirm Chex pulls. Secondary reported screening, not a bank guarantee.","","",""
"fourleaf-checking-450","FourLeaf Federal Credit Union","Free Checking","checking","false","45000","Open eligible checking 2/2/2026–12/31/2026; initial recurring DD of at least $500 posts within 90 days for $350. Continue a $500+ DD each of the following 12 consecutive months for additional $100. Each applicable bonus within 60 days; account open/in good standing. Cumulative reward alternatives, not additive.","https://www.fourleaffcu.com/queens-open-an-account/","https://www.fourleaffcu.com/queens-open-an-account/","2026-12-31","0","Free Checking has no monthly maintenance fee. Membership requires a separate $5 savings share; other optional charges are excluded.","No existing primary checking and never received checking opening bonus. $5 membership savings required. Qualifying checking: Free/Smart/Student.","2026-09-09","","","","","Initial DD within 90 days; subsequent monthly requirements cannot be expressed as fixed day window. Free Checking conditional 0.40% APY requires online/eStatements, DD and 10 POS transactions; not assumed. Model: cumulative required DD capital at assumed 0% for seven days per deposit, not a bank hold. Ancillary opening funds and account fees excluded; no assumed recycling.","500","online","10000","unknown","","","","","","","https://www.fourleaffcu.com/free-checking-account/","2026-09-22","","","yes","https://www.doctorofcredit.com/four-leaf-federal-credit-union-550-checking-bonus-fka-as-bethpage-federalcredit-union/","2026-09-24","ChexSystems: Yes, sensitive. Seems like they mostly care about how many accounts in the last month. DoC article ChexSystems field, 2026-06-04. DoC personal checking article lists ChexSystems: Yes (sensitive); many 2026 comments confirm Chex pulls. Secondary reported screening, not a bank guarantee.","","",""
"fourleaf-checking-550","FourLeaf Federal Credit Union","Free Checking","checking","false","55000","Open eligible checking 2/2/2026–12/31/2026; initial recurring DD of at least $500 posts within 90 days for $350. Continue a $500+ DD each of the following 12 consecutive months for additional $100. Continue through following 24 consecutive months for another $100. Each applicable bonus within 60 days; account open/in good standing. Cumulative reward alternatives, not additive.","https://www.fourleaffcu.com/queens-open-an-account/","https://www.fourleaffcu.com/queens-open-an-account/","2026-12-31","0","Free Checking has no monthly maintenance fee. Membership requires a separate $5 savings share; other optional charges are excluded.","No existing primary checking and never received checking opening bonus. $5 membership savings required. Qualifying checking: Free/Smart/Student.","2026-09-09","","","","","Initial DD within 90 days; subsequent monthly requirements cannot be expressed as fixed day window. Free Checking conditional 0.40% APY requires online/eStatements, DD and 10 POS transactions; not assumed. Model: cumulative required DD capital at assumed 0% for seven days per deposit, not a bank hold. Ancillary opening funds and account fees excluded; no assumed recycling.","500","online","20000","unknown","","","","","","","https://www.fourleaffcu.com/free-checking-account/","2026-09-22","","","yes","https://www.doctorofcredit.com/four-leaf-federal-credit-union-550-checking-bonus-fka-as-bethpage-federalcredit-union/","2026-09-24","ChexSystems: Yes, sensitive. Seems like they mostly care about how many accounts in the last month. DoC article ChexSystems field, 2026-06-04. DoC personal checking article lists ChexSystems: Yes (sensitive); many 2026 comments confirm Chex pulls. Secondary reported screening, not a bank guarantee.","","",""
"citi-regular-checking-325","Citi","Regular Checking","checking","false","32500","Open via exact page by 10/26/2026; at least two Enhanced Direct Deposits totaling $3,000 within 90 days of opening. Bonus between days90–120; open/in good standing. EDD includes qualifying ACH payroll and P2P/Zelle, not instant/debit-card transfers.","https://banking.citi.com/cbol/OM/checking/enhanced-direct-deposit-offer/default.htm?BT_TX=1&ProspectID=45A3B47DEC24426BB847622BFFE3A444","https://banking.citi.com/cbol/OM/checking/enhanced-direct-deposit-offer/default.htm?BT_TX=1&ProspectID=45A3B47DEC24426BB847622BFFE3A444","2026-10-26","1500","Relationship tier or $250+ EDD per month.","New checking customers; home ZIP determines products/pricing.","2026-09-09","","account_opening","","","DoC $1,500 stale; current exact primary requires $3,000. Combo-linked checking-only variant requires 45 days instead of 90; do not mix links. Model: cumulative required DD capital at assumed 0% for seven days per deposit, not a bank hold. Ancillary opening funds and account fees excluded; no assumed recycling.","","online","","unknown","","","","","","","","","","","yes","https://www.doctorofcredit.com/citi-300-checking-bonus/","2026-09-24","ChexSystems: Yes DoC article ChexSystems field, 2026-07-28. Current DoC article covering the Citi $325/$475 checking and checking+savings offers. Secondary reported screening, not a bank guarantee.","","",""
"citi-checking-savings-475","Citi","Regular Checking and Citi Savings","other","false","47500","Open checking and savings same day via combo offer by 10/26/2026. At least two EDDs totaling $3,000 within 45 days. Deposit $5,000 New-to-Citibank funds within 45 days; maintain total $5,000 across new accounts. Payout days90–120. Savings-only does not qualify. Alternative includes $325 checking; do not add.","https://banking.citi.com/cbol/OM/combo/enhanced-direct-deposit-offer/default.htm?cmp=knc_acquire_2308_BAUCHK_Google_BR&venue=GoogleBR%7Bignore%7D&%7B_dsmrktparam%7D","https://banking.citi.com/cbol/OM/combo/enhanced-direct-deposit-offer/default.htm?cmp=knc_acquire_2308_BAUCHK_Google_BR&venue=GoogleBR%7Bignore%7D&%7B_dsmrktparam%7D","2026-10-26","","","New checking customers; location/products/pricing require home ZIP.","2026-09-09","","account_opening","","","Numeric DD and balance legs known; overlap and exact maintenance end not established in rendered disclosure. Do not blindly add $3,000 and $5,000 or infer APY. Total capital/endpoints blank.","","online","","unknown","","","","unknown","","","","","","","yes","https://www.doctorofcredit.com/citi-300-checking-bonus/","2026-09-24","ChexSystems: Yes DoC article ChexSystems field, 2026-07-28. Current DoC article covering the Citi $325/$475 checking and checking+savings offers. Secondary reported screening, not a bank guarantee.","$3,000.00: At least two EDDs, no per-item minimum $5,000.00: New-to-Citibank funds maintained across new checking and savings, not $5,000 each Cumulative $3,000 EDD across at least two items and $5,000 maintained new money are verified independently. No explicit overlap statement or precise end of balance maintenance in recovered campaign; no sum/max assumption, total stays unknown. Product relationship-tier and fee-waiver balances are not bonus funding.","https://banking.citi.com/cbol/OM/combo/enhanced-direct-deposit-offer/default.htm?cmp=knc_acquire_2308_BAUCHK_Google_BR&venue=GoogleBR%7Bignore%7D&%7B_dsmrktparam%7D","2026-09-22"
"affinity-referral-checking-100","Affinity Federal Credit Union","Referral checking","checking","false","10000","Use genuine friend/family referral; open eligible checking and $5 membership share. Establish recurring qualifying payroll/benefit ACH DD totaling $500 in a calendar month within 60 days. Payout last business day of following month; closing within six months claws back bonus.","https://share.affinityfcu.org/zone/microsite?journey.campaign_id=7134729748330288377","https://share.affinityfcu.org/zone/microsite?journey.campaign_id=7134729748330288377","","","","New member; no membership closed in 12 months; valid personal referral required, public blog/social referral posting disallowed. Cash Back Debit/Plus or High-Yield checking.","2026-09-09","","account_opening","","","Bank terms replace stale $100 DD discovery with $500 monthly aggregate. No referrer bonus included. Model: cumulative required DD capital at assumed 0% for seven days per deposit, not a bank hold. Ancillary opening funds and account fees excluded; no assumed recycling.","500","online","","unknown","","","186","","","","","","","","yes","https://www.doctorofcredit.com/affinity-federal-credit-union-100-referral-bonus/","2026-09-24","Unfortunately it cost another chex inquiry as well so beware! DoC reader datapoints (article field unknown or absent), 2026-07-15. Older DoC article (2022) lists 'ChexSystems: Unknown, sensitive'; recent comments (July 2025, July 2026) explicitly report Chex pulls and many Chex denials. Secondary reported screening, not a bank guarantee.","","",""
"live-oak-personal-savings-300","Live Oak Bank","Personal Savings new customer","savings","false","30000","Open new personal savings 9/8–10/16/2026. Fund $20,000 external new money by 5pm ET 10/16/2026; maintain at least $20,000 for90 consecutive days beginning funding date. Payout within45 days thereafter; account open/unrestricted.","https://www.liveoakbank.com/personal-savings/","https://www.liveoakbank.com/personal-savings/","2026-10-16","0","","New account required; one bonus per TIN/promotional period. Existing customers also qualify but must separately preserve9/7/2026 benchmark across all existing personal savings.","2026-09-09","4","","https://www.liveoakbank.com/personal-savings/","2026-09-08","90 consecutive dates including10/16 end1/13; first withdrawal1/14/2027. Model is new-customer capital only; existing customer benchmark unknown and not included.","0","online","","unknown","","","","","","","","","","","no","https://www.doctorofcredit.com/live-oak-bank-300-savings-bonus/","2026-09-24","ChexSystems: No DoC article ChexSystems field, 2026-09-08. DoC personal savings article says No; comments confirm no Chex/EWS pull; on DoC Chex list under 'Don’t Pull'. Secondary reported screening, not a bank guarantee.","","",""
"ameriprise-checking-400","Ameriprise Bank","Checking","checking","false","40000","Open7/1–12/29/2026; receive $1,500 cumulative new recurring payroll/pension/government ACH DD within90 days. Bonus within14 business days after qualification; open/in good standing.","https://www.ameriprise.com/products/ameriprise-bank/deposit-bonus","https://www.ameriprise.com/products/ameriprise-bank/deposit-bonus","2026-12-29","0","","Existing Ameriprise investment clients/employees; one per Group ID; no prior checking bonus.","2026-09-09","0.03","account_opening","https://www.ameriprise.com/products/ameriprise-bank/checking","2026-09-02","Model: cumulative required DD capital at assumed 0% for seven days per deposit, not a bank hold. Ancillary opening funds and account fees excluded; no assumed recycling. Exact checking rate table states all balances 0.03% APY, effective 09/02/2026; DD model still uses requested zero assumption.","2500","online","","unknown","","","","","","","","","","","unknown","","","","","",""
"ameriprise-savings-350","Ameriprise Bank","Savings","savings","false","35000","Open7/1–12/29/2026; eligible deposits totaling $25,000 within30 days. Maintain tier daily balance for90 calendar days after funding period (days31–120). Bonus within14 business days thereafter; remain open/good standing. External funds, qualifying brokerage pass-through and specified money-market redemptions eligible.","https://www.ameriprise.com/products/ameriprise-bank/deposit-bonus","https://www.ameriprise.com/products/ameriprise-bank/deposit-bonus","2026-12-29","0","","Existing Ameriprise investment clients/employees; one savings bonus per Group ID; no prior savings bonus.","2026-09-09","3.05","account_opening","https://www.ameriprise.com/products/ameriprise-bank/savings","2026-09-02","Latest-funding30 to withdrawal121 models91 elapsed interest days; bank maintenance31–120 is90 days. Checking separate; no combined incentive added.","10000","online","","unknown","","","","","","","","","","","unknown","","","","","",""
"ameriprise-savings-650","Ameriprise Bank","Savings","savings","false","65000","Open7/1–12/29/2026; eligible deposits totaling $50,000 within30 days. Maintain tier daily balance for90 calendar days after funding period (days31–120). Bonus within14 business days thereafter; remain open/good standing. External funds, qualifying brokerage pass-through and specified money-market redemptions eligible.","https://www.ameriprise.com/products/ameriprise-bank/deposit-bonus","https://www.ameriprise.com/products/ameriprise-bank/deposit-bonus","2026-12-29","0","","Existing Ameriprise investment clients/employees; one savings bonus per Group ID; no prior savings bonus.","2026-09-09","3.05","account_opening","https://www.ameriprise.com/products/ameriprise-bank/savings","2026-09-02","Latest-funding30 to withdrawal121 models91 elapsed interest days; bank maintenance31–120 is90 days. Checking separate; no combined incentive added.","10000","online","","unknown","","","","","","","","","","","unknown","","","","","",""
"ameriprise-savings-1000","Ameriprise Bank","Savings","savings","false","100000","Open7/1–12/29/2026; eligible deposits totaling $100,000 within30 days. Maintain tier daily balance for90 calendar days after funding period (days31–120). Bonus within14 business days thereafter; remain open/good standing. External funds, qualifying brokerage pass-through and specified money-market redemptions eligible.","https://www.ameriprise.com/products/ameriprise-bank/deposit-bonus","https://www.ameriprise.com/products/ameriprise-bank/deposit-bonus","2026-12-29","0","","Existing Ameriprise investment clients/employees; one savings bonus per Group ID; no prior savings bonus.","2026-09-09","3.15","account_opening","https://www.ameriprise.com/products/ameriprise-bank/savings","2026-09-02","Latest-funding30 to withdrawal121 models91 elapsed interest days; bank maintenance31–120 is90 days. Checking separate; no combined incentive added.","10000","online","","unknown","","","","","","","","","","","unknown","","","","","",""
"hsbc-premier-net-new-500","HSBC","Premier Net New Assets","other","false","50000","Existing Premier checking as of8/31/2026. Add $50,000 net new assets to eligible Premier checking/savings, Managed Portfolio or Spectrum by12/31/2026. Both eligible-account balance and baseline must increase by tier; maintain net increase through3/31/2027. Opt into marketing by3/31 and remain opted in/checking open through5/31/2027 payout. Lowest maintained increase sets tier.","https://www.us.hsbc.com/checking-accounts/campaigns/premier-relationship/offer/","https://www.us.hsbc.com/checking-accounts/campaigns/premier-relationship/offer/","2026-12-31","5000","Premier$50 waived with$100,000 qualifying combined balances, $5,000 monthly recurring DD or qualifying mortgage; special new account waiver. Repeated unqualified fees risk closure.","Existing8/31 Premier primary owner18+; Private Bank excluded. New Customer/Share Experience participants excluded. Funds cannot serve other offers except expressly allowed New-to-Wealth managed offer.","2026-09-09","","","","","Required_balance is known NEW-ASSET leg, not total baseline. Total required funding blank because existing baseline/eligible balances must also be preserved. Eligible deposits can avoid investments; no APY guessed. Investment-only wealth rewards excluded from this checking/savings candidate.","","online","","unknown","","","","unknown","","","","","","","unknown","","","","$50,000.00: Incremental net-new-assets tier only; not entire maintained baseline or opening deposit Tier-specific new-assets amount confirmed in directly fetched current HTML. Complete capital remains customer-specific because both Eligible Account Balance and starting Baseline Balance must increase. Repeat extraction returned a conflicting March/June 2026 campaign and search a June/August campaign; rendered browser exposed only disclaimer text and legal footnote tokens did not resolve. No campaign replacement or deadline change proposed; retain explicit unknown.","https://www.us.hsbc.com/checking-accounts/campaigns/premier-relationship/offer/","2026-09-22"
"hsbc-premier-net-new-1500","HSBC","Premier Net New Assets","other","false","150000","Existing Premier checking as of8/31/2026. Add $150,000 net new assets to eligible Premier checking/savings, Managed Portfolio or Spectrum by12/31/2026. Both eligible-account balance and baseline must increase by tier; maintain net increase through3/31/2027. Opt into marketing by3/31 and remain opted in/checking open through5/31/2027 payout. Lowest maintained increase sets tier.","https://www.us.hsbc.com/checking-accounts/campaigns/premier-relationship/offer/","https://www.us.hsbc.com/checking-accounts/campaigns/premier-relationship/offer/","2026-12-31","5000","Premier$50 waived with$100,000 qualifying combined balances, $5,000 monthly recurring DD or qualifying mortgage; special new account waiver. Repeated unqualified fees risk closure.","Existing8/31 Premier primary owner18+; Private Bank excluded. New Customer/Share Experience participants excluded. Funds cannot serve other offers except expressly allowed New-to-Wealth managed offer.","2026-09-09","","","","","Required_balance is known NEW-ASSET leg, not total baseline. Total required funding blank because existing baseline/eligible balances must also be preserved. Eligible deposits can avoid investments; no APY guessed. Investment-only wealth rewards excluded from this checking/savings candidate.","","online","","unknown","","","","unknown","","","","","","","unknown","","","","$150,000.00: Incremental net-new-assets tier only; not entire maintained baseline or opening deposit Tier-specific new-assets amount confirmed in directly fetched current HTML. Complete capital remains customer-specific because both Eligible Account Balance and starting Baseline Balance must increase. Repeat extraction returned a conflicting March/June 2026 campaign and search a June/August campaign; rendered browser exposed only disclaimer text and legal footnote tokens did not resolve. No campaign replacement or deadline change proposed; retain explicit unknown.","https://www.us.hsbc.com/checking-accounts/campaigns/premier-relationship/offer/","2026-09-22"
"hsbc-premier-net-new-2500","HSBC","Premier Net New Assets","other","false","250000","Existing Premier checking as of8/31/2026. Add $250,000 net new assets to eligible Premier checking/savings, Managed Portfolio or Spectrum by12/31/2026. Both eligible-account balance and baseline must increase by tier; maintain net increase through3/31/2027. Opt into marketing by3/31 and remain opted in/checking open through5/31/2027 payout. Lowest maintained increase sets tier.","https://www.us.hsbc.com/checking-accounts/campaigns/premier-relationship/offer/","https://www.us.hsbc.com/checking-accounts/campaigns/premier-relationship/offer/","2026-12-31","5000","Premier$50 waived with$100,000 qualifying combined balances, $5,000 monthly recurring DD or qualifying mortgage; special new account waiver. Repeated unqualified fees risk closure.","Existing8/31 Premier primary owner18+; Private Bank excluded. New Customer/Share Experience participants excluded. Funds cannot serve other offers except expressly allowed New-to-Wealth managed offer.","2026-09-09","","","","","Required_balance is known NEW-ASSET leg, not total baseline. Total required funding blank because existing baseline/eligible balances must also be preserved. Eligible deposits can avoid investments; no APY guessed. Investment-only wealth rewards excluded from this checking/savings candidate.","","online","","unknown","","","","unknown","","","","","","","unknown","","","","$250,000.00: Incremental net-new-assets tier only; not entire maintained baseline or opening deposit Tier-specific new-assets amount confirmed in directly fetched current HTML. Complete capital remains customer-specific because both Eligible Account Balance and starting Baseline Balance must increase. Repeat extraction returned a conflicting March/June 2026 campaign and search a June/August campaign; rendered browser exposed only disclaimer text and legal footnote tokens did not resolve. No campaign replacement or deadline change proposed; retain explicit unknown.","https://www.us.hsbc.com/checking-accounts/campaigns/premier-relationship/offer/","2026-09-22"
"hsbc-premier-net-new-3500","HSBC","Premier Net New Assets","other","false","350000","Existing Premier checking as of8/31/2026. Add $500,000 net new assets to eligible Premier checking/savings, Managed Portfolio or Spectrum by12/31/2026. Both eligible-account balance and baseline must increase by tier; maintain net increase through3/31/2027. Opt into marketing by3/31 and remain opted in/checking open through5/31/2027 payout. Lowest maintained increase sets tier.","https://www.us.hsbc.com/checking-accounts/campaigns/premier-relationship/offer/","https://www.us.hsbc.com/checking-accounts/campaigns/premier-relationship/offer/","2026-12-31","5000","Premier$50 waived with$100,000 qualifying combined balances, $5,000 monthly recurring DD or qualifying mortgage; special new account waiver. Repeated unqualified fees risk closure.","Existing8/31 Premier primary owner18+; Private Bank excluded. New Customer/Share Experience participants excluded. Funds cannot serve other offers except expressly allowed New-to-Wealth managed offer.","2026-09-09","","","","","Required_balance is known NEW-ASSET leg, not total baseline. Total required funding blank because existing baseline/eligible balances must also be preserved. Eligible deposits can avoid investments; no APY guessed. Investment-only wealth rewards excluded from this checking/savings candidate.","","online","","unknown","","","","unknown","","","","","","","unknown","","","","$500,000.00: Incremental net-new-assets tier only; not entire maintained baseline or opening deposit Tier-specific new-assets amount confirmed in directly fetched current HTML. Complete capital remains customer-specific because both Eligible Account Balance and starting Baseline Balance must increase. Repeat extraction returned a conflicting March/June 2026 campaign and search a June/August campaign; rendered browser exposed only disclaimer text and legal footnote tokens did not resolve. No campaign replacement or deadline change proposed; retain explicit unknown.","https://www.us.hsbc.com/checking-accounts/campaigns/premier-relationship/offer/","2026-09-22"
"hsbc-premier-net-new-7000","HSBC","Premier Net New Assets","other","false","700000","Existing Premier checking as of8/31/2026. Add $1,000,000 net new assets to eligible Premier checking/savings, Managed Portfolio or Spectrum by12/31/2026. Both eligible-account balance and baseline must increase by tier; maintain net increase through3/31/2027. Opt into marketing by3/31 and remain opted in/checking open through5/31/2027 payout. Lowest maintained increase sets tier.","https://www.us.hsbc.com/checking-accounts/campaigns/premier-relationship/offer/","https://www.us.hsbc.com/checking-accounts/campaigns/premier-relationship/offer/","2026-12-31","5000","Premier$50 waived with$100,000 qualifying combined balances, $5,000 monthly recurring DD or qualifying mortgage; special new account waiver. Repeated unqualified fees risk closure.","Existing8/31 Premier primary owner18+; Private Bank excluded. New Customer/Share Experience participants excluded. Funds cannot serve other offers except expressly allowed New-to-Wealth managed offer.","2026-09-09","","","","","Required_balance is known NEW-ASSET leg, not total baseline. Total required funding blank because existing baseline/eligible balances must also be preserved. Eligible deposits can avoid investments; no APY guessed. Investment-only wealth rewards excluded from this checking/savings candidate.","","online","","unknown","","","","unknown","","","","","","","unknown","","","","$1,000,000.00: Incremental net-new-assets tier only; not entire maintained baseline or opening deposit Tier-specific new-assets amount confirmed in directly fetched current HTML. Complete capital remains customer-specific because both Eligible Account Balance and starting Baseline Balance must increase. Repeat extraction returned a conflicting March/June 2026 campaign and search a June/August campaign; rendered browser exposed only disclaimer text and legal footnote tokens did not resolve. No campaign replacement or deadline change proposed; retain explicit unknown.","https://www.us.hsbc.com/checking-accounts/campaigns/premier-relationship/offer/","2026-09-22"
"hsbc-premier-net-new-10000","HSBC","Premier Net New Assets","other","false","1000000","Existing Premier checking as of8/31/2026. Add $2,500,000 net new assets to eligible Premier checking/savings, Managed Portfolio or Spectrum by12/31/2026. Both eligible-account balance and baseline must increase by tier; maintain net increase through3/31/2027. Opt into marketing by3/31 and remain opted in/checking open through5/31/2027 payout. Lowest maintained increase sets tier.","https://www.us.hsbc.com/checking-accounts/campaigns/premier-relationship/offer/","https://www.us.hsbc.com/checking-accounts/campaigns/premier-relationship/offer/","2026-12-31","5000","Premier$50 waived with$100,000 qualifying combined balances, $5,000 monthly recurring DD or qualifying mortgage; special new account waiver. Repeated unqualified fees risk closure.","Existing8/31 Premier primary owner18+; Private Bank excluded. New Customer/Share Experience participants excluded. Funds cannot serve other offers except expressly allowed New-to-Wealth managed offer.","2026-09-09","","","","","Required_balance is known NEW-ASSET leg, not total baseline. Total required funding blank because existing baseline/eligible balances must also be preserved. Eligible deposits can avoid investments; no APY guessed. Investment-only wealth rewards excluded from this checking/savings candidate.","","online","","unknown","","","","unknown","","","","","","","unknown","","","","$2,500,000.00: Incremental net-new-assets tier only; not entire maintained baseline or opening deposit Tier-specific new-assets amount confirmed in directly fetched current HTML. Complete capital remains customer-specific because both Eligible Account Balance and starting Baseline Balance must increase. Repeat extraction returned a conflicting March/June 2026 campaign and search a June/August campaign; rendered browser exposed only disclaimer text and legal footnote tokens did not resolve. No campaign replacement or deadline change proposed; retain explicit unknown.","https://www.us.hsbc.com/checking-accounts/campaigns/premier-relationship/offer/","2026-09-22"
"raisin-stack-10000-base","Raisin","STACK welcome","other","false","4000","New customer enter STACK at signup; initial deposit initiated9/1–9/30/2026. Reach $10,000 qualifying partner-bank deposits within14 days of initial deposit and maintain through90 days from initial deposit. Bonus credited to Cash Account within30 days of qualification. Tier alternatives, not additive.","https://www.raisin.com/en-us/stack","https://www.raisin.com/en-us/stack","2026-09-30","0","","New customers only; not combinable with other bonus offers. Partner-bank products, not Raisin bank deposits.","2026-09-09","","","","","No Topcashback/referral included. Initial-deposit anchor unsupported by schema; opening-relative endpoints blank. APY and safe withdrawal depend on selected savings/CD products; no advertised maximum rate assumed. Boost $1,000 versus OVER$1,000 wording preserved; use more than$1,000 each without increasing overall qualifying tier capital. First-party STACK legal cash schedule controls conflicting marketing-image alt totals; no other offer may be combined under stated terms.","","online","","unknown","","","","","","","","","","","no","https://www.doctorofcredit.com/raisin-up-to-200-savings-bonus-referral-savebetter/#comment-2145767","2026-09-24","Raisin doesn’t use Chex. DoC reader datapoints (article field unknown or absent), 2025-09-16. DoC Raisin article has no ChexSystems field; commenters consistently report Raisin doesn't pull Chex (applied with Chex frozen). Secondary reported screening, not a bank guarantee.","","",""
"raisin-stack-10000-boost","Raisin","STACK two-category","other","false","5000","New customer enter STACK at signup; initial deposit initiated9/1–9/30/2026. Reach $10,000 qualifying partner-bank deposits within14 days of initial deposit and maintain through90 days from initial deposit. Deposit at least$1,000 in a second qualifying product category within14 days and maintain OVER$1,000 in both categories through day90. Bonus credited to Cash Account within30 days of qualification. Tier alternatives, not additive.","https://www.raisin.com/en-us/stack","https://www.raisin.com/en-us/stack","2026-09-30","0","","New customers only; not combinable with other bonus offers. Partner-bank products, not Raisin bank deposits.","2026-09-09","","","","","No Topcashback/referral included. Initial-deposit anchor unsupported by schema; opening-relative endpoints blank. APY and safe withdrawal depend on selected savings/CD products; no advertised maximum rate assumed. Boost $1,000 versus OVER$1,000 wording preserved; use more than$1,000 each without increasing overall qualifying tier capital. First-party STACK legal cash schedule controls conflicting marketing-image alt totals; no other offer may be combined under stated terms.","","online","","unknown","","","","","","","","","","","no","https://www.doctorofcredit.com/raisin-up-to-200-savings-bonus-referral-savebetter/#comment-2145767","2026-09-24","Raisin doesn’t use Chex. DoC reader datapoints (article field unknown or absent), 2025-09-16. DoC Raisin article has no ChexSystems field; commenters consistently report Raisin doesn't pull Chex (applied with Chex frozen). Secondary reported screening, not a bank guarantee.","","",""
"raisin-stack-25000-base","Raisin","STACK welcome","other","false","10000","New customer enter STACK at signup; initial deposit initiated9/1–9/30/2026. Reach $25,000 qualifying partner-bank deposits within14 days of initial deposit and maintain through90 days from initial deposit. Bonus credited to Cash Account within30 days of qualification. Tier alternatives, not additive.","https://www.raisin.com/en-us/stack","https://www.raisin.com/en-us/stack","2026-09-30","0","","New customers only; not combinable with other bonus offers. Partner-bank products, not Raisin bank deposits.","2026-09-09","","","","","No Topcashback/referral included. Initial-deposit anchor unsupported by schema; opening-relative endpoints blank. APY and safe withdrawal depend on selected savings/CD products; no advertised maximum rate assumed. Boost $1,000 versus OVER$1,000 wording preserved; use more than$1,000 each without increasing overall qualifying tier capital. First-party STACK legal cash schedule controls conflicting marketing-image alt totals; no other offer may be combined under stated terms.","","online","","unknown","","","","","","","","","","","no","https://www.doctorofcredit.com/raisin-up-to-200-savings-bonus-referral-savebetter/#comment-2145767","2026-09-24","Raisin doesn’t use Chex. DoC reader datapoints (article field unknown or absent), 2025-09-16. DoC Raisin article has no ChexSystems field; commenters consistently report Raisin doesn't pull Chex (applied with Chex frozen). Secondary reported screening, not a bank guarantee.","","",""
"raisin-stack-25000-boost","Raisin","STACK two-category","other","false","12500","New customer enter STACK at signup; initial deposit initiated9/1–9/30/2026. Reach $25,000 qualifying partner-bank deposits within14 days of initial deposit and maintain through90 days from initial deposit. Deposit at least$1,000 in a second qualifying product category within14 days and maintain OVER$1,000 in both categories through day90. Bonus credited to Cash Account within30 days of qualification. Tier alternatives, not additive.","https://www.raisin.com/en-us/stack","https://www.raisin.com/en-us/stack","2026-09-30","0","","New customers only; not combinable with other bonus offers. Partner-bank products, not Raisin bank deposits.","2026-09-09","","","","","No Topcashback/referral included. Initial-deposit anchor unsupported by schema; opening-relative endpoints blank. APY and safe withdrawal depend on selected savings/CD products; no advertised maximum rate assumed. Boost $1,000 versus OVER$1,000 wording preserved; use more than$1,000 each without increasing overall qualifying tier capital. First-party STACK legal cash schedule controls conflicting marketing-image alt totals; no other offer may be combined under stated terms.","","online","","unknown","","","","","","","","","","","no","https://www.doctorofcredit.com/raisin-up-to-200-savings-bonus-referral-savebetter/#comment-2145767","2026-09-24","Raisin doesn’t use Chex. DoC reader datapoints (article field unknown or absent), 2025-09-16. DoC Raisin article has no ChexSystems field; commenters consistently report Raisin doesn't pull Chex (applied with Chex frozen). Secondary reported screening, not a bank guarantee.","","",""
"raisin-stack-50000-base","Raisin","STACK welcome","other","false","20000","New customer enter STACK at signup; initial deposit initiated9/1–9/30/2026. Reach $50,000 qualifying partner-bank deposits within14 days of initial deposit and maintain through90 days from initial deposit. Bonus credited to Cash Account within30 days of qualification. Tier alternatives, not additive.","https://www.raisin.com/en-us/stack","https://www.raisin.com/en-us/stack","2026-09-30","0","","New customers only; not combinable with other bonus offers. Partner-bank products, not Raisin bank deposits.","2026-09-09","","","","","No Topcashback/referral included. Initial-deposit anchor unsupported by schema; opening-relative endpoints blank. APY and safe withdrawal depend on selected savings/CD products; no advertised maximum rate assumed. Boost $1,000 versus OVER$1,000 wording preserved; use more than$1,000 each without increasing overall qualifying tier capital. First-party STACK legal cash schedule controls conflicting marketing-image alt totals; no other offer may be combined under stated terms.","","online","","unknown","","","","","","","","","","","no","https://www.doctorofcredit.com/raisin-up-to-200-savings-bonus-referral-savebetter/#comment-2145767","2026-09-24","Raisin doesn’t use Chex. DoC reader datapoints (article field unknown or absent), 2025-09-16. DoC Raisin article has no ChexSystems field; commenters consistently report Raisin doesn't pull Chex (applied with Chex frozen). Secondary reported screening, not a bank guarantee.","","",""
"raisin-stack-50000-boost","Raisin","STACK two-category","other","false","25000","New customer enter STACK at signup; initial deposit initiated9/1–9/30/2026. Reach $50,000 qualifying partner-bank deposits within14 days of initial deposit and maintain through90 days from initial deposit. Deposit at least$1,000 in a second qualifying product category within14 days and maintain OVER$1,000 in both categories through day90. Bonus credited to Cash Account within30 days of qualification. Tier alternatives, not additive.","https://www.raisin.com/en-us/stack","https://www.raisin.com/en-us/stack","2026-09-30","0","","New customers only; not combinable with other bonus offers. Partner-bank products, not Raisin bank deposits.","2026-09-09","","","","","No Topcashback/referral included. Initial-deposit anchor unsupported by schema; opening-relative endpoints blank. APY and safe withdrawal depend on selected savings/CD products; no advertised maximum rate assumed. Boost $1,000 versus OVER$1,000 wording preserved; use more than$1,000 each without increasing overall qualifying tier capital. First-party STACK legal cash schedule controls conflicting marketing-image alt totals; no other offer may be combined under stated terms.","","online","","unknown","","","","","","","","","","","no","https://www.doctorofcredit.com/raisin-up-to-200-savings-bonus-referral-savebetter/#comment-2145767","2026-09-24","Raisin doesn’t use Chex. DoC reader datapoints (article field unknown or absent), 2025-09-16. DoC Raisin article has no ChexSystems field; commenters consistently report Raisin doesn't pull Chex (applied with Chex frozen). Secondary reported screening, not a bank guarantee.","","",""
"raisin-stack-100000-base","Raisin","STACK welcome","other","false","42500","New customer enter STACK at signup; initial deposit initiated9/1–9/30/2026. Reach $100,000 qualifying partner-bank deposits within14 days of initial deposit and maintain through90 days from initial deposit. Bonus credited to Cash Account within30 days of qualification. Tier alternatives, not additive.","https://www.raisin.com/en-us/stack","https://www.raisin.com/en-us/stack","2026-09-30","0","","New customers only; not combinable with other bonus offers. Partner-bank products, not Raisin bank deposits.","2026-09-09","","","","","No Topcashback/referral included. Initial-deposit anchor unsupported by schema; opening-relative endpoints blank. APY and safe withdrawal depend on selected savings/CD products; no advertised maximum rate assumed. Boost $1,000 versus OVER$1,000 wording preserved; use more than$1,000 each without increasing overall qualifying tier capital. First-party STACK legal cash schedule controls conflicting marketing-image alt totals; no other offer may be combined under stated terms.","","online","","unknown","","","","","","","","","","","no","https://www.doctorofcredit.com/raisin-up-to-200-savings-bonus-referral-savebetter/#comment-2145767","2026-09-24","Raisin doesn’t use Chex. DoC reader datapoints (article field unknown or absent), 2025-09-16. DoC Raisin article has no ChexSystems field; commenters consistently report Raisin doesn't pull Chex (applied with Chex frozen). Secondary reported screening, not a bank guarantee.","","",""
"raisin-stack-100000-boost","Raisin","STACK two-category","other","false","50000","New customer enter STACK at signup; initial deposit initiated9/1–9/30/2026. Reach $100,000 qualifying partner-bank deposits within14 days of initial deposit and maintain through90 days from initial deposit. Deposit at least$1,000 in a second qualifying product category within14 days and maintain OVER$1,000 in both categories through day90. Bonus credited to Cash Account within30 days of qualification. Tier alternatives, not additive.","https://www.raisin.com/en-us/stack","https://www.raisin.com/en-us/stack","2026-09-30","0","","New customers only; not combinable with other bonus offers. Partner-bank products, not Raisin bank deposits.","2026-09-09","","","","","No Topcashback/referral included. Initial-deposit anchor unsupported by schema; opening-relative endpoints blank. APY and safe withdrawal depend on selected savings/CD products; no advertised maximum rate assumed. Boost $1,000 versus OVER$1,000 wording preserved; use more than$1,000 each without increasing overall qualifying tier capital. First-party STACK legal cash schedule controls conflicting marketing-image alt totals; no other offer may be combined under stated terms.","","online","","unknown","","","","","","","","","","","no","https://www.doctorofcredit.com/raisin-up-to-200-savings-bonus-referral-savebetter/#comment-2145767","2026-09-24","Raisin doesn’t use Chex. DoC reader datapoints (article field unknown or absent), 2025-09-16. DoC Raisin article has no ChexSystems field; commenters consistently report Raisin doesn't pull Chex (applied with Chex frozen). Secondary reported screening, not a bank guarantee.","","",""
"raisin-stack-200000-base","Raisin","STACK welcome","other","false","90000","New customer enter STACK at signup; initial deposit initiated9/1–9/30/2026. Reach $200,000 qualifying partner-bank deposits within14 days of initial deposit and maintain through90 days from initial deposit. Bonus credited to Cash Account within30 days of qualification. Tier alternatives, not additive.","https://www.raisin.com/en-us/stack","https://www.raisin.com/en-us/stack","2026-09-30","0","","New customers only; not combinable with other bonus offers. Partner-bank products, not Raisin bank deposits.","2026-09-09","","","","","No Topcashback/referral included. Initial-deposit anchor unsupported by schema; opening-relative endpoints blank. APY and safe withdrawal depend on selected savings/CD products; no advertised maximum rate assumed. Boost $1,000 versus OVER$1,000 wording preserved; use more than$1,000 each without increasing overall qualifying tier capital. First-party STACK legal cash schedule controls conflicting marketing-image alt totals; no other offer may be combined under stated terms.","","online","","unknown","","","","","","","","","","","no","https://www.doctorofcredit.com/raisin-up-to-200-savings-bonus-referral-savebetter/#comment-2145767","2026-09-24","Raisin doesn’t use Chex. DoC reader datapoints (article field unknown or absent), 2025-09-16. DoC Raisin article has no ChexSystems field; commenters consistently report Raisin doesn't pull Chex (applied with Chex frozen). Secondary reported screening, not a bank guarantee.","","",""
"raisin-stack-200000-boost","Raisin","STACK two-category","other","false","100000","New customer enter STACK at signup; initial deposit initiated9/1–9/30/2026. Reach $200,000 qualifying partner-bank deposits within14 days of initial deposit and maintain through90 days from initial deposit. Deposit at least$1,000 in a second qualifying product category within14 days and maintain OVER$1,000 in both categories through day90. Bonus credited to Cash Account within30 days of qualification. Tier alternatives, not additive.","https://www.raisin.com/en-us/stack","https://www.raisin.com/en-us/stack","2026-09-30","0","","New customers only; not combinable with other bonus offers. Partner-bank products, not Raisin bank deposits.","2026-09-09","","","","","No Topcashback/referral included. Initial-deposit anchor unsupported by schema; opening-relative endpoints blank. APY and safe withdrawal depend on selected savings/CD products; no advertised maximum rate assumed. Boost $1,000 versus OVER$1,000 wording preserved; use more than$1,000 each without increasing overall qualifying tier capital. First-party STACK legal cash schedule controls conflicting marketing-image alt totals; no other offer may be combined under stated terms.","","online","","unknown","","","","","","","","","","","no","https://www.doctorofcredit.com/raisin-up-to-200-savings-bonus-referral-savebetter/#comment-2145767","2026-09-24","Raisin doesn’t use Chex. DoC reader datapoints (article field unknown or absent), 2025-09-16. DoC Raisin article has no ChexSystems field; commenters consistently report Raisin doesn't pull Chex (applied with Chex frozen). Secondary reported screening, not a bank guarantee.","","",""
"chase-business-complete-400","Chase","Business Complete Checking","checking","true","40000","Open using offer by10/15/2026; deposit $2,000 new money within30 days of offer enrollment and maintain tier balance for60 days from enrollment. Complete5 qualifying transactions within90 days (ACH credits/check deposits/debit purchases/wires/bill pay/QuickAccept). Bonus within15 days after qualification; remain open/unrestricted.","https://account.chase.com/business/business-checking-offer","https://account.chase.com/business/business-checking-offer","2026-10-15","1500","$2,000 daily ending balance is one waiver option; linked qualifying personal account/military/qualifying payment or card activity alternatives.","No existing Chase business checking; signers one offer every2 years; government/political/employee exclusions; closure restrictions apply.","2026-09-09","","coupon_enrollment","","","Deposit deadline30 to after day60 models31 days; APY unverified. Enrollment anchor, not opening. $750 not offered on current page. Qualifying funding credits can serve transactions; no arbitrary spend capital added.","","online","","unknown","","","","","","","","","","","no","https://www.doctorofcredit.com/banks-credit-unions-dodont-pull-chexsystems/","2026-09-24","Business doesn’t pull: 1, 2, 3, 4, DoC ChexSystems do/don't-pull list or quoted bank terms, 2026-09-13. From the Chase entry under 'Banks & Credit Unions That Don’t Pull Your ChexSystems' on DoC's Chex list page (updated 2026-09-13). The Chase business checking bonus post has no Chex field, and I found no Chex-pull reports in its comments. Secondary reported screening, not a bank guarantee.","","",""
"chase-business-complete-500","Chase","Business Complete Checking","checking","true","50000","Open using offer by10/15/2026; deposit $10,000 new money within30 days of offer enrollment and maintain tier balance for60 days from enrollment. Complete5 qualifying transactions within90 days (ACH credits/check deposits/debit purchases/wires/bill pay/QuickAccept). Bonus within15 days after qualification; remain open/unrestricted.","https://account.chase.com/business/business-checking-offer","https://account.chase.com/business/business-checking-offer","2026-10-15","1500","$2,000 daily ending balance is one waiver option; linked qualifying personal account/military/qualifying payment or card activity alternatives.","No existing Chase business checking; signers one offer every2 years; government/political/employee exclusions; closure restrictions apply.","2026-09-09","","coupon_enrollment","","","Deposit deadline30 to after day60 models31 days; APY unverified. Enrollment anchor, not opening. $750 not offered on current page. Qualifying funding credits can serve transactions; no arbitrary spend capital added.","","online","","unknown","","","","","","","","","","","no","https://www.doctorofcredit.com/banks-credit-unions-dodont-pull-chexsystems/","2026-09-24","Business doesn’t pull: 1, 2, 3, 4, DoC ChexSystems do/don't-pull list or quoted bank terms, 2026-09-13. From the Chase entry under 'Banks & Credit Unions That Don’t Pull Your ChexSystems' on DoC's Chex list page (updated 2026-09-13). The Chase business checking bonus post has no Chex field, and I found no Chex-pull reports in its comments. Secondary reported screening, not a bank guarantee.","","",""
"capital-one-business-500","Capital One","Basic Business Checking","checking","true","50000","Apply online using SBOFFER500. Deposit$5,000 external funds within30 days; maintain minimum EOD$5,000 for at least60 days within90 days. Complete10 qualifying electronic wire, remote check deposit, ACH or instant transfers within90 days. Payout60–90 days after all requirements; account in good standing.","https://www.capitalone.com/small-business/bank/bizchecking500/","https://www.capitalone.com/small-business/bank/bizchecking500/","","1500","Basic fee waived with$2,000 minimum balance; Enhanced alternative$35 fee/$25,000 waiver.","Online only; users on Capital One business checking open on/after1/1/2025 ineligible; one account per business; availability varies by area.","2026-09-09","","account_opening","","","No fixed expiry. Live DOM text verifies Earn $500. Exact60 qualifying dates depend on funding; earliest withdrawal and APY blank.","","online","","unknown","","","","","","","","","","","unknown","","","","","",""
"citi-business-checking-300","Citi","Business Streamlined or Flexible Checking","checking","true","30000","Open eligible business checking and ask specialist to enroll by10/6/2026. Deposit $5,000 New-to-Citibank available funds by day45; maintain tier daily balance days46–90 inclusive. May combine new checking and same-TIN IMMA. If day45 nonbusiness day, bank counts next business day. Bonus within30 days after end of qualifying month; open/good standing.","https://banking.citi.com/cbol/small-business/checking-offer/default.htm?BT_TX=1&ProspectID=A9EB4DD7652E425D9442D97BFC260582","https://banking.citi.com/cbol/small-business/checking-offer/default.htm?BT_TX=1&ProspectID=A9EB4DD7652E425D9442D97BFC260582","2026-10-06","","","New business checking or none within180 days; one bonus per independently operated business unique TIN. W9/W8 required; backup withholding ineligible.","2026-09-09","","account_opening","","","Nominal latest funding45 to withdrawal91=46 interest days; actual day45 can move to next business day. Account selection/allocation/APY unknown; do not apply IMMA3.82% to checking or $5,000 tier. Fees unverified.","","branch_only","","unknown","","","","","","","","","","","unknown","","","","","",""
"citi-business-checking-500","Citi","Business Streamlined or Flexible Checking","checking","true","50000","Open eligible business checking and ask specialist to enroll by10/6/2026. Deposit $20,000 New-to-Citibank available funds by day45; maintain tier daily balance days46–90 inclusive. May combine new checking and same-TIN IMMA. If day45 nonbusiness day, bank counts next business day. Bonus within30 days after end of qualifying month; open/good standing.","https://banking.citi.com/cbol/small-business/checking-offer/default.htm?BT_TX=1&ProspectID=A9EB4DD7652E425D9442D97BFC260582","https://banking.citi.com/cbol/small-business/checking-offer/default.htm?BT_TX=1&ProspectID=A9EB4DD7652E425D9442D97BFC260582","2026-10-06","","","New business checking or none within180 days; one bonus per independently operated business unique TIN. W9/W8 required; backup withholding ineligible.","2026-09-09","","account_opening","","","Nominal latest funding45 to withdrawal91=46 interest days; actual day45 can move to next business day. Account selection/allocation/APY unknown; do not apply IMMA3.82% to checking or $5,000 tier. Fees unverified.","","branch_only","","unknown","","","","","","","","","","","unknown","","","","","",""
"citi-business-checking-1000","Citi","Business Streamlined or Flexible Checking","checking","true","100000","Open eligible business checking and ask specialist to enroll by10/6/2026. Deposit $50,000 New-to-Citibank available funds by day45; maintain tier daily balance days46–90 inclusive. May combine new checking and same-TIN IMMA. If day45 nonbusiness day, bank counts next business day. Bonus within30 days after end of qualifying month; open/good standing.","https://banking.citi.com/cbol/small-business/checking-offer/default.htm?BT_TX=1&ProspectID=A9EB4DD7652E425D9442D97BFC260582","https://banking.citi.com/cbol/small-business/checking-offer/default.htm?BT_TX=1&ProspectID=A9EB4DD7652E425D9442D97BFC260582","2026-10-06","","","New business checking or none within180 days; one bonus per independently operated business unique TIN. W9/W8 required; backup withholding ineligible.","2026-09-09","","account_opening","","","Nominal latest funding45 to withdrawal91=46 interest days; actual day45 can move to next business day. Account selection/allocation/APY unknown; do not apply IMMA3.82% to checking or $5,000 tier. Fees unverified.","","branch_only","","unknown","","","","","","","","","","","unknown","","","","","",""
"citi-business-checking-1500","Citi","Business Streamlined or Flexible Checking","checking","true","150000","Open eligible business checking and ask specialist to enroll by10/6/2026. Deposit $100,000 New-to-Citibank available funds by day45; maintain tier daily balance days46–90 inclusive. May combine new checking and same-TIN IMMA. If day45 nonbusiness day, bank counts next business day. Bonus within30 days after end of qualifying month; open/good standing.","https://banking.citi.com/cbol/small-business/checking-offer/default.htm?BT_TX=1&ProspectID=A9EB4DD7652E425D9442D97BFC260582","https://banking.citi.com/cbol/small-business/checking-offer/default.htm?BT_TX=1&ProspectID=A9EB4DD7652E425D9442D97BFC260582","2026-10-06","","","New business checking or none within180 days; one bonus per independently operated business unique TIN. W9/W8 required; backup withholding ineligible.","2026-09-09","","account_opening","","","Nominal latest funding45 to withdrawal91=46 interest days; actual day45 can move to next business day. Account selection/allocation/APY unknown; do not apply IMMA3.82% to checking or $5,000 tier. Fees unverified.","","branch_only","","unknown","","","","","","","","","","","unknown","","","","","",""
"citi-business-checking-2000","Citi","Business Streamlined or Flexible Checking","checking","true","200000","Open eligible business checking and ask specialist to enroll by10/6/2026. Deposit $200,000 New-to-Citibank available funds by day45; maintain tier daily balance days46–90 inclusive. May combine new checking and same-TIN IMMA. If day45 nonbusiness day, bank counts next business day. Bonus within30 days after end of qualifying month; open/good standing.","https://banking.citi.com/cbol/small-business/checking-offer/default.htm?BT_TX=1&ProspectID=A9EB4DD7652E425D9442D97BFC260582","https://banking.citi.com/cbol/small-business/checking-offer/default.htm?BT_TX=1&ProspectID=A9EB4DD7652E425D9442D97BFC260582","2026-10-06","","","New business checking or none within180 days; one bonus per independently operated business unique TIN. W9/W8 required; backup withholding ineligible.","2026-09-09","","account_opening","","","Nominal latest funding45 to withdrawal91=46 interest days; actual day45 can move to next business day. Account selection/allocation/APY unknown; do not apply IMMA3.82% to checking or $5,000 tier. Fees unverified.","","branch_only","","unknown","","","","","","","","","","","unknown","","","","","",""
"us-bank-business-400","U.S. Bank","Business Essentials","checking","true","40000","Open by September 27, 2026 with code Q3DIG26. Deposit $5,000 external new money within 30 days and maintain daily balance through day 60. Six posted qualifying transactions within 60 days: debit, ACH, wire, Zelle, mobile check deposits, checks, business bill pay or Payment Solutions. Internal transfers/credit card transfers excluded. Bonus within 30 days after qualification month-end; keep account open with positive available balance.","https://www.usbank.com/splash/business-checking/business-checking-promo-var-4.html","https://www.usbank.com/splash/business-checking/business-checking-promo-var-4.html","2026-09-27","0","Essentials $0. Platinum waived with $25,000 average collected balance or other relationships. Alliance noninterest Gold monthly fee waived for new accounts opened on/after February 12, 2026.","One bonus per business. No existing business checking or closure within 12 months; employees excluded; no stacking. Confirm geographic application eligibility.","2026-09-09","","account_opening","","","Latest funding day30 through day60 inclusive: withdrawal61, 31 modeled days. APY not established for exact selected product; interest unknown. Bank next-business-day opening rule applies.","2500","online","","unknown","","","","","","","","","","","unknown","","","","","",""
"us-bank-business-1200","U.S. Bank","Platinum Business Checking","checking","true","120000","Open by September 27, 2026 with code Q3DIG26. Deposit $25,000 external new money within 30 days and maintain daily balance through day 60. Six posted qualifying transactions within 60 days: debit, ACH, wire, Zelle, mobile check deposits, checks, business bill pay or Payment Solutions. Internal transfers/credit card transfers excluded. Bonus within 30 days after qualification month-end; keep account open with positive available balance.","https://www.usbank.com/splash/business-checking/business-checking-promo-var-4.html","https://www.usbank.com/splash/business-checking/business-checking-promo-var-4.html","2026-09-27","3000","Essentials $0. Platinum waived with $25,000 average collected balance or other relationships. Alliance noninterest Gold monthly fee waived for new accounts opened on/after February 12, 2026.","One bonus per business. No existing business checking or closure within 12 months; employees excluded; no stacking. Confirm geographic application eligibility.","2026-09-09","","account_opening","","","Latest funding day30 through day60 inclusive: withdrawal61, 31 modeled days. APY not established for exact selected product; interest unknown. Bank next-business-day opening rule applies.","2500","online","","unknown","","","","","","","","","","","unknown","","","","","",""
"us-bank-business-900-state-farm","U.S. Bank","Gold Business Checking - State Farm alliance","checking","true","90000","Open by September 27, 2026 with code Q3SFC26 through State Farm digital application. Deposit $10,000 external new money within 30 days and maintain daily balance through day 60. Six posted qualifying transactions within 60 days: debit, ACH, wire, Zelle, mobile check deposits, checks, business bill pay or Payment Solutions. Internal transfers/credit card transfers excluded. Bonus within 30 days after qualification month-end; keep account open with positive available balance.","https://alliance.usbank.com/en-us/statefarm/splash/business/business-deposit-offer.html?ecid=SF_701634","https://alliance.usbank.com/en-us/statefarm/splash/business/business-deposit-offer.html?ecid=SF_701634","2026-09-27","2000","Essentials $0. Platinum waived with $25,000 average collected balance or other relationships. Alliance noninterest Gold monthly fee waived for new accounts opened on/after February 12, 2026.","One bonus per business. No existing business checking or closure within 12 months; employees excluded; no stacking. Must use State Farm alliance digital application; confirm alliance eligibility before applying.","2026-09-09","","account_opening","","","Latest funding day30 through day60 inclusive: withdrawal61, 31 modeled days. APY not established for exact selected product; interest unknown. Bank next-business-day opening rule applies.","2500","online","","unknown","","","","","","","","","","","unknown","","","","","",""
"us-bank-business-1500-state-farm","U.S. Bank","Platinum Business Checking - State Farm alliance","checking","true","150000","Open by September 27, 2026 with code Q3SFC26 through State Farm digital application. Deposit $25,000 external new money within 30 days and maintain daily balance through day 60. Six posted qualifying transactions within 60 days: debit, ACH, wire, Zelle, mobile check deposits, checks, business bill pay or Payment Solutions. Internal transfers/credit card transfers excluded. Bonus within 30 days after qualification month-end; keep account open with positive available balance.","https://alliance.usbank.com/en-us/statefarm/splash/business/business-deposit-offer.html?ecid=SF_701634","https://alliance.usbank.com/en-us/statefarm/splash/business/business-deposit-offer.html?ecid=SF_701634","2026-09-27","3000","Essentials $0. Platinum waived with $25,000 average collected balance or other relationships. Alliance noninterest Gold monthly fee waived for new accounts opened on/after February 12, 2026.","One bonus per business. No existing business checking or closure within 12 months; employees excluded; no stacking. Must use State Farm alliance digital application; confirm alliance eligibility before applying.","2026-09-09","","account_opening","","","Latest funding day30 through day60 inclusive: withdrawal61, 31 modeled days. APY not established for exact selected product; interest unknown. Bank next-business-day opening rule applies.","2500","online","","unknown","","","","","","","","","","","unknown","","","","","",""
"bluevine-business-nw500","Bluevine / Coastal Community Bank","Business Checking Standard - NW500","checking","true","50000","Apply with NW500 by September 30, 2026. Deposit $5,000 within 30 days; maintain $5,000 minimum daily balance for next 90 days. Every 30 days for those 90 days, receive $5,000 eligible merchant deposits OR send $5,000 payroll via eligible provider OR spend $2,000 eligible Bluevine debit/credit card purchases. Keep account eligible for payout.","https://www.bluevine.com/partner/nw300-checking","https://www.bluevine.com/partner/nw300-checking","2026-09-30","0","","New Bluevine account; U.S.-registered businesses in supported countries, approval required. One partner offer, no stacking assumed.","2026-09-09","","account_opening","","","Known $5,000 balance leg plus three $2,000 spending periods OR other cashflow activities. Total capital unknown; do not equate $5,000 alone to denominator. Standard 1.3% APY is conditional; applicable qualification across whole period not verified, so APY blank.","","online","","unknown","","","","unknown","","","","","","","no","https://www.doctorofcredit.com/bluevine-business-checking-300-bonus/","2026-09-24","ChexSystems: No DoC article ChexSystems field, 2025-10-17. DoC business checking article; comments (2024) also report no Chex pull, and DoC's Chex list puts BlueVine under 'Does not pull'. Secondary reported screening, not a bank guarantee.","$5,000.00: Minimum daily account balance day31 through120. $2,000.00: Each 30-day period for 90 days; current legal names debit Mastercard only. $5,000.00: Alternative monthly business activity; merchant receipts or outgoing payroll, not personal DD. Current rendered legal ends January 31, 2027 and specifies debit Mastercard only, while stored September 30 campaign permits debit/credit; campaign-version conflict unresolved. Known balance and activity legs retained, but no definitive total/overlap or current stored-campaign certification. Preserve expiry and unrelated fields for separate reconciliation.","https://www.bluevine.com/partner/nw300-checking","2026-09-22"
"simmons-business-bc2-300","Simmons Bank","Business Core Checking - BC2 ($7,500 tier)","checking","true","30000","Open at Lockwood or Stockton Missouri branch August 17–September 30, 2026 with BC2. Enroll and access online banking at least every 90 days. Maintain $7,500 average daily balance in three of first five statement cycles for maximum reward; each cycle pays 100 dollars on statement date. First partial calendar month counts. Keep open/good standing through payout.","https://www.simmonsbank.com/business-offer","https://www.simmonsbank.com/business-offer","2026-09-30","1000","$10 monthly maintenance fee waived by a $1,500 minimum daily balance each day of the month or an eligible open business loan; separate $5 paper statement fee avoided with eStatements. Simmons Business Core Checking page checked 2026-09-23.","Exclusive to Lockwood and Stockton MO branches. Received specified code; no listed eligible Simmons business checking as of August17,2026. Public funds, trusts, financial institutions and PACs excluded. Up to $900 per rolling12 months across relationships; no stacking except separate referral program.","2026-09-09","","account_opening","","","Three maximum cash tiers, not nine additive bonuses. Specific statement calendar/opening needed for latest-funding and withdrawal dates; do not turn three cycles into 90 days. APY unverified; money-market 4% offer is not this checking account and has no cash bonus.","5000","branch_only","","unknown","","","","","","","","","","","unknown","","","","","",""
"simmons-business-bc2-450","Simmons Bank","Business Core Checking - BC2 ($10,000 tier)","checking","true","45000","Open at Lockwood or Stockton Missouri branch August 17–September 30, 2026 with BC2. Enroll and access online banking at least every 90 days. Maintain $10,000 average daily balance in three of first five statement cycles for maximum reward; each cycle pays 150 dollars on statement date. First partial calendar month counts. Keep open/good standing through payout.","https://www.simmonsbank.com/business-offer","https://www.simmonsbank.com/business-offer","2026-09-30","1000","$10 monthly maintenance fee waived by a $1,500 minimum daily balance each day of the month or an eligible open business loan; separate $5 paper statement fee avoided with eStatements. Simmons Business Core Checking page checked 2026-09-23.","Exclusive to Lockwood and Stockton MO branches. Received specified code; no listed eligible Simmons business checking as of August17,2026. Public funds, trusts, financial institutions and PACs excluded. Up to $900 per rolling12 months across relationships; no stacking except separate referral program.","2026-09-09","","account_opening","","","Three maximum cash tiers, not nine additive bonuses. Specific statement calendar/opening needed for latest-funding and withdrawal dates; do not turn three cycles into 90 days. APY unverified; money-market 4% offer is not this checking account and has no cash bonus.","5000","branch_only","","unknown","","","","","","","","","","","unknown","","","","","",""
"simmons-business-bc2-900","Simmons Bank","Business Core Checking - BC2 ($15,000 tier)","checking","true","90000","Open at Lockwood or Stockton Missouri branch August 17–September 30, 2026 with BC2. Enroll and access online banking at least every 90 days. Maintain $15,000 average daily balance in three of first five statement cycles for maximum reward; each cycle pays 300 dollars on statement date. First partial calendar month counts. Keep open/good standing through payout.","https://www.simmonsbank.com/business-offer","https://www.simmonsbank.com/business-offer","2026-09-30","1000","$10 monthly maintenance fee waived by a $1,500 minimum daily balance each day of the month or an eligible open business loan; separate $5 paper statement fee avoided with eStatements. Simmons Business Core Checking page checked 2026-09-23.","Exclusive to Lockwood and Stockton MO branches. Received specified code; no listed eligible Simmons business checking as of August17,2026. Public funds, trusts, financial institutions and PACs excluded. Up to $900 per rolling12 months across relationships; no stacking except separate referral program.","2026-09-09","","account_opening","","","Three maximum cash tiers, not nine additive bonuses. Specific statement calendar/opening needed for latest-funding and withdrawal dates; do not turn three cycles into 90 days. APY unverified; money-market 4% offer is not this checking account and has no cash bonus.","5000","branch_only","","unknown","","","","","","","","","","","unknown","","","","","",""
"fnbo-free-business-250","FNBO","Free Business Checking","checking","true","25000","Open by December31,2026 with 250BIZ. Within 31 calendar days beginning opening day, receive $1,000 qualifying deposits OR post and clear 10 qualifying debit purchases. Eligible deposits: electronic ACH or cash/check in branch; transfers from bank/brokerage accounts, P2P and internal transfers excluded. Bonus within31 days after qualification determination; account open/good standing.","https://www.fnbo.com/pages/business-banking/business-checking","https://www.fnbo.com/pages/business-banking/business-checking","2026-12-31","0","","New Free Business Checking customers: no open Free Business, Premium or Analyzed Checking; one per business/Tax ID. FNBO-served counties, online or branch.","2026-09-09","0","","https://www.fnbo.com/content/dam/fnbo/documents/terms/business-free-premium-checking-disclosure.pdf","2026-09-09","Uses cumulative $1,000 deposit route, not an employer DD requirement and no verified balance lock; withdrawal endpoints unknown; APY 0 verified from exact FNBO disclosure. Alternative 10 purchases has no numeric minimum spend and is not a second cash reward. Exact Free Business Checking product page explicitly states no minimum deposit to open; opening capital zero.","0","online","","unknown","","","","","","","","","","","yes","https://www.doctorofcredit.com/il-ne-ks-tx-co-in-branch-fnbo-bank-250-business-checking-bonus/","2026-09-24","Tried to open in a branch but pulled Chex and denied me for recent inquiries (LOL/6). DoC reader datapoints (article field unknown or absent), 2025-09-25. The business article field says 'Unknown, sensitive'. New applicants report Chex pulls; existing customers report opening with Chex frozen and no pull, and DoC's Chex list has FNBO under 'Does pull'. Secondary reported screening, not a bank guarantee.","","",""
"grasshopper-business-referral-200","Grasshopper Bank","Business checking - referred new business","checking","true","20000","Obtain eligible existing customer unique referral code before account opening. Referred business must have $2,000 balance on day90; open and good standing throughout90-day qualification. Bonus within15 days of following month after qualification.","https://www.grasshopper.bank/refer-a-business/","https://www.grasshopper.bank/refer-a-business/","","","","New client with no prior Grasshopper personal/business account. Sole proprietors excluded. No self-referral or common ownership; referrer active90+ days and good standing. One reward per referred business.","2026-09-09","","account_opening","","","Day90 snapshot, NOT 90-day full-balance hold. Latest deposit day90, conservative withdrawal day91; APY not verified for exact eligible account; no additional referrer reward included.","","online","","unknown","","","90","","","","","","","","no","https://www.doctorofcredit.com/grasshopper-200-business-checking-referral-bonus/","2026-09-24","ChexSystems: Doesn’t pull DoC article ChexSystems field, 2025-12-15. Business referral post; the July 2026 business checking post has the same field and comments confirm no Chex inquiry. Secondary reported screening, not a bank guarantee.","","",""
"found-business-nav-125","Found / Lead Bank","Business account - NAV","checking","true","12500","Open through NAV page or code NAV by December31,2026. Deposit $5,000 within30 days of creation and maintain for30 days. Reward within30 days of completing requirements.","https://found.com/nav-promo","https://found.com/nav-promo","2026-12-31","0","","New customers only; Found fintech, Lead Bank deposit account; no stacking assumed.","2026-09-09","0","account_opening","https://found.com/legal/lead-account-terms","2026-07-14","30-day deposit-relative hold; exact inclusive endpoint not specified. Current Lead Bank account terms explicitly non-interest-bearing; older LendingClub terms not used.","","online","","unknown","","","","","","","","","","","no","https://www.doctorofcredit.com/found-125-business-checking-bonus/","2026-09-24","ChexSystems: No DoC article ChexSystems field, 2026-06-11. DoC article says No; comments report applying with Chex frozen and no inquiry on disclosure; also on DoC Chex list under 'Don’t Pull'. Secondary reported screening, not a bank guarantee.","","",""
"found-business-1800accountant-250","Found / Lead Bank","Business account - 1800ACCOUNTANT $250","checking","true","25000","Open through matching offer page or 1800ACCOUNTANT by December31,2026. Receive $2,500 eligible platform deposits from Stripe or Square. Account must remain good standing; deposits reversed/disputed/fraudulent excluded. Faire $500 total includes first $250, not additive.","https://found.com/1800accountant","https://found.com/1800accountant","2026-12-31","0","","New customers; over18, Found account/card and partner-code conditions. Genuine platform earnings required; ordinary transfers do not qualify.","2026-09-09","0","account_opening","https://found.com/legal/lead-account-terms","2026-07-14","Cumulative required electronic business-income deposits modeled at requested0% for7 days each, never recycled. Actual current Lead Bank APY verified zero. No per-deposit minimum/count stated. The 1800ACCOUNTANT page does not state a completion deadline. Do not stack partner codes.","","online","","unknown","","","","","","","","","","","no","https://www.doctorofcredit.com/found-125-business-checking-bonus/","2026-09-24","ChexSystems: No DoC article ChexSystems field, 2026-06-11. DoC article says No; comments report applying with Chex frozen and no inquiry on disclosure; also on DoC Chex list under 'Don’t Pull'. Secondary reported screening, not a bank guarantee.","","",""
"found-business-mileiq-200","Found / Lead Bank","Business account - MILEIQ $200","checking","true","20000","Open through matching offer page or MILEIQ by December31,2026. Receive $2,000 eligible platform deposits from eligible business-income platforms within60 days of account creation. Account must remain good standing; deposits reversed/disputed/fraudulent excluded. Faire $500 total includes first $250, not additive.","https://found.com/mileiq","https://found.com/mileiq","2026-12-31","0","","New customers; over18, Found account/card and partner-code conditions. Genuine platform earnings required; ordinary transfers do not qualify.","2026-09-09","0","account_opening","https://found.com/legal/lead-account-terms","2026-07-14","Cumulative required electronic business-income deposits modeled at requested0% for7 days each, never recycled. Actual current Lead Bank APY verified zero. No per-deposit minimum/count stated. The 1800ACCOUNTANT page does not state a completion deadline. Do not stack partner codes.","","online","","unknown","","","","","","","","","","","no","https://www.doctorofcredit.com/found-125-business-checking-bonus/","2026-09-24","ChexSystems: No DoC article ChexSystems field, 2026-06-11. DoC article says No; comments report applying with Chex frozen and no inquiry on disclosure; also on DoC Chex list under 'Don’t Pull'. Secondary reported screening, not a bank guarantee.","","",""
"found-business-faire500-250","Found / Lead Bank","Business account - FAIRE500 $250","checking","true","25000","Open through matching offer page or FAIRE500 by December31,2026. Receive $2,500 eligible platform deposits from Faire within60 days of account creation. Account must remain good standing; deposits reversed/disputed/fraudulent excluded. Faire $500 total includes first $250, not additive.","https://found.com/faire500","https://found.com/faire500","2026-12-31","0","","New customers; over18, Found account/card and partner-code conditions. Genuine platform earnings required; ordinary transfers do not qualify.","2026-09-09","0","account_opening","https://found.com/legal/lead-account-terms","2026-07-14","Cumulative required electronic business-income deposits modeled at requested0% for7 days each, never recycled. Actual current Lead Bank APY verified zero. No per-deposit minimum/count stated. The 1800ACCOUNTANT page does not state a completion deadline. Do not stack partner codes.","","online","","unknown","","","","","","","","","","","no","https://www.doctorofcredit.com/found-125-business-checking-bonus/","2026-09-24","ChexSystems: No DoC article ChexSystems field, 2026-06-11. DoC article says No; comments report applying with Chex frozen and no inquiry on disclosure; also on DoC Chex list under 'Don’t Pull'. Secondary reported screening, not a bank guarantee.","","",""
"found-business-faire500-500","Found / Lead Bank","Business account - FAIRE500 $500","checking","true","50000","Open through matching offer page or FAIRE500 by December31,2026. Receive $5,000 eligible platform deposits from Faire within60 days of account creation. Account must remain good standing; deposits reversed/disputed/fraudulent excluded. Faire $500 total includes first $250, not additive.","https://found.com/faire500","https://found.com/faire500","2026-12-31","0","","New customers; over18, Found account/card and partner-code conditions. Genuine platform earnings required; ordinary transfers do not qualify.","2026-09-09","0","account_opening","https://found.com/legal/lead-account-terms","2026-07-14","Cumulative required electronic business-income deposits modeled at requested0% for7 days each, never recycled. Actual current Lead Bank APY verified zero. No per-deposit minimum/count stated. The 1800ACCOUNTANT page does not state a completion deadline. Do not stack partner codes.","","online","","unknown","","","","","","","","","","","no","https://www.doctorofcredit.com/found-125-business-checking-bonus/","2026-09-24","ChexSystems: No DoC article ChexSystems field, 2026-06-11. DoC article says No; comments report applying with Chex frozen and no inquiry on disclosure; also on DoC Chex list under 'Don’t Pull'. Secondary reported screening, not a bank guarantee.","","",""
"citizens-business-300","Citizens Bank","Clearly Better Business Checking ($5,000 tier)","checking","true","30000","Open first Clearly Better Business or Business Advisor Checking July1–November30,2026. Make a single $5,000 new-money deposit and maintain until offer schedule date; five qualifying transactions in the two scheduled months. Obtain exact offer payment table for opening month before funding.","https://www.citizensbank.com/promo/business/checking/2025/earn-up-to-1500-a.aspx","https://www.citizensbank.com/promo/business/checking/2025/earn-up-to-1500-a.aspx","2026-11-30","0","","Targeted/nontransferable mailer restrictions reported by discovery; bank eligibility footnote not fully recovered. Branch eligibility is not guaranteed by discovery. Confirm eligible states/address and coupon.","2026-09-09","","account_opening","","","Input personal-offer URL includes literal encoded ellipsis and returns unrelated $400 personal campaign; not repaired or treated as business proof. Matching business page verifies amounts and campaign dates in extraction, but browser/curl Access Denied and extraction truncates payment table. Exact funding/withdrawal dates and APY remain unknown. Do not use personal link.","","branch_only","","unknown","","","","","","","","","","","unknown","","","","","",""
"citizens-business-500","Citizens Bank","Clearly Better Business Checking ($15,000 tier)","checking","true","50000","Open first Clearly Better Business or Business Advisor Checking July1–November30,2026. Make a single $15,000 new-money deposit and maintain until offer schedule date; five qualifying transactions in the two scheduled months. Obtain exact offer payment table for opening month before funding.","https://www.citizensbank.com/promo/business/checking/2025/earn-up-to-1500-a.aspx","https://www.citizensbank.com/promo/business/checking/2025/earn-up-to-1500-a.aspx","2026-11-30","0","","Targeted/nontransferable mailer restrictions reported by discovery; bank eligibility footnote not fully recovered. Branch eligibility is not guaranteed by discovery. Confirm eligible states/address and coupon.","2026-09-09","","account_opening","","","Input personal-offer URL includes literal encoded ellipsis and returns unrelated $400 personal campaign; not repaired or treated as business proof. Matching business page verifies amounts and campaign dates in extraction, but browser/curl Access Denied and extraction truncates payment table. Exact funding/withdrawal dates and APY remain unknown. Do not use personal link.","","branch_only","","unknown","","","","","","","","","","","unknown","","","","","",""
"citizens-business-750","Citizens Bank","Clearly Better Business Checking ($30,000 tier)","checking","true","75000","Open first Clearly Better Business or Business Advisor Checking July1–November30,2026. Make a single $30,000 new-money deposit and maintain until offer schedule date; five qualifying transactions in the two scheduled months. Obtain exact offer payment table for opening month before funding.","https://www.citizensbank.com/promo/business/checking/2025/earn-up-to-1500-a.aspx","https://www.citizensbank.com/promo/business/checking/2025/earn-up-to-1500-a.aspx","2026-11-30","0","","Targeted/nontransferable mailer restrictions reported by discovery; bank eligibility footnote not fully recovered. Branch eligibility is not guaranteed by discovery. Confirm eligible states/address and coupon.","2026-09-09","","account_opening","","","Input personal-offer URL includes literal encoded ellipsis and returns unrelated $400 personal campaign; not repaired or treated as business proof. Matching business page verifies amounts and campaign dates in extraction, but browser/curl Access Denied and extraction truncates payment table. Exact funding/withdrawal dates and APY remain unknown. Do not use personal link.","","branch_only","","unknown","","","","","","","","","","","unknown","","","","","",""
"citizens-business-1500","Citizens Bank","Clearly Better Business Checking ($100,000 tier)","checking","true","150000","Open first Clearly Better Business or Business Advisor Checking July1–November30,2026. Make a single $100,000 new-money deposit and maintain until offer schedule date; five qualifying transactions in the two scheduled months. Obtain exact offer payment table for opening month before funding.","https://www.citizensbank.com/promo/business/checking/2025/earn-up-to-1500-a.aspx","https://www.citizensbank.com/promo/business/checking/2025/earn-up-to-1500-a.aspx","2026-11-30","0","","Targeted/nontransferable mailer restrictions reported by discovery; bank eligibility footnote not fully recovered. Branch eligibility is not guaranteed by discovery. Confirm eligible states/address and coupon.","2026-09-09","","account_opening","","","Input personal-offer URL includes literal encoded ellipsis and returns unrelated $400 personal campaign; not repaired or treated as business proof. Matching business page verifies amounts and campaign dates in extraction, but browser/curl Access Denied and extraction truncates payment table. Exact funding/withdrawal dates and APY remain unknown. Do not use personal link.","","branch_only","","unknown","","","","","","","","","","","unknown","","","","","",""
"acnb-business-1000","ACNB Bank","Free Business Checking ($10,000 tier)","checking","true","100000","Open Free Business Checking in branch with Earn3000. Within60 days establish/log into online banking and eDocuments and establish Mastercard debit card with10 unique transactions. Maintain $10,000 average monthly balance for3 consecutive months following first statement cycle. Cash gift after verification.","https://www.acnb.com/earn2000","https://www.acnb.com/earn2000","","0","","New business checking, excludes existing ACNB/Traditions business checking and closure in12 months. No trusts/estates/government/municipalities. One gift per entity up to3 commonly owned entities. PA/MD branch footprint; approval required.","2026-09-09","","account_opening","","","Current first-party extraction adds $3,000 tier. Browser403; live eligibility should be reconfirmed. Calendar statement timing and APY unverified; three months not guessed as90 days.","","branch_only","","unknown","","","","","","","","","","","no","https://www.doctorofcredit.com/pa-md-only-acnb-1000-2000-checking-bonus/","2026-09-24","ChexSystems: Doesn’t pull DoC article ChexSystems field, 2026-03-08. DoC business checking article fine print says Chex not pulled; DoC Chex list also lists ACNB under 'Don’t Pull'. Some commenters ask about Chex sensitivity but no pull DPs reported. Secondary reported screening, not a bank guarantee.","","",""
"acnb-business-2000","ACNB Bank","Free Business Checking ($25,000 tier)","checking","true","200000","Open Free Business Checking in branch with Earn3000. Within60 days establish/log into online banking and eDocuments and establish Mastercard debit card with10 unique transactions. Maintain $25,000 average monthly balance for3 consecutive months following first statement cycle. Cash gift after verification.","https://www.acnb.com/earn2000","https://www.acnb.com/earn2000","","0","","New business checking, excludes existing ACNB/Traditions business checking and closure in12 months. No trusts/estates/government/municipalities. One gift per entity up to3 commonly owned entities. PA/MD branch footprint; approval required.","2026-09-09","","account_opening","","","Current first-party extraction adds $3,000 tier. Browser403; live eligibility should be reconfirmed. Calendar statement timing and APY unverified; three months not guessed as90 days.","","branch_only","","unknown","","","","","","","","","","","no","https://www.doctorofcredit.com/pa-md-only-acnb-1000-2000-checking-bonus/","2026-09-24","ChexSystems: Doesn’t pull DoC article ChexSystems field, 2026-03-08. DoC business checking article fine print says Chex not pulled; DoC Chex list also lists ACNB under 'Don’t Pull'. Some commenters ask about Chex sensitivity but no pull DPs reported. Secondary reported screening, not a bank guarantee.","","",""
"acnb-business-3000","ACNB Bank","Free Business Checking ($50,000 tier)","checking","true","300000","Open Free Business Checking in branch with Earn3000. Within60 days establish/log into online banking and eDocuments and establish Mastercard debit card with10 unique transactions. Maintain $50,000 average monthly balance for3 consecutive months following first statement cycle. Cash gift after verification.","https://www.acnb.com/earn2000","https://www.acnb.com/earn2000","","0","","New business checking, excludes existing ACNB/Traditions business checking and closure in12 months. No trusts/estates/government/municipalities. One gift per entity up to3 commonly owned entities. PA/MD branch footprint; approval required.","2026-09-09","","account_opening","","","Current first-party extraction adds $3,000 tier. Browser403; live eligibility should be reconfirmed. Calendar statement timing and APY unverified; three months not guessed as90 days.","","branch_only","","unknown","","","","","","","","","","","no","https://www.doctorofcredit.com/pa-md-only-acnb-1000-2000-checking-bonus/","2026-09-24","ChexSystems: Doesn’t pull DoC article ChexSystems field, 2026-03-08. DoC business checking article fine print says Chex not pulled; DoC Chex list also lists ACNB under 'Don’t Pull'. Some commenters ask about Chex sensitivity but no pull DPs reported. Secondary reported screening, not a bank guarantee.","","",""
"equity-business-biz1000","Equity Bank","Business Checking - Biz1000","checking","true","100000","Open/fund by September30,2026 and mention Biz1000 in branch. Receive $20,000 combined qualifying external deposits within60 days; activate and use debit card within60 days. Account active/good standing at payment approximately60 days after opening. Closure within180 days may recapture bonus and fees.","https://www.equitybank.com/biz1000/","https://www.equitybank.com/biz1000/","2026-09-30","","","New business accounts: no owner linked to business checking/savings in180 days. Only Kansas Andover/Augusta/Rose Hill/Wichita and Missouri Kirksville/Downing/La Plata/Macon/Memphis/Moberly locations. Employees/household excluded. One per business.","2026-09-09","","account_opening","","","Cumulative external deposits, no verified capital hold and no payroll DD requirement. Opening $100 may be required. Endpoints/APY blank; do not invent a60-day hold or recycle deposits.","10000","branch_only","","unknown","","","180","","","","","","","","unknown","","","","","",""
"bok-colorado-business-500","BOK Financial","Business Access ($5,000 tier)","checking","true","50000","Open by December31,2026. Deposit $5,000 external new money during first30 calendar days. Maintain average daily balance of that amount during following60-day Evaluation Phase. Bonus during next30 days if open/good standing.","https://www.bokfinancial.com/landing-pages/offers/colorado-business-checking-offer","https://www.bokfinancial.com/landing-pages/offers/colorado-business-checking-offer","2026-12-31","0","Access no monthly service fee, $3 paper fee optional. Advantage fee waived at$15,000 average collected or$30,000 combined; first3-month fee grace.","Colorado businesses, annual revenue at most$10million; new TIN not primary on existing affiliated-brand business checking. One bonus perTIN/EIN/SSN.","2026-09-09","","account_opening","","","Bank maintenance days31–90; latest funding day30 to safe withdrawal91 =61 modeled days. APY not established for selected account, interest unknown.","","online","","included_states","CO","Colorado businesses with annual revenue of at most $10 million.","","","","","","","","","unknown","","","","","",""
"bok-colorado-business-1000","BOK Financial","Business Advantage ($25,000 tier)","checking","true","100000","Open by December31,2026. Deposit $25,000 external new money during first30 calendar days. Maintain average daily balance of that amount during following60-day Evaluation Phase. Bonus during next30 days if open/good standing.","https://www.bokfinancial.com/landing-pages/offers/colorado-business-checking-offer","https://www.bokfinancial.com/landing-pages/offers/colorado-business-checking-offer","2026-12-31","3000","Access no monthly service fee, $3 paper fee optional. Advantage fee waived at$15,000 average collected or$30,000 combined; first3-month fee grace.","Colorado businesses, annual revenue at most$10million; new TIN not primary on existing affiliated-brand business checking. One bonus perTIN/EIN/SSN.","2026-09-09","","account_opening","","","Bank maintenance days31–90; latest funding day30 to safe withdrawal91 =61 modeled days. APY not established for selected account, interest unknown.","","online","","included_states","CO","Colorado businesses with annual revenue of at most $10 million.","","","","","","","","","unknown","","","","","",""
"bok-colorado-business-1500","BOK Financial","Business Advantage ($100,000 tier)","checking","true","150000","Open by December31,2026. Deposit $100,000 external new money during first30 calendar days. Maintain average daily balance of that amount during following60-day Evaluation Phase. Bonus during next30 days if open/good standing.","https://www.bokfinancial.com/landing-pages/offers/colorado-business-checking-offer","https://www.bokfinancial.com/landing-pages/offers/colorado-business-checking-offer","2026-12-31","3000","Access no monthly service fee, $3 paper fee optional. Advantage fee waived at$15,000 average collected or$30,000 combined; first3-month fee grace.","Colorado businesses, annual revenue at most$10million; new TIN not primary on existing affiliated-brand business checking. One bonus perTIN/EIN/SSN.","2026-09-09","","account_opening","","","Bank maintenance days31–90; latest funding day30 to safe withdrawal91 =61 modeled days. APY not established for selected account, interest unknown.","","online","","included_states","CO","Colorado businesses with annual revenue of at most $10 million.","","","","","","","","","unknown","","","","","",""
"bank-of-colorado-business-750","Bank of Colorado","Business Growth Account - 750","checking","true","75000","Open eligible Business Growth, Relationship, Analysis or Community Benefit account June1–November30,2026 with code750. Within90 days receive$5,000 ACH deposits OR make15 debit purchases. $750 credited90 days after opening. $100 minimum opening deposit.","https://www.bankofcolorado.com/business-account-promo","https://www.bankofcolorado.com/business-account-promo","2026-11-30","","","New customers only, one bonus per business; Bank of Colorado branch offer. NM/AZ variants not established by this Colorado page.","2026-09-09","0","account_opening","https://www.bankofcolorado.com/business-banking/checking","2026-09-09","ACH route is not specifically payroll DD. No capital hold verified, APY 0 verified for selected Business Growth Account on 2026-09-09. Alternative debit spend amount unspecified; not second reward. Headline$1,500 includes$750 noncash loan fee credit, excluded. Canonical doc-042 / bank-of-colorado-business-750; doc-116 is duplicate, not a separate payroll-DD offer.","10000","branch_only","","unknown","","","","","","","","","","","unknown","","","","","",""
"key-business-reward-1000","KeyBank","Key Business Reward Checking","checking","true","100000","Open with banker by November6,2026. $25 opening deposit; $25,000 total deposits within30 days. Maintain$25,000 end-of-day balance from first reaching it for at least90 consecutive days; any drop disqualifies. Bonus within60 days of qualification; open through payout.","https://key.com/small-business/promo/bb-1000-offer.html","https://key.com/small-business/promo/bb-1000-offer.html","2026-11-06","2500","First2 months waived; thereafter$7,500 average ledger balance or$20,000 qualifying combined balances and other bank options.","Business SSN/EIN must not have had Key business checking or savings in12 months. One per qualifying account/entity; restricted collateral excluded. Confirm branch-state eligibility.","2026-09-09","","account_opening","","","90 consecutive days including funding day30 gives modeled interval30–119, withdrawal120. Confirm bank inclusive counting before withdrawal. Full live browser failed HTTP2 and curl timed out; primary extraction/search establish current terms; APY unverified.","2500","branch_only","","unknown","","","","","","","","","","","unknown","","","","","",""
"hancock-whitney-business-500","Hancock Whitney","Essential Business Checking","checking","true","50000","Open by February28,2027 with2034SBCK26. Deposit$5,000 external new money within30 days and maintain$5,000 daily minimum days31–90. Bonus within135 days of opening; account open and positive at payment.","https://www.hancockwhitney.com/26-acq-sb","https://www.hancockwhitney.com/26-acq-sb","2027-02-28","0","","New-to-bank or existing customers without business/commercial checking; no business closure past90 days or negative closure past3 years. LA/MS/FL/AL/TX footprint; one checking and one merchant bonus perTaxID/address percalendar year.","2026-09-09","","account_opening","","","Detailed footnote controls30-day funding despite introductory90-day deposit sentence. No personal DD requirement. APY not established.","","branch_only","","unknown","","","","","","","","","","","no","https://www.doctorofcredit.com/la-ms-fl-al-tx-hancock-whitney-200-business-checking/","2026-09-24","ChexSystems: No DoC article ChexSystems field, 2026-08-25. DoC business checking article; a Sept 2026 comment reports an in-branch opening with Chex frozen, and DoC's Chex list has Hancock Whitney under 'Doesn’t pull'. Secondary reported screening, not a bank guarantee.","","",""
"hancock-whitney-business-merchant-750","Hancock Whitney","Essential Business Checking + Merchant Services ($250 merchant tier)","other","true","75000","Open by February28,2027 with2034SBCK26. Deposit$5,000 external new money within30 days and maintain$5,000 daily minimum days31–90. Bonus within135 days of opening; account open and positive at payment. Also apply/be approved for Merchant Services before expiry; process at least$20 by end of second full calendar month after approval. Merchant bonus within30 days after qualification period; keep merchant/checking open and active. Merchant monthly minimum and early termination fees apply.","https://www.hancockwhitney.com/26-acq-sb","https://www.hancockwhitney.com/26-acq-sb","2027-02-28","0","","New-to-bank or existing customers without business/commercial checking; no business closure past90 days or negative closure past3 years. LA/MS/FL/AL/TX footprint; one checking and one merchant bonus perTaxID/address percalendar year.","2026-09-09","","account_opening","","","Issuer explicitly permits checking+merchant combination; gross total includes both, never add base again. Merchant code conflict: top2034SBPO1 vs detailed9267SBP01; confirm correct code before applying. Merchant processing is real sales volume, not required investment principal; total capital unresolved. APY unverified.","","branch_only","","unknown","","","","unknown","","","","","","","no","https://www.doctorofcredit.com/la-ms-fl-al-tx-hancock-whitney-200-business-checking/","2026-09-24","ChexSystems: No DoC article ChexSystems field, 2026-08-25. DoC business checking article; a Sept 2026 comment reports an in-branch opening with Chex frozen, and DoC's Chex list has Hancock Whitney under 'Doesn’t pull'. Secondary reported screening, not a bank guarantee.","$5,000.00: External funding maintained as daily balance days 31–90. $20.00: Payment processing qualification only, not deposit principal or user spending. Balance leg verified; merchant payment-processing volume is business sales, not capital contributed or debit purchases. No full user-funded opening/merchant capital requirement established; do not add sales volume to $5,000 or claim complete total.","https://www.hancockwhitney.com/26-acq-sb","2026-09-22"
"hancock-whitney-business-merchant-1000","Hancock Whitney","Essential Business Checking + Merchant Services ($500 merchant tier)","other","true","100000","Open by February28,2027 with2034SBCK26. Deposit$5,000 external new money within30 days and maintain$5,000 daily minimum days31–90. Bonus within135 days of opening; account open and positive at payment. Also apply/be approved for Merchant Services before expiry; process at least$5,000 by end of second full calendar month after approval. Merchant bonus within30 days after qualification period; keep merchant/checking open and active. Merchant monthly minimum and early termination fees apply.","https://www.hancockwhitney.com/26-acq-sb","https://www.hancockwhitney.com/26-acq-sb","2027-02-28","0","","New-to-bank or existing customers without business/commercial checking; no business closure past90 days or negative closure past3 years. LA/MS/FL/AL/TX footprint; one checking and one merchant bonus perTaxID/address percalendar year.","2026-09-09","","account_opening","","","Issuer explicitly permits checking+merchant combination; gross total includes both, never add base again. Merchant code conflict: top2034SBPO1 vs detailed9267SBP01; confirm correct code before applying. Merchant processing is real sales volume, not required investment principal; total capital unresolved. APY unverified.","","branch_only","","unknown","","","","unknown","","","","","","","no","https://www.doctorofcredit.com/la-ms-fl-al-tx-hancock-whitney-200-business-checking/","2026-09-24","ChexSystems: No DoC article ChexSystems field, 2026-08-25. DoC business checking article; a Sept 2026 comment reports an in-branch opening with Chex frozen, and DoC's Chex list has Hancock Whitney under 'Doesn’t pull'. Secondary reported screening, not a bank guarantee.","$5,000.00: External funding maintained as daily balance days 31–90. $5,000.00: Payment processing qualification only, not deposit principal or user spending. Balance leg verified; merchant payment-processing volume is business sales, not capital contributed or debit purchases. No full user-funded opening/merchant capital requirement established; do not add sales volume to $5,000 or claim complete total.","https://www.hancockwhitney.com/26-acq-sb","2026-09-22"
"hancock-whitney-business-merchant-1250","Hancock Whitney","Essential Business Checking + Merchant Services ($750 merchant tier)","other","true","125000","Open by February28,2027 with2034SBCK26. Deposit$5,000 external new money within30 days and maintain$5,000 daily minimum days31–90. Bonus within135 days of opening; account open and positive at payment. Also apply/be approved for Merchant Services before expiry; process at least$7,500 by end of second full calendar month after approval. Must use Clover platform and enroll Melio Pay Bills or Clover Payroll by ADP. Merchant bonus within30 days after qualification period; keep merchant/checking open and active. Merchant monthly minimum and early termination fees apply.","https://www.hancockwhitney.com/26-acq-sb","https://www.hancockwhitney.com/26-acq-sb","2027-02-28","0","","New-to-bank or existing customers without business/commercial checking; no business closure past90 days or negative closure past3 years. LA/MS/FL/AL/TX footprint; one checking and one merchant bonus perTaxID/address percalendar year.","2026-09-09","","account_opening","","","Issuer explicitly permits checking+merchant combination; gross total includes both, never add base again. Merchant code conflict: top2034SBPO1 vs detailed9267SBP01; confirm correct code before applying. Merchant processing is real sales volume, not required investment principal; total capital unresolved. APY unverified.","","branch_only","","unknown","","","","unknown","","","","","","","no","https://www.doctorofcredit.com/la-ms-fl-al-tx-hancock-whitney-200-business-checking/","2026-09-24","ChexSystems: No DoC article ChexSystems field, 2026-08-25. DoC business checking article; a Sept 2026 comment reports an in-branch opening with Chex frozen, and DoC's Chex list has Hancock Whitney under 'Doesn’t pull'. Secondary reported screening, not a bank guarantee.","$5,000.00: External funding maintained as daily balance days 31–90. $7,500.00: Payment processing qualification only, not deposit principal or user spending. Balance leg verified; merchant payment-processing volume is business sales, not capital contributed or debit purchases. No full user-funded opening/merchant capital requirement established; do not add sales volume to $5,000 or claim complete total.","https://www.hancockwhitney.com/26-acq-sb","2026-09-22"
"provident-business-seed475","Provident Credit Union","Dividend Business Checking - SEED475","checking","true","47500","Open inbranch withSEED475. $2,500 total deposits within60 days; $400 debit and/or credit card purchases in each of2 consecutive months starting month after opening. Enroll online banking/eDocuments with valid email; active/good standing2 full months; bonus typically within120 days.","https://providentcu.org/business/checking/dividend-checking/bonus","https://providentcu.org/business/checking/dividend-checking/bonus","","0","","New business member resident inCalifornia; no Provident business owner status now or past2 years. One perbusiness; Business Savings required with$5 minimum.","2026-09-09","0","","https://providentcu.org/business/checking/dividend-checking/bonus","2026-09-09","Verified$2,500 deposit leg and$800 cumulative purchases plus$5 membership share; overlap/total capital unestablished, do not fabricate. 0%APY applies below$25,000. $100 checking opening funds included in deposit minimum; no held balance requirement stated.","10000","branch_only","","included_states","CA","Provident Credit Union business membership required.","","unknown","","","","","","","yes","https://www.doctorofcredit.com/provident-credit-union-150-business-checking-bonus/","2026-09-24","TLDR; was asked specifics about business, chex sensitive but possible to get an override DoC reader datapoints (article field unknown or absent), 2025-06-08. The business article has no Chex field. In-branch business-opening comments (2025-2026) describe Chex review and overrides, and DoC's Chex list has Provident CU under 'Does pull' without saying whether that's personal or business. Secondary reported screening, not a bank guarantee.","$100.00: Checking minimum; not assumed additional to total deposits. $5.00: Required Business Membership Savings minimum balance. $2,500.00: Total deposits within 60 days, not payroll DD. $800.00: Two separate $400 debit and/or credit purchase months; aggregate computed from explicit two-month requirement. Recovered rejected extraction in browser. $100 checking opening, $5 required Business Membership Savings, $2,500 total deposits and two $400 purchase months verified. Debit/credit choice and overlap with deposits do not establish complete mixed capital; newly identified $5 savings leg must not be omitted.","https://providentcu.org/business/checking/dividend-checking/bonus","2026-09-22"
"axos-basic-business-start200","Axos Bank","Basic Business Checking - START200","checking","true","20000","Apply withSTART200 by January31,2027; fund within60 days to avoid closure. Earn$50 in any4 of first5 calendar statement cycles including opening partial cycle, with$3,000 average daily balance each qualifying cycle. Payment within10 business days after each cycle; account open/good standing. Remain open180 days or up to$200 early closure fee.","https://www.axosbank.com/basicbusinesschecking","https://www.axosbank.com/basicbusinesschecking","2027-01-31","0","","New Axos small business customers only; business established less than1 calendar year before application and never primary owner ofAxos Small Business account. No combining new-account incentives.","2026-09-09","0","account_opening","https://axosbank.com/business/axos-business-bundle","","Official comparison explicitlyAPY N/A for Basic Business Checking, modeled0%; rate effective date unstated. Statement-cycle calendars required for exact funding/withdrawal. Four months not guessed120 days; capital can remain continuously but timing unknown.","0","online","","unknown","","","180","","","","","","","","yes","https://www.doctorofcredit.com/axos-bank-600-business-checking-savings-bonus/","2026-09-24","ChexSystems: Yes DoC article ChexSystems field, 2025-10-12 (updated 2026-07-05). Newest DoC Axos business checking article says Chex Yes; a 2026-07 comment on the $200 business post reports a business denial citing ChexSystems. Secondary reported screening, not a bank guarantee.","","",""
"keypoint-elite-business-500","KeyPoint Credit Union","Elite Business Checking - BUS26","checking","true","50000","Open inbranch usingBUS26 with$100. Reach$2,000 within15 calendar days, then maintain$2,000 average daily balance for90 days after that deadline. Complete20 qualifying transactions of at least$5 during same90days: debit purchases, ACH, wire, Zelle orRDC deposits. Bonus within30 days after requirements; anti-manipulation rule applies.","https://kpcu.com/Checking/Business-Checking","https://kpcu.com/Checking/Business-Checking","","1500","$2,000 average daily balance waives$15; $2 paperstatementfee.","New business members only; no former membership closed in24months. BusinessEIN required; SSN/personalTIN excluded. Employees/officials/immediate family excluded. Membership/California branch eligibility required.","2026-09-09","","account_opening","","","Twenty$5 deposits can satisfy transaction activity without assuming spend or recycling. Separate transaction-volume minimum$100 not double-counted against$2,000 held capital. APY unverified. Depositday15 to withdrawal106=91 modeleddays.","10000","branch_only","","unknown","","","","","","","","","","","yes","https://www.doctorofcredit.com/ca-only-keypoint-credit-union-500-business-checking-bonus/#comment-2049969","2026-09-24","Sole prop available but they require chex pull (even if already a personal acct member) and need schedule c from tax returns DoC reader datapoints (article field unknown or absent), 2025-04-25. DoC business checking article field says 'Unknown, sensitive'; April 2025 comments on this business offer say the sole-prop prescreen includes a Chex pull. Secondary reported screening, not a bank guarantee.","","",""
"truist-simple-business-400","Truist","Simple Business Checking 400","checking","true","40000","Open July14,2026–March24,2027 using valid single-use promo code atopening. Deposit$2,500 within30days; daily Current(ledger)Balance at leastthat amount day30 throughday90 inclusive. Reward within10 businessdays after verification; $800 paid as2$400 payments. Positive unrestricted account atpayout.","https://www.truist.com/small-business/lp/promos/banking/checking-offer","https://www.truist.com/small-business/lp/promos/banking/checking-offer","2027-03-24","0","","Businessphysical addressAL,AR,FL,GA,IN,KY,MD,MS,NC,NJ,OH,PA,SC,TN,TX,VA,WV,DC. No existingbusinesschecking orclosure on/afterJuly14,2025. Primary/controlling/beneficial owner cannot already be enrolled. SSNapplicant18+. Nontransferable; no stacking.","2026-09-09","","account_opening","","","61-day inclusive maintenance and modeledinterval30–90,withdraw91. Live page unresolved{{offerPromoCode}} placeholder; obtain actualsingle-use code, not placeholder. APY unverified.","10000","online","","included_states","AL;AR;DC;FL;GA;IN;KY;MD;MS;NC;NJ;OH;PA;SC;TN;TX;VA;WV","Business physical address must be in a listed state.","","","","","","","","","unknown","","","","","",""
"truist-simple-business-800","Truist","Simple Business Checking 800","checking","true","80000","Open July14,2026–March24,2027 using valid single-use promo code atopening. Deposit$10,000 within30days; daily Current(ledger)Balance at leastthat amount day30 throughday90 inclusive. Reward within10 businessdays after verification; $800 paid as2$400 payments. Positive unrestricted account atpayout.","https://www.truist.com/small-business/lp/promos/banking/checking-offer","https://www.truist.com/small-business/lp/promos/banking/checking-offer","2027-03-24","0","","Businessphysical addressAL,AR,FL,GA,IN,KY,MD,MS,NC,NJ,OH,PA,SC,TN,TX,VA,WV,DC. No existingbusinesschecking orclosure on/afterJuly14,2025. Primary/controlling/beneficial owner cannot already be enrolled. SSNapplicant18+. Nontransferable; no stacking.","2026-09-09","","account_opening","","","61-day inclusive maintenance and modeledinterval30–90,withdraw91. Live page unresolved{{offerPromoCode}} placeholder; obtain actualsingle-use code, not placeholder. APY unverified.","10000","online","","included_states","AL;AR;DC;FL;GA;IN;KY;MD;MS;NC;NJ;OH;PA;SC;TN;TX;VA;WV","Business physical address must be in a listed state.","","","","","","","","","unknown","","","","","",""
"mt-business-300","M&T Bank","Business Essential Checking ($5,000 tier)","checking","true","30000","Open July1–September30,2026 with promo code. Maintain$5,000 average ledger balance during third full calendar month afteropening. Checkingbonus byend of fourthfullmonth; remainopen. Closed within6months: bonus recapture plus$50 earlyclosurefee within180days.","https://campaigns.mtb.com/bizbonus","https://campaigns.mtb.com/bizbonus","2026-09-30","500","First3monthsno monthlymaintenance; thereafter$1,000 averageledger or$300 qualifyingdebit purchases waivesEssential$5.","New businesschecking: no nonpersonalM&Tchecking in90days; noemployees/affiliates. OneperTIN, bank maylimit commonowners. Offer varies byregion; MA/CT/DE/DC/MD/NJ/NY/PA/VA/WV footprint,confirm.","2026-09-09","","account_opening","","","Calendar-aligned thirdfullmonth; exactfunding/withdrawal dates require openingdate, not90day assumedhold. APY unverified.","","online","","unknown","","","186","","","","","","","","yes","https://www.doctorofcredit.com/ct-de-d-c-md-nj-ny-pa-va-wv-in-branch-mt-bank-400-business-checking-bonus/","2026-09-24","ChexSystems:Yes DoC article ChexSystems field, 2026-07-05. DoC M&T business checking article lists ChexSystems: Yes; most comments report pulls, though a couple of 2026 DPs saw no Chex pull (YMMV). Secondary reported screening, not a bank guarantee.","","",""
"mt-business-300-merchant-250","M&T Bank","Business Essential Checking ($5,000 tier) + Merchant $250","other","true","55000","Open July1–September30,2026 with promo code. Maintain$5,000 average ledger balance during third full calendar month afteropening. Checkingbonus byend of fourthfullmonth; remainopen. Closed within6months: bonus recapture plus$50 earlyclosurefee within180days. Merchant codeMSHC326: open andprocess atransaction bySeptember30,2026; sign1/2/3-year contract; first2fullmonths total processingmore than$2,000 but below$100,000. Merchantbonus within5months; openmerchant/checking atpayment. No existingM&Tmerchantaccount orlikeoffer in12months; oneperTaxID.","https://campaigns.mtb.com/bizbonus","https://campaigns.mtb.com/bizbonus","2026-09-30","500","First3monthsno monthlymaintenance; thereafter$1,000 averageledger or$300 qualifyingdebit purchases waivesEssential$5.","New businesschecking: no nonpersonalM&Tchecking in90days; noemployees/affiliates. OneperTIN, bank maylimit commonowners. Offer varies byregion; MA/CT/DE/DC/MD/NJ/NY/PA/VA/WV footprint,confirm.","2026-09-09","","account_opening","","","Explicit additionalmerchantreward; totalshown includes checkingandmerchant components. Merchant volume isnot principal; exacttotalcapital unknown. Do not addbaseagain. Statementcalendar/APYunverified.","","online","","unknown","","","186","unknown","","","","","","","yes","https://www.doctorofcredit.com/ct-de-d-c-md-nj-ny-pa-va-wv-in-branch-mt-bank-400-business-checking-bonus/","2026-09-24","ChexSystems:Yes DoC article ChexSystems field, 2026-07-05. DoC M&T business checking article lists ChexSystems: Yes; most comments report pulls, though a couple of 2026 DPs saw no Chex pull (YMMV). Secondary reported screening, not a bank guarantee.","$5,000.00: Verified tier average ledger balance in third full calendar month; not merchant sales volume. $2,000.00: First two full months: $500 merchant bonus requires at least $100,000; $250 requires strictly more than $2,000 and below $100,000. Not investor principal; no funding amount proposed. Checking balance verified in rendered legal. Merchant processing is sales volume, not cash principal; capital for combined checking/merchant legs and funding overlap cannot be established. Preserve explicit unknown. Header says up to $2,250 while detailed checking/merchant terms state $1,500 and $500; do not alter rewards.","https://campaigns.mtb.com/bizbonus","2026-09-22"
"mt-business-300-merchant-500","M&T Bank","Business Essential Checking ($5,000 tier) + Merchant $500","other","true","80000","Open July1–September30,2026 with promo code. Maintain$5,000 average ledger balance during third full calendar month afteropening. Checkingbonus byend of fourthfullmonth; remainopen. Closed within6months: bonus recapture plus$50 earlyclosurefee within180days. Merchant codeMSHC326: open andprocess atransaction bySeptember30,2026; sign1/2/3-year contract; first2fullmonths total processingat least$100,000. Merchantbonus within5months; openmerchant/checking atpayment. No existingM&Tmerchantaccount orlikeoffer in12months; oneperTaxID.","https://campaigns.mtb.com/bizbonus","https://campaigns.mtb.com/bizbonus","2026-09-30","500","First3monthsno monthlymaintenance; thereafter$1,000 averageledger or$300 qualifyingdebit purchases waivesEssential$5.","New businesschecking: no nonpersonalM&Tchecking in90days; noemployees/affiliates. OneperTIN, bank maylimit commonowners. Offer varies byregion; MA/CT/DE/DC/MD/NJ/NY/PA/VA/WV footprint,confirm.","2026-09-09","","account_opening","","","Explicit additionalmerchantreward; totalshown includes checkingandmerchant components. Merchant volume isnot principal; exacttotalcapital unknown. Do not addbaseagain. Statementcalendar/APYunverified.","","online","","unknown","","","186","unknown","","","","","","","yes","https://www.doctorofcredit.com/ct-de-d-c-md-nj-ny-pa-va-wv-in-branch-mt-bank-400-business-checking-bonus/","2026-09-24","ChexSystems:Yes DoC article ChexSystems field, 2026-07-05. DoC M&T business checking article lists ChexSystems: Yes; most comments report pulls, though a couple of 2026 DPs saw no Chex pull (YMMV). Secondary reported screening, not a bank guarantee.","$5,000.00: Verified tier average ledger balance in third full calendar month; not merchant sales volume. $100,000.00: First two full months: $500 merchant bonus requires at least $100,000; $250 requires strictly more than $2,000 and below $100,000. Not investor principal; no funding amount proposed. Checking balance verified in rendered legal. Merchant processing is sales volume, not cash principal; capital for combined checking/merchant legs and funding overlap cannot be established. Preserve explicit unknown. Header says up to $2,250 while detailed checking/merchant terms state $1,500 and $500; do not alter rewards.","https://campaigns.mtb.com/bizbonus","2026-09-22"
"mt-business-500","M&T Bank","Business Essential Checking ($15,000 tier)","checking","true","50000","Open July1–September30,2026 with promo code. Maintain$15,000 average ledger balance during third full calendar month afteropening. Checkingbonus byend of fourthfullmonth; remainopen. Closed within6months: bonus recapture plus$50 earlyclosurefee within180days.","https://campaigns.mtb.com/bizbonus","https://campaigns.mtb.com/bizbonus","2026-09-30","500","First3monthsno monthlymaintenance; thereafter$1,000 averageledger or$300 qualifyingdebit purchases waivesEssential$5.","New businesschecking: no nonpersonalM&Tchecking in90days; noemployees/affiliates. OneperTIN, bank maylimit commonowners. Offer varies byregion; MA/CT/DE/DC/MD/NJ/NY/PA/VA/WV footprint,confirm.","2026-09-09","","account_opening","","","Calendar-aligned thirdfullmonth; exactfunding/withdrawal dates require openingdate, not90day assumedhold. APY unverified.","","online","","unknown","","","186","","","","","","","","yes","https://www.doctorofcredit.com/ct-de-d-c-md-nj-ny-pa-va-wv-in-branch-mt-bank-400-business-checking-bonus/","2026-09-24","ChexSystems:Yes DoC article ChexSystems field, 2026-07-05. DoC M&T business checking article lists ChexSystems: Yes; most comments report pulls, though a couple of 2026 DPs saw no Chex pull (YMMV). Secondary reported screening, not a bank guarantee.","","",""
"mt-business-500-merchant-250","M&T Bank","Business Essential Checking ($15,000 tier) + Merchant $250","other","true","75000","Open July1–September30,2026 with promo code. Maintain$15,000 average ledger balance during third full calendar month afteropening. Checkingbonus byend of fourthfullmonth; remainopen. Closed within6months: bonus recapture plus$50 earlyclosurefee within180days. Merchant codeMSHC326: open andprocess atransaction bySeptember30,2026; sign1/2/3-year contract; first2fullmonths total processingmore than$2,000 but below$100,000. Merchantbonus within5months; openmerchant/checking atpayment. No existingM&Tmerchantaccount orlikeoffer in12months; oneperTaxID.","https://campaigns.mtb.com/bizbonus","https://campaigns.mtb.com/bizbonus","2026-09-30","500","First3monthsno monthlymaintenance; thereafter$1,000 averageledger or$300 qualifyingdebit purchases waivesEssential$5.","New businesschecking: no nonpersonalM&Tchecking in90days; noemployees/affiliates. OneperTIN, bank maylimit commonowners. Offer varies byregion; MA/CT/DE/DC/MD/NJ/NY/PA/VA/WV footprint,confirm.","2026-09-09","","account_opening","","","Explicit additionalmerchantreward; totalshown includes checkingandmerchant components. Merchant volume isnot principal; exacttotalcapital unknown. Do not addbaseagain. Statementcalendar/APYunverified.","","online","","unknown","","","186","unknown","","","","","","","yes","https://www.doctorofcredit.com/ct-de-d-c-md-nj-ny-pa-va-wv-in-branch-mt-bank-400-business-checking-bonus/","2026-09-24","ChexSystems:Yes DoC article ChexSystems field, 2026-07-05. DoC M&T business checking article lists ChexSystems: Yes; most comments report pulls, though a couple of 2026 DPs saw no Chex pull (YMMV). Secondary reported screening, not a bank guarantee.","$15,000.00: Verified tier average ledger balance in third full calendar month; not merchant sales volume. $2,000.00: First two full months: $500 merchant bonus requires at least $100,000; $250 requires strictly more than $2,000 and below $100,000. Not investor principal; no funding amount proposed. Checking balance verified in rendered legal. Merchant processing is sales volume, not cash principal; capital for combined checking/merchant legs and funding overlap cannot be established. Preserve explicit unknown. Header says up to $2,250 while detailed checking/merchant terms state $1,500 and $500; do not alter rewards.","https://campaigns.mtb.com/bizbonus","2026-09-22"
"mt-business-500-merchant-500","M&T Bank","Business Essential Checking ($15,000 tier) + Merchant $500","other","true","100000","Open July1–September30,2026 with promo code. Maintain$15,000 average ledger balance during third full calendar month afteropening. Checkingbonus byend of fourthfullmonth; remainopen. Closed within6months: bonus recapture plus$50 earlyclosurefee within180days. Merchant codeMSHC326: open andprocess atransaction bySeptember30,2026; sign1/2/3-year contract; first2fullmonths total processingat least$100,000. Merchantbonus within5months; openmerchant/checking atpayment. No existingM&Tmerchantaccount orlikeoffer in12months; oneperTaxID.","https://campaigns.mtb.com/bizbonus","https://campaigns.mtb.com/bizbonus","2026-09-30","500","First3monthsno monthlymaintenance; thereafter$1,000 averageledger or$300 qualifyingdebit purchases waivesEssential$5.","New businesschecking: no nonpersonalM&Tchecking in90days; noemployees/affiliates. OneperTIN, bank maylimit commonowners. Offer varies byregion; MA/CT/DE/DC/MD/NJ/NY/PA/VA/WV footprint,confirm.","2026-09-09","","account_opening","","","Explicit additionalmerchantreward; totalshown includes checkingandmerchant components. Merchant volume isnot principal; exacttotalcapital unknown. Do not addbaseagain. Statementcalendar/APYunverified.","","online","","unknown","","","186","unknown","","","","","","","yes","https://www.doctorofcredit.com/ct-de-d-c-md-nj-ny-pa-va-wv-in-branch-mt-bank-400-business-checking-bonus/","2026-09-24","ChexSystems:Yes DoC article ChexSystems field, 2026-07-05. DoC M&T business checking article lists ChexSystems: Yes; most comments report pulls, though a couple of 2026 DPs saw no Chex pull (YMMV). Secondary reported screening, not a bank guarantee.","$15,000.00: Verified tier average ledger balance in third full calendar month; not merchant sales volume. $100,000.00: First two full months: $500 merchant bonus requires at least $100,000; $250 requires strictly more than $2,000 and below $100,000. Not investor principal; no funding amount proposed. Checking balance verified in rendered legal. Merchant processing is sales volume, not cash principal; capital for combined checking/merchant legs and funding overlap cannot be established. Preserve explicit unknown. Header says up to $2,250 while detailed checking/merchant terms state $1,500 and $500; do not alter rewards.","https://campaigns.mtb.com/bizbonus","2026-09-22"
"mt-business-750","M&T Bank","Business Essential Checking ($30,000 tier)","checking","true","75000","Open July1–September30,2026 with promo code. Maintain$30,000 average ledger balance during third full calendar month afteropening. Checkingbonus byend of fourthfullmonth; remainopen. Closed within6months: bonus recapture plus$50 earlyclosurefee within180days.","https://campaigns.mtb.com/bizbonus","https://campaigns.mtb.com/bizbonus","2026-09-30","500","First3monthsno monthlymaintenance; thereafter$1,000 averageledger or$300 qualifyingdebit purchases waivesEssential$5.","New businesschecking: no nonpersonalM&Tchecking in90days; noemployees/affiliates. OneperTIN, bank maylimit commonowners. Offer varies byregion; MA/CT/DE/DC/MD/NJ/NY/PA/VA/WV footprint,confirm.","2026-09-09","","account_opening","","","Calendar-aligned thirdfullmonth; exactfunding/withdrawal dates require openingdate, not90day assumedhold. APY unverified.","","online","","unknown","","","186","","","","","","","","yes","https://www.doctorofcredit.com/ct-de-d-c-md-nj-ny-pa-va-wv-in-branch-mt-bank-400-business-checking-bonus/","2026-09-24","ChexSystems:Yes DoC article ChexSystems field, 2026-07-05. DoC M&T business checking article lists ChexSystems: Yes; most comments report pulls, though a couple of 2026 DPs saw no Chex pull (YMMV). Secondary reported screening, not a bank guarantee.","","",""
"mt-business-750-merchant-250","M&T Bank","Business Essential Checking ($30,000 tier) + Merchant $250","other","true","100000","Open July1–September30,2026 with promo code. Maintain$30,000 average ledger balance during third full calendar month afteropening. Checkingbonus byend of fourthfullmonth; remainopen. Closed within6months: bonus recapture plus$50 earlyclosurefee within180days. Merchant codeMSHC326: open andprocess atransaction bySeptember30,2026; sign1/2/3-year contract; first2fullmonths total processingmore than$2,000 but below$100,000. Merchantbonus within5months; openmerchant/checking atpayment. No existingM&Tmerchantaccount orlikeoffer in12months; oneperTaxID.","https://campaigns.mtb.com/bizbonus","https://campaigns.mtb.com/bizbonus","2026-09-30","500","First3monthsno monthlymaintenance; thereafter$1,000 averageledger or$300 qualifyingdebit purchases waivesEssential$5.","New businesschecking: no nonpersonalM&Tchecking in90days; noemployees/affiliates. OneperTIN, bank maylimit commonowners. Offer varies byregion; MA/CT/DE/DC/MD/NJ/NY/PA/VA/WV footprint,confirm.","2026-09-09","","account_opening","","","Explicit additionalmerchantreward; totalshown includes checkingandmerchant components. Merchant volume isnot principal; exacttotalcapital unknown. Do not addbaseagain. Statementcalendar/APYunverified.","","online","","unknown","","","186","unknown","","","","","","","yes","https://www.doctorofcredit.com/ct-de-d-c-md-nj-ny-pa-va-wv-in-branch-mt-bank-400-business-checking-bonus/","2026-09-24","ChexSystems:Yes DoC article ChexSystems field, 2026-07-05. DoC M&T business checking article lists ChexSystems: Yes; most comments report pulls, though a couple of 2026 DPs saw no Chex pull (YMMV). Secondary reported screening, not a bank guarantee.","$30,000.00: Verified tier average ledger balance in third full calendar month; not merchant sales volume. $2,000.00: First two full months: $500 merchant bonus requires at least $100,000; $250 requires strictly more than $2,000 and below $100,000. Not investor principal; no funding amount proposed. Checking balance verified in rendered legal. Merchant processing is sales volume, not cash principal; capital for combined checking/merchant legs and funding overlap cannot be established. Preserve explicit unknown. Header says up to $2,250 while detailed checking/merchant terms state $1,500 and $500; do not alter rewards.","https://campaigns.mtb.com/bizbonus","2026-09-22"
"mt-business-750-merchant-500","M&T Bank","Business Essential Checking ($30,000 tier) + Merchant $500","other","true","125000","Open July1–September30,2026 with promo code. Maintain$30,000 average ledger balance during third full calendar month afteropening. Checkingbonus byend of fourthfullmonth; remainopen. Closed within6months: bonus recapture plus$50 earlyclosurefee within180days. Merchant codeMSHC326: open andprocess atransaction bySeptember30,2026; sign1/2/3-year contract; first2fullmonths total processingat least$100,000. Merchantbonus within5months; openmerchant/checking atpayment. No existingM&Tmerchantaccount orlikeoffer in12months; oneperTaxID.","https://campaigns.mtb.com/bizbonus","https://campaigns.mtb.com/bizbonus","2026-09-30","500","First3monthsno monthlymaintenance; thereafter$1,000 averageledger or$300 qualifyingdebit purchases waivesEssential$5.","New businesschecking: no nonpersonalM&Tchecking in90days; noemployees/affiliates. OneperTIN, bank maylimit commonowners. Offer varies byregion; MA/CT/DE/DC/MD/NJ/NY/PA/VA/WV footprint,confirm.","2026-09-09","","account_opening","","","Explicit additionalmerchantreward; totalshown includes checkingandmerchant components. Merchant volume isnot principal; exacttotalcapital unknown. Do not addbaseagain. Statementcalendar/APYunverified.","","online","","unknown","","","186","unknown","","","","","","","yes","https://www.doctorofcredit.com/ct-de-d-c-md-nj-ny-pa-va-wv-in-branch-mt-bank-400-business-checking-bonus/","2026-09-24","ChexSystems:Yes DoC article ChexSystems field, 2026-07-05. DoC M&T business checking article lists ChexSystems: Yes; most comments report pulls, though a couple of 2026 DPs saw no Chex pull (YMMV). Secondary reported screening, not a bank guarantee.","$30,000.00: Verified tier average ledger balance in third full calendar month; not merchant sales volume. $100,000.00: First two full months: $500 merchant bonus requires at least $100,000; $250 requires strictly more than $2,000 and below $100,000. Not investor principal; no funding amount proposed. Checking balance verified in rendered legal. Merchant processing is sales volume, not cash principal; capital for combined checking/merchant legs and funding overlap cannot be established. Preserve explicit unknown. Header says up to $2,250 while detailed checking/merchant terms state $1,500 and $500; do not alter rewards.","https://campaigns.mtb.com/bizbonus","2026-09-22"
"mt-business-1500","M&T Bank","Business Essential Checking ($100,000 tier)","checking","true","150000","Open July1–September30,2026 with promo code. Maintain$100,000 average ledger balance during third full calendar month afteropening. Checkingbonus byend of fourthfullmonth; remainopen. Closed within6months: bonus recapture plus$50 earlyclosurefee within180days.","https://campaigns.mtb.com/bizbonus","https://campaigns.mtb.com/bizbonus","2026-09-30","500","First3monthsno monthlymaintenance; thereafter$1,000 averageledger or$300 qualifyingdebit purchases waivesEssential$5.","New businesschecking: no nonpersonalM&Tchecking in90days; noemployees/affiliates. OneperTIN, bank maylimit commonowners. Offer varies byregion; MA/CT/DE/DC/MD/NJ/NY/PA/VA/WV footprint,confirm.","2026-09-09","","account_opening","","","Calendar-aligned thirdfullmonth; exactfunding/withdrawal dates require openingdate, not90day assumedhold. APY unverified.","","online","","unknown","","","186","","","","","","","","yes","https://www.doctorofcredit.com/ct-de-d-c-md-nj-ny-pa-va-wv-in-branch-mt-bank-400-business-checking-bonus/","2026-09-24","ChexSystems:Yes DoC article ChexSystems field, 2026-07-05. DoC M&T business checking article lists ChexSystems: Yes; most comments report pulls, though a couple of 2026 DPs saw no Chex pull (YMMV). Secondary reported screening, not a bank guarantee.","","",""
"mt-business-1500-merchant-250","M&T Bank","Business Essential Checking ($100,000 tier) + Merchant $250","other","true","175000","Open July1–September30,2026 with promo code. Maintain$100,000 average ledger balance during third full calendar month afteropening. Checkingbonus byend of fourthfullmonth; remainopen. Closed within6months: bonus recapture plus$50 earlyclosurefee within180days. Merchant codeMSHC326: open andprocess atransaction bySeptember30,2026; sign1/2/3-year contract; first2fullmonths total processingmore than$2,000 but below$100,000. Merchantbonus within5months; openmerchant/checking atpayment. No existingM&Tmerchantaccount orlikeoffer in12months; oneperTaxID.","https://campaigns.mtb.com/bizbonus","https://campaigns.mtb.com/bizbonus","2026-09-30","500","First3monthsno monthlymaintenance; thereafter$1,000 averageledger or$300 qualifyingdebit purchases waivesEssential$5.","New businesschecking: no nonpersonalM&Tchecking in90days; noemployees/affiliates. OneperTIN, bank maylimit commonowners. Offer varies byregion; MA/CT/DE/DC/MD/NJ/NY/PA/VA/WV footprint,confirm.","2026-09-09","","account_opening","","","Explicit additionalmerchantreward; totalshown includes checkingandmerchant components. Merchant volume isnot principal; exacttotalcapital unknown. Do not addbaseagain. Statementcalendar/APYunverified.","","online","","unknown","","","186","unknown","","","","","","","yes","https://www.doctorofcredit.com/ct-de-d-c-md-nj-ny-pa-va-wv-in-branch-mt-bank-400-business-checking-bonus/","2026-09-24","ChexSystems:Yes DoC article ChexSystems field, 2026-07-05. DoC M&T business checking article lists ChexSystems: Yes; most comments report pulls, though a couple of 2026 DPs saw no Chex pull (YMMV). Secondary reported screening, not a bank guarantee.","$100,000.00: Verified tier average ledger balance in third full calendar month; not merchant sales volume. $2,000.00: First two full months: $500 merchant bonus requires at least $100,000; $250 requires strictly more than $2,000 and below $100,000. Not investor principal; no funding amount proposed. Checking balance verified in rendered legal. Merchant processing is sales volume, not cash principal; capital for combined checking/merchant legs and funding overlap cannot be established. Preserve explicit unknown. Header says up to $2,250 while detailed checking/merchant terms state $1,500 and $500; do not alter rewards.","https://campaigns.mtb.com/bizbonus","2026-09-22"
"mt-business-1500-merchant-500","M&T Bank","Business Essential Checking ($100,000 tier) + Merchant $500","other","true","200000","Open July1–September30,2026 with promo code. Maintain$100,000 average ledger balance during third full calendar month afteropening. Checkingbonus byend of fourthfullmonth; remainopen. Closed within6months: bonus recapture plus$50 earlyclosurefee within180days. Merchant codeMSHC326: open andprocess atransaction bySeptember30,2026; sign1/2/3-year contract; first2fullmonths total processingat least$100,000. Merchantbonus within5months; openmerchant/checking atpayment. No existingM&Tmerchantaccount orlikeoffer in12months; oneperTaxID.","https://campaigns.mtb.com/bizbonus","https://campaigns.mtb.com/bizbonus","2026-09-30","500","First3monthsno monthlymaintenance; thereafter$1,000 averageledger or$300 qualifyingdebit purchases waivesEssential$5.","New businesschecking: no nonpersonalM&Tchecking in90days; noemployees/affiliates. OneperTIN, bank maylimit commonowners. Offer varies byregion; MA/CT/DE/DC/MD/NJ/NY/PA/VA/WV footprint,confirm.","2026-09-09","","account_opening","","","Explicit additionalmerchantreward; totalshown includes checkingandmerchant components. Merchant volume isnot principal; exacttotalcapital unknown. Do not addbaseagain. Statementcalendar/APYunverified.","","online","","unknown","","","186","unknown","","","","","","","yes","https://www.doctorofcredit.com/ct-de-d-c-md-nj-ny-pa-va-wv-in-branch-mt-bank-400-business-checking-bonus/","2026-09-24","ChexSystems:Yes DoC article ChexSystems field, 2026-07-05. DoC M&T business checking article lists ChexSystems: Yes; most comments report pulls, though a couple of 2026 DPs saw no Chex pull (YMMV). Secondary reported screening, not a bank guarantee.","$100,000.00: Verified tier average ledger balance in third full calendar month; not merchant sales volume. $100,000.00: First two full months: $500 merchant bonus requires at least $100,000; $250 requires strictly more than $2,000 and below $100,000. Not investor principal; no funding amount proposed. Checking balance verified in rendered legal. Merchant processing is sales volume, not cash principal; capital for combined checking/merchant legs and funding overlap cannot be established. Preserve explicit unknown. Header says up to $2,250 while detailed checking/merchant terms state $1,500 and $500; do not alter rewards.","https://campaigns.mtb.com/bizbonus","2026-09-22"
"huntington-unlimited-business-400","Huntington Bank","Unlimited Business Checking","checking","true","40000","Open byOctober14,2026 viaofferpage so promotioncodeclaimed. Deposit$5,000 totalnewmoney within60days; keepeligibleaccountopen90days. Bonuswithin14days ofmeetingrequirements; accountopenatpayout.","https://www.huntington.com/business-banking-promotions-offers","https://www.huntington.com/business-banking-promotions-offers","2026-10-14","2000","$10,000 totaldepositrelationship orowner qualifyingpersonalchecking.","Newbusinesschecking; noexisting Huntington businessrelationship includingfiduciary orcheckingclosure in12months. Publicfunds/government/brokers excluded. Onecashincentive perowner/business acrossconsumer/business rolling24months discretionarylimit. StatesAL,AR,CO,FL,GA,IL,IN,KY,LA,MI,MN,MS,MO,NC,OH,OK,PA,SC,TN,TX,WV,WI.","2026-09-09","0","account_opening","https://www.huntington.com/business-banking-promotions-offers","","Currentbank$400 replacesdiscovery$500; no$200offer oncurrentpage. Comparison marksUnlimitednotinterestbearing. No full-capitalhold stated;90days iskeep-openrequirement, endpointsunknown.","","online","","included_states","AL;AR;CO;FL;GA;IL;IN;KY;LA;MI;MN;MO;MS;NC;OH;OK;PA;SC;TN;TX;WI;WV","","90","","","","","","","","no","https://www.doctorofcredit.com/oh-mi-pa-ky-wv-il-wi-huntington-bank-500-750-business-checking-bonuses/","2026-09-24","ChexSystems: No DoC article ChexSystems field, 2026-05-13. DoC Huntington business checking article lists ChexSystems: No; comments report business opens with Chex frozen, none report a Chex pull. Secondary reported screening, not a bank guarantee.","","",""
"huntington-unlimited-plus-business-1000","Huntington Bank","Unlimited Plus Business Checking","checking","true","100000","OpenbyOctober14,2026 viapromotion. Deposit$20,000 externalnewmoney within30days andmaintain$20,000 dailybalance for60days aftermeetingdepositrequirement. Keepaccountopen90days andthroughbonuswithin14days ofqualification.","https://www.huntington.com/business-banking-promotions-offers","https://www.huntington.com/business-banking-promotions-offers","2026-10-14","4000","$50,000 totaldepositrelationship orowner qualifyingPlatinumPerks/PrivateClient/SmartInvestpersonalchecking.","Same newbusiness,12-monthclosure,24-monthownerincentive andgeographic restrictions as$400; no stacking.","2026-09-09","","account_opening","","","Interest-bearing account butapplicableAPY notpublished inaccessedoffer. Latestday30funding then60daysafter=>withdraw91; no annualization.","","online","","included_states","AL;AR;CO;FL;GA;IL;IN;KY;LA;MI;MN;MO;MS;NC;OH;OK;PA;SC;TN;TX;WI;WV","Same geographic restriction as the $400 Unlimited Business offer: AL, AR, CO, FL, GA, IL, IN, KY, LA, MI, MN, MS, MO, NC, OH, OK, PA, SC, TN, TX, WV, WI.","90","","","","","","","","no","https://www.doctorofcredit.com/oh-mi-pa-ky-wv-il-wi-huntington-bank-500-750-business-checking-bonuses/","2026-09-24","ChexSystems: No DoC article ChexSystems field, 2026-05-13. DoC Huntington business checking article lists ChexSystems: No; comments report business opens with Chex frozen, none report a Chex pull. Secondary reported screening, not a bank guarantee.","","",""
"pnc-business-400","PNC Bank","Business Checking","checking","true","40000","Open July1–September30,2026. Maintain $2,000 average ledger balance in EACH of first3 monthly statement cycles. Make at least10 qualifying transactions TOTAL across first3 cycles: debit purchases, ACH/wire/Zelle debits or credits, billpay, remote deposits, merchant deposits or checks. Remain in eligible product and keep account open through bonus within90 days after all conditions.","https://www.pnc.com/en/small-business/banking/business-checking-overview/business-checking-offer.html","https://www.pnc.com/en/small-business/banking/business-checking-overview/business-checking-offer.html","2026-09-30","1200","","Business annual revenue below$10million. No signer on existingPNC businesschecking, closure in90days, or promotional premium in12months. Oneaccount per common signers. No converted/repurposed accounts. Confirm regional eligibility.","2026-09-09","","account_opening","","","Current$400/$1,000 replacesdiscovery$200/$500. BrowserHTTP2failure; actual issuerHTML recovered withcurlHTTP1.1. Marketing says10transactions EACHcycle but detailedlegal says10TOTAL; legalroute retained with conflict. Exactstatementendpoints andAPY unverified.","10000","online","","unknown","","","","","","","","","","","no","https://www.doctorofcredit.com/pnc-up-to-500-business-checking-bonus-al-dc-de-fl-ga-il-in-ky-md-mi-mo-nc-nj-ny-oh-pa-sc-va-wi-and-wv/#comment-2263776","2026-09-24","They pull EWS, no Chex. DoC reader datapoints (article field unknown or absent), 2026-02-24. DoC business checking article field says ChexSystems: Unknown; multiple 2024-2026 business DPs report no Chex pull (EWS instead). Comment-based, not an article field. Secondary reported screening, not a bank guarantee.","","",""
"pnc-business-1000","PNC Bank","Treasury Enterprise Plan","checking","true","100000","Open July1–September30,2026. Maintain $30,000 average ledger balance in EACH of first3 monthly statement cycles. Only master account balances qualify, not linked beneficiary funds. Remain in eligible product and keep account open through bonus within90 days after all conditions.","https://www.pnc.com/en/small-business/banking/business-checking-overview/business-checking-offer.html","https://www.pnc.com/en/small-business/banking/business-checking-overview/business-checking-offer.html","2026-09-30","5000","","Business annual revenue below$10million. No signer on existingPNC businesschecking, closure in90days, or promotional premium in12months. Oneaccount per common signers. No converted/repurposed accounts. Confirm regional eligibility.","2026-09-09","","account_opening","","","Current$400/$1,000 replacesdiscovery$200/$500. BrowserHTTP2failure; actual issuerHTML recovered withcurlHTTP1.1. Marketing says10transactions EACHcycle but detailedlegal says10TOTAL; legalroute retained with conflict. Exactstatementendpoints andAPY unverified.","10000","online","","unknown","","","","","","","","","","","no","https://www.doctorofcredit.com/pnc-up-to-500-business-checking-bonus-al-dc-de-fl-ga-il-in-ky-md-mi-mo-nc-nj-ny-oh-pa-sc-va-wi-and-wv/#comment-2263776","2026-09-24","They pull EWS, no Chex. DoC reader datapoints (article field unknown or absent), 2026-02-24. DoC business checking article field says ChexSystems: Unknown; multiple 2024-2026 business DPs report no Chex pull (EWS instead). Comment-based, not an article field. Secondary reported screening, not a bank guarantee.","","",""
"st-basic-business-400","S&T Bank","Basic Business Checking 400","checking","true","40000","Open July1–September30,2026. Fund $2,000 within first5 BUSINESS days. Account never overdrawn, remainsopen, and has at least$2,000 dailybalance on November2,2026. Bonus November12,2026.","https://www.stbank.com/specials/q326-aob/","https://www.stbank.com/specials/q326-aob/","2026-09-30","0","","No signer on existingS&T businesschecking, no closure in90days, no businesscheckingpremium in12months. One percommon signers; estatesexcluded. Branchopening; PA/OH footprint.","2026-09-09","","account_opening","","","Currentquarter landingpage replacesmissingQ425. Legal has fundingwithin5BUSINESSdays plusNovember2snapshot, not continuousfullcapitalhold. Fixedcalendarendpoints and businessdaydeadline cannot be guessed asday5; APYunverified.","","branch_only","","unknown","","","","","","","","","","","yes","https://www.doctorofcredit.com/pa-oh-st-bank-600-business-checking-bonus-requires-payment-processing/#comment-2360084","2026-09-24","Declined for Chex (5 in past 30 days plus “over 50 recently” lol), plus I’m just over 25 miles from a branch. DoC reader datapoints (article field unknown or absent), 2026-07-06. DoC business checking article field says ChexSystems: Unknown; a July 2026 commenter on this business offer was declined for Chex. Single recent DP. Secondary reported screening, not a bank guarantee.","","",""
"st-basic-business-400-positive-pay","S&T Bank","Basic Business Checking 400 + Positive Pay","checking","true","70000","Open July1–September30,2026. Fund $2,000 within first5 BUSINESS days. Account never overdrawn, remainsopen, and has at least$2,000 dailybalance on November2,2026. Bonus November12,2026. Also establish Positive Pay and/or ACH Positive Pay by November2,2026 for an additional$300 paidNovember12. Oneadditional$300 perbusiness regardless ofnumberofsolutions.","https://www.stbank.com/specials/q326-aob/","https://www.stbank.com/specials/q326-aob/","2026-09-30","0","","No signer on existingS&T businesschecking, no closure in90days, no businesscheckingpremium in12months. One percommon signers; estatesexcluded. Branchopening; PA/OH footprint.","2026-09-09","","account_opening","","","Currentquarter landingpage replacesmissingQ425. Legal has fundingwithin5BUSINESSdays plusNovember2snapshot, not continuousfullcapitalhold. Fixedcalendarendpoints and businessdaydeadline cannot be guessed asday5; APYunverified. Combinedtotal includescheckingand$300servicebonus; additional servicefees/capitalrequirementsunverified.","","branch_only","","unknown","","","","","","","","","","","yes","https://www.doctorofcredit.com/pa-oh-st-bank-600-business-checking-bonus-requires-payment-processing/#comment-2360084","2026-09-24","Declined for Chex (5 in past 30 days plus “over 50 recently” lol), plus I’m just over 25 miles from a branch. DoC reader datapoints (article field unknown or absent), 2026-07-06. DoC business checking article field says ChexSystems: Unknown; a July 2026 commenter on this business offer was declined for Chex. Single recent DP. Secondary reported screening, not a bank guarantee.","","",""
"st-basic-business-600","S&T Bank","Basic Business Checking 600","checking","true","60000","Open July1–September30,2026. Fund $25,000 within first5 BUSINESS days. Account never overdrawn, remainsopen, and has at least$25,000 dailybalance on November2,2026. Bonus November12,2026.","https://www.stbank.com/specials/q326-aob/","https://www.stbank.com/specials/q326-aob/","2026-09-30","0","","No signer on existingS&T businesschecking, no closure in90days, no businesscheckingpremium in12months. One percommon signers; estatesexcluded. Branchopening; PA/OH footprint.","2026-09-09","","account_opening","","","Currentquarter landingpage replacesmissingQ425. Legal has fundingwithin5BUSINESSdays plusNovember2snapshot, not continuousfullcapitalhold. Fixedcalendarendpoints and businessdaydeadline cannot be guessed asday5; APYunverified.","","branch_only","","unknown","","","","","","","","","","","yes","https://www.doctorofcredit.com/pa-oh-st-bank-600-business-checking-bonus-requires-payment-processing/#comment-2360084","2026-09-24","Declined for Chex (5 in past 30 days plus “over 50 recently” lol), plus I’m just over 25 miles from a branch. DoC reader datapoints (article field unknown or absent), 2026-07-06. DoC business checking article field says ChexSystems: Unknown; a July 2026 commenter on this business offer was declined for Chex. Single recent DP. Secondary reported screening, not a bank guarantee.","","",""
"st-basic-business-600-positive-pay","S&T Bank","Basic Business Checking 600 + Positive Pay","checking","true","90000","Open July1–September30,2026. Fund $25,000 within first5 BUSINESS days. Account never overdrawn, remainsopen, and has at least$25,000 dailybalance on November2,2026. Bonus November12,2026. Also establish Positive Pay and/or ACH Positive Pay by November2,2026 for an additional$300 paidNovember12. Oneadditional$300 perbusiness regardless ofnumberofsolutions.","https://www.stbank.com/specials/q326-aob/","https://www.stbank.com/specials/q326-aob/","2026-09-30","0","","No signer on existingS&T businesschecking, no closure in90days, no businesscheckingpremium in12months. One percommon signers; estatesexcluded. Branchopening; PA/OH footprint.","2026-09-09","","account_opening","","","Currentquarter landingpage replacesmissingQ425. Legal has fundingwithin5BUSINESSdays plusNovember2snapshot, not continuousfullcapitalhold. Fixedcalendarendpoints and businessdaydeadline cannot be guessed asday5; APYunverified. Combinedtotal includescheckingand$300servicebonus; additional servicefees/capitalrequirementsunverified.","","branch_only","","unknown","","","","","","","","","","","yes","https://www.doctorofcredit.com/pa-oh-st-bank-600-business-checking-bonus-requires-payment-processing/#comment-2360084","2026-09-24","Declined for Chex (5 in past 30 days plus “over 50 recently” lol), plus I’m just over 25 miles from a branch. DoC reader datapoints (article field unknown or absent), 2026-07-06. DoC business checking article field says ChexSystems: Unknown; a July 2026 commenter on this business offer was declined for Chex. Single recent DP. Secondary reported screening, not a bank guarantee.","","",""
"broadway-business-300","Broadway Bank","Advantage Business Checking ($2,000 tier)","checking","true","30000","Open eligible Essentials/Advantage/Preferred businesschecking withBCPR. At least$2,000 externalnewfunds post within30days. Ten qualifying withdrawals in90days: debit purchases, ACH, checks, signaturePOS/online purchases; noATM/teller/wire/cashadvance. Maintain$2,000 average monthlyCOLLECTEDbalance throughout FIRST90days; keepopen/goodstanding90days andpositive throughpayoutwithin30days afterqualification.","https://broadway.bank/landing-pages/1000-offer","https://broadway.bank/landing-pages/1000-offer","","1200","Advantage $3,000 dailyminimum or$15,000 combined dailyminimum oractivecreditcardprocessing waives$12. Otherproductfees differ.","Texasbusinesses only. No currentprimarysigner orprimarysigner in12months; no closed/reopened/converted/repurposedaccounts. OneperTIN/customer. Bankdirectorsexcluded.","2026-09-09","","account_opening","","","Primaryfull extraction verified alltiers; browser/curl CAPTCHA. Hero saysnext90days butlegal saysfirst90days. Monthlyaveragebalance schedule preventsverifiedlatestfunding/withdrawal withoutaccountcalendar; no guessedhold. APYunverified. No expirydatepublished.","","online","","included_states","TX","","90","","","","","","","","unknown","","","","","",""
"broadway-business-500","Broadway Bank","Advantage Business Checking ($25,000 tier)","checking","true","50000","Open eligible Essentials/Advantage/Preferred businesschecking withBCPR. At least$2,000 externalnewfunds post within30days. Ten qualifying withdrawals in90days: debit purchases, ACH, checks, signaturePOS/online purchases; noATM/teller/wire/cashadvance. Maintain$25,000 average monthlyCOLLECTEDbalance throughout FIRST90days; keepopen/goodstanding90days andpositive throughpayoutwithin30days afterqualification.","https://broadway.bank/landing-pages/1000-offer","https://broadway.bank/landing-pages/1000-offer","","1200","Advantage $3,000 dailyminimum or$15,000 combined dailyminimum oractivecreditcardprocessing waives$12. Otherproductfees differ.","Texasbusinesses only. No currentprimarysigner orprimarysigner in12months; no closed/reopened/converted/repurposedaccounts. OneperTIN/customer. Bankdirectorsexcluded.","2026-09-09","","account_opening","","","Primaryfull extraction verified alltiers; browser/curl CAPTCHA. Hero saysnext90days butlegal saysfirst90days. Monthlyaveragebalance schedule preventsverifiedlatestfunding/withdrawal withoutaccountcalendar; no guessedhold. APYunverified. No expirydatepublished.","","online","","included_states","TX","","90","","","","","","","","unknown","","","","","",""
"broadway-business-1000","Broadway Bank","Advantage Business Checking ($75,000 tier)","checking","true","100000","Open eligible Essentials/Advantage/Preferred businesschecking withBCPR. At least$2,000 externalnewfunds post within30days. Ten qualifying withdrawals in90days: debit purchases, ACH, checks, signaturePOS/online purchases; noATM/teller/wire/cashadvance. Maintain$75,000 average monthlyCOLLECTEDbalance throughout FIRST90days; keepopen/goodstanding90days andpositive throughpayoutwithin30days afterqualification.","https://broadway.bank/landing-pages/1000-offer","https://broadway.bank/landing-pages/1000-offer","","1200","Advantage $3,000 dailyminimum or$15,000 combined dailyminimum oractivecreditcardprocessing waives$12. Otherproductfees differ.","Texasbusinesses only. No currentprimarysigner orprimarysigner in12months; no closed/reopened/converted/repurposedaccounts. OneperTIN/customer. Bankdirectorsexcluded.","2026-09-09","","account_opening","","","Primaryfull extraction verified alltiers; browser/curl CAPTCHA. Hero saysnext90days butlegal saysfirst90days. Monthlyaveragebalance schedule preventsverifiedlatestfunding/withdrawal withoutaccountcalendar; no guessedhold. APYunverified. No expirydatepublished.","","online","","included_states","TX","","90","","","","","","","","unknown","","","","","",""
"first-merchants-mich-business-300","First Merchants Bank","Basic Business Checking - MICH-BUS ($5,000 tier)","checking","true","30000","Askbanker toenroll MICH-BUS whenopening March1–December31,2026. Deposit$5,000 totalnewmoney within7calendardays. Rewardcredited sixthmonth afteropening. Maintain$5,000monthlyaveragecollectedbalance toavoid$20monthlyfee. Closurewithin6months mayincur fullbonusrecapture plus$50.","https://www.firstmerchants.com/switch-mibus","https://www.firstmerchants.com/switch-mibus","2026-12-31","2000","$5,000 monthlyaveragecollectedbalance; $3paperstatements.","Michigan campaign. Newbusinesschecking,primary18+,noemployees; noPublicFunds/estates/USgovernment/otherbanks/financialinstitutions. Officiallookback wording: closed within12months ofofferstartdate (on orafter3/1/26); contradictoryanchor preserved forbankconfirmation.","2026-09-09","","account_opening","","","No promotionalbalancehold stated beyonddeposit; fee-waiverbalance separate, donotturn6monthkeepopen intohold. APYunverified. Firstpartyfull extraction, browser/curlCloudflareblocked. Eligibilitydateconflict notrepaired.","10000","","","unknown","","","186","","","","","","","","yes","https://www.doctorofcredit.com/mi-first-merchants-bank-300-750-business-checking-bonus/","2026-09-24","ChexSystems: Yes DoC article ChexSystems field, 2026-07-18. DoC's MI business checking article (same offer) says Yes; all personal First Merchants articles also say Yes. Secondary reported screening, not a bank guarantee.","","",""
"first-merchants-mich-business-750","First Merchants Bank","Basic Business Checking - MICH-BUS ($15,000 tier)","checking","true","75000","Askbanker toenroll MICH-BUS whenopening March1–December31,2026. Deposit$15,000 totalnewmoney within7calendardays. Rewardcredited sixthmonth afteropening. Maintain$5,000monthlyaveragecollectedbalance toavoid$20monthlyfee. Closurewithin6months mayincur fullbonusrecapture plus$50.","https://www.firstmerchants.com/switch-mibus","https://www.firstmerchants.com/switch-mibus","2026-12-31","2000","$5,000 monthlyaveragecollectedbalance; $3paperstatements.","Michigan campaign. Newbusinesschecking,primary18+,noemployees; noPublicFunds/estates/USgovernment/otherbanks/financialinstitutions. Officiallookback wording: closed within12months ofofferstartdate (on orafter3/1/26); contradictoryanchor preserved forbankconfirmation.","2026-09-09","","account_opening","","","No promotionalbalancehold stated beyonddeposit; fee-waiverbalance separate, donotturn6monthkeepopen intohold. APYunverified. Firstpartyfull extraction, browser/curlCloudflareblocked. Eligibilitydateconflict notrepaired.","10000","","","unknown","","","186","","","","","","","","yes","https://www.doctorofcredit.com/mi-first-merchants-bank-300-750-business-checking-bonus/","2026-09-24","ChexSystems: Yes DoC article ChexSystems field, 2026-07-18. DoC's MI business checking article (same offer) says Yes; all personal First Merchants articles also say Yes. Secondary reported screening, not a bank guarantee.","","",""
"southstate-business-levelup-base","SouthState Bank","Business Checking LEVELUP - base","checking","true","40000","Open April1–September30,2026 withLEVELUP. Within90calendar days make15posted/cleareddebitpurchases OR receivecumulative$5,000ACHcredits; internaltransfers/mobile/debitcarddeposits/instantpayments/branchATMdeposits excluded. Keepaccountopen ineligibleunchangedproduct throughpaymentwithin3businessdays after90dayperiod.","https://www.southstatebank.com/small-business/bank/earn400","https://www.southstatebank.com/small-business/bank/earn400","2026-09-30","","","No currentbusiness/commercialchecking or inprior12months; neverpreviouslypaid SouthStatebusinesscheckingbonus. NoIOTA/IOLTA/AssociationChecking/trusts/employees. Geographic/businesstype restrictionsapply. Nootherdepositofferstacking.","2026-09-09","","","","","Allofficiallypermittedcashcomponents enumeratedasalternativecombinedtotals; donotaddrows. ACHdepositroute used, notpayrollDD. $50,000snapshot not90dayhold. Treasury/merchantcostsunknown; merchantcapitaloverlapunverified. Fullterms recoveredfromfirstpartysearchindex; browser/curlWAF andwebextracttruncation persisted. APY/endpointsunknown.","5000","branch_only","","unknown","","","","","","","","","","","yes","https://www.doctorofcredit.com/ga-nc-sc-va-fl-al-south-state-bank-400-business-checking-bonus/","2026-09-24","ChexSystems: Yes DoC article ChexSystems field, 2026-05-02. DoC business checking ($400 LEVELUP) article says Yes. Secondary reported screening, not a bank guarantee.","","",""
"southstate-business-levelup-merchant","SouthState Bank","Business Checking LEVELUP - merchant","checking","true","60000","Open April1–September30,2026 withLEVELUP. Within90calendar days make15posted/cleareddebitpurchases OR receivecumulative$5,000ACHcredits; internaltransfers/mobile/debitcarddeposits/instantpayments/branchATMdeposits excluded. Keepaccountopen ineligibleunchangedproduct throughpaymentwithin3businessdays after90dayperiod. Foradditional$200, enroll inSouthStateMerchantServices andhave$200 cumulative merchantsettlements post within90days.","https://www.southstatebank.com/small-business/bank/earn400","https://www.southstatebank.com/small-business/bank/earn400","2026-09-30","","","No currentbusiness/commercialchecking or inprior12months; neverpreviouslypaid SouthStatebusinesscheckingbonus. NoIOTA/IOLTA/AssociationChecking/trusts/employees. Geographic/businesstype restrictionsapply. Nootherdepositofferstacking.","2026-09-09","","","","","Allofficiallypermittedcashcomponents enumeratedasalternativecombinedtotals; donotaddrows. ACHdepositroute used, notpayrollDD. $50,000snapshot not90dayhold. Treasury/merchantcostsunknown; merchantcapitaloverlapunverified. Fullterms recoveredfromfirstpartysearchindex; browser/curlWAF andwebextracttruncation persisted. APY/endpointsunknown.","5000","branch_only","","unknown","","","","unknown","","","","","","","yes","https://www.doctorofcredit.com/ga-nc-sc-va-fl-al-south-state-bank-400-business-checking-bonus/","2026-09-24","ChexSystems: Yes DoC article ChexSystems field, 2026-05-02. DoC business checking ($400 LEVELUP) article says Yes. Secondary reported screening, not a bank guarantee.","$50.00: Branch opening minimum, not universal online funding. $5,000.00: Generic cumulative ACH credits, alternative to 15 debit purchases; not payroll DD. $200.00: Merchant processing receipts into checking, not debit spending or own-capital requirement. Opening and ACH amounts verified; canonical page marketing confirms $200 merchant processing. Full current merchant legal omitted by extraction and live browser blocked by Cloudflare; indexed legal has older June expiry. Do not certify campaign or assume merchant receipts overlap ACH; keep total unknown and deadlines unchanged.","https://www.southstatebank.com/small-business/bank/earn400","2026-09-22"
"southstate-business-levelup-treasury","SouthState Bank","Business Checking LEVELUP - treasury","checking","true","60000","Open April1–September30,2026 withLEVELUP. Within90calendar days make15posted/cleareddebitpurchases OR receivecumulative$5,000ACHcredits; internaltransfers/mobile/debitcarddeposits/instantpayments/branchATMdeposits excluded. Keepaccountopen ineligibleunchangedproduct throughpaymentwithin3businessdays after90dayperiod. Foradditional$200, enroll ineligibleTreasuryServices byperiodend withTreasuryNavigatorRequest/Agreement.","https://www.southstatebank.com/small-business/bank/earn400","https://www.southstatebank.com/small-business/bank/earn400","2026-09-30","","","No currentbusiness/commercialchecking or inprior12months; neverpreviouslypaid SouthStatebusinesscheckingbonus. NoIOTA/IOLTA/AssociationChecking/trusts/employees. Geographic/businesstype restrictionsapply. Nootherdepositofferstacking.","2026-09-09","","","","","Allofficiallypermittedcashcomponents enumeratedasalternativecombinedtotals; donotaddrows. ACHdepositroute used, notpayrollDD. $50,000snapshot not90dayhold. Treasury/merchantcostsunknown; merchantcapitaloverlapunverified. Fullterms recoveredfromfirstpartysearchindex; browser/curlWAF andwebextracttruncation persisted. APY/endpointsunknown.","5000","branch_only","","unknown","","","","","","","","","","","yes","https://www.doctorofcredit.com/ga-nc-sc-va-fl-al-south-state-bank-400-business-checking-bonus/","2026-09-24","ChexSystems: Yes DoC article ChexSystems field, 2026-05-02. DoC business checking ($400 LEVELUP) article says Yes. Secondary reported screening, not a bank guarantee.","","",""
"southstate-business-levelup-treasury-merchant","SouthState Bank","Business Checking LEVELUP - treasury-merchant","checking","true","80000","Open April1–September30,2026 withLEVELUP. Within90calendar days make15posted/cleareddebitpurchases OR receivecumulative$5,000ACHcredits; internaltransfers/mobile/debitcarddeposits/instantpayments/branchATMdeposits excluded. Keepaccountopen ineligibleunchangedproduct throughpaymentwithin3businessdays after90dayperiod. Foradditional$200, enroll ineligibleTreasuryServices byperiodend withTreasuryNavigatorRequest/Agreement. Foradditional$200, enroll inSouthStateMerchantServices andhave$200 cumulative merchantsettlements post within90days.","https://www.southstatebank.com/small-business/bank/earn400","https://www.southstatebank.com/small-business/bank/earn400","2026-09-30","","","No currentbusiness/commercialchecking or inprior12months; neverpreviouslypaid SouthStatebusinesscheckingbonus. NoIOTA/IOLTA/AssociationChecking/trusts/employees. Geographic/businesstype restrictionsapply. Nootherdepositofferstacking.","2026-09-09","","","","","Allofficiallypermittedcashcomponents enumeratedasalternativecombinedtotals; donotaddrows. ACHdepositroute used, notpayrollDD. $50,000snapshot not90dayhold. Treasury/merchantcostsunknown; merchantcapitaloverlapunverified. Fullterms recoveredfromfirstpartysearchindex; browser/curlWAF andwebextracttruncation persisted. APY/endpointsunknown.","5000","branch_only","","unknown","","","","unknown","","","","","","","yes","https://www.doctorofcredit.com/ga-nc-sc-va-fl-al-south-state-bank-400-business-checking-bonus/","2026-09-24","ChexSystems: Yes DoC article ChexSystems field, 2026-05-02. DoC business checking ($400 LEVELUP) article says Yes. Secondary reported screening, not a bank guarantee.","$50.00: Branch opening minimum, not universal online funding. $5,000.00: Generic cumulative ACH credits, alternative to 15 debit purchases; not payroll DD. $200.00: Merchant processing receipts into checking, not debit spending or own-capital requirement. Opening and ACH amounts verified; canonical page marketing confirms $200 merchant processing. Full current merchant legal omitted by extraction and live browser blocked by Cloudflare; indexed legal has older June expiry. Do not certify campaign or assume merchant receipts overlap ACH; keep total unknown and deadlines unchanged.","https://www.southstatebank.com/small-business/bank/earn400","2026-09-22"
"southstate-business-levelup-balance","SouthState Bank","Business Checking LEVELUP - balance","checking","true","60000","Open April1–September30,2026 withLEVELUP. Within90calendar days make15posted/cleareddebitpurchases OR receivecumulative$5,000ACHcredits; internaltransfers/mobile/debitcarddeposits/instantpayments/branchATMdeposits excluded. Keepaccountopen ineligibleunchangedproduct throughpaymentwithin3businessdays after90dayperiod. Foradditional$200, availablebalance at least$50,000 atendof90dayqualifyingperiod.","https://www.southstatebank.com/small-business/bank/earn400","https://www.southstatebank.com/small-business/bank/earn400","2026-09-30","","","No currentbusiness/commercialchecking or inprior12months; neverpreviouslypaid SouthStatebusinesscheckingbonus. NoIOTA/IOLTA/AssociationChecking/trusts/employees. Geographic/businesstype restrictionsapply. Nootherdepositofferstacking.","2026-09-09","","","","","Allofficiallypermittedcashcomponents enumeratedasalternativecombinedtotals; donotaddrows. ACHdepositroute used, notpayrollDD. $50,000snapshot not90dayhold. Treasury/merchantcostsunknown; merchantcapitaloverlapunverified. Fullterms recoveredfromfirstpartysearchindex; browser/curlWAF andwebextracttruncation persisted. APY/endpointsunknown.","5000","branch_only","","unknown","","","","","","","","","","","yes","https://www.doctorofcredit.com/ga-nc-sc-va-fl-al-south-state-bank-400-business-checking-bonus/","2026-09-24","ChexSystems: Yes DoC article ChexSystems field, 2026-05-02. DoC business checking ($400 LEVELUP) article says Yes. Secondary reported screening, not a bank guarantee.","","",""
"southstate-business-levelup-balance-merchant","SouthState Bank","Business Checking LEVELUP - balance-merchant","checking","true","80000","Open April1–September30,2026 withLEVELUP. Within90calendar days make15posted/cleareddebitpurchases OR receivecumulative$5,000ACHcredits; internaltransfers/mobile/debitcarddeposits/instantpayments/branchATMdeposits excluded. Keepaccountopen ineligibleunchangedproduct throughpaymentwithin3businessdays after90dayperiod. Foradditional$200, availablebalance at least$50,000 atendof90dayqualifyingperiod. Foradditional$200, enroll inSouthStateMerchantServices andhave$200 cumulative merchantsettlements post within90days.","https://www.southstatebank.com/small-business/bank/earn400","https://www.southstatebank.com/small-business/bank/earn400","2026-09-30","","","No currentbusiness/commercialchecking or inprior12months; neverpreviouslypaid SouthStatebusinesscheckingbonus. NoIOTA/IOLTA/AssociationChecking/trusts/employees. Geographic/businesstype restrictionsapply. Nootherdepositofferstacking.","2026-09-09","","","","","Allofficiallypermittedcashcomponents enumeratedasalternativecombinedtotals; donotaddrows. ACHdepositroute used, notpayrollDD. $50,000snapshot not90dayhold. Treasury/merchantcostsunknown; merchantcapitaloverlapunverified. Fullterms recoveredfromfirstpartysearchindex; browser/curlWAF andwebextracttruncation persisted. APY/endpointsunknown.","5000","branch_only","","unknown","","","","unknown","","","","","","","yes","https://www.doctorofcredit.com/ga-nc-sc-va-fl-al-south-state-bank-400-business-checking-bonus/","2026-09-24","ChexSystems: Yes DoC article ChexSystems field, 2026-05-02. DoC business checking ($400 LEVELUP) article says Yes. Secondary reported screening, not a bank guarantee.","$50.00: Branch opening minimum, not universal online funding. $5,000.00: Generic cumulative ACH credits, alternative to 15 debit purchases; not payroll DD. $200.00: Merchant processing receipts into checking, not debit spending or own-capital requirement. $50,000.00: Available balance at end of qualifying period, not 90-day continuous hold. Opening and ACH amounts verified; canonical page marketing confirms $200 merchant processing. Full current merchant legal omitted by extraction and live browser blocked by Cloudflare; indexed legal has older June expiry. Do not certify campaign or assume merchant receipts overlap ACH; keep total unknown and deadlines unchanged.","https://www.southstatebank.com/small-business/bank/earn400","2026-09-22"
"southstate-business-levelup-balance-treasury","SouthState Bank","Business Checking LEVELUP - balance-treasury","checking","true","80000","Open April1–September30,2026 withLEVELUP. Within90calendar days make15posted/cleareddebitpurchases OR receivecumulative$5,000ACHcredits; internaltransfers/mobile/debitcarddeposits/instantpayments/branchATMdeposits excluded. Keepaccountopen ineligibleunchangedproduct throughpaymentwithin3businessdays after90dayperiod. Foradditional$200, availablebalance at least$50,000 atendof90dayqualifyingperiod. Foradditional$200, enroll ineligibleTreasuryServices byperiodend withTreasuryNavigatorRequest/Agreement.","https://www.southstatebank.com/small-business/bank/earn400","https://www.southstatebank.com/small-business/bank/earn400","2026-09-30","","","No currentbusiness/commercialchecking or inprior12months; neverpreviouslypaid SouthStatebusinesscheckingbonus. NoIOTA/IOLTA/AssociationChecking/trusts/employees. Geographic/businesstype restrictionsapply. Nootherdepositofferstacking.","2026-09-09","","","","","Allofficiallypermittedcashcomponents enumeratedasalternativecombinedtotals; donotaddrows. ACHdepositroute used, notpayrollDD. $50,000snapshot not90dayhold. Treasury/merchantcostsunknown; merchantcapitaloverlapunverified. Fullterms recoveredfromfirstpartysearchindex; browser/curlWAF andwebextracttruncation persisted. APY/endpointsunknown.","5000","branch_only","","unknown","","","","","","","","","","","yes","https://www.doctorofcredit.com/ga-nc-sc-va-fl-al-south-state-bank-400-business-checking-bonus/","2026-09-24","ChexSystems: Yes DoC article ChexSystems field, 2026-05-02. DoC business checking ($400 LEVELUP) article says Yes. Secondary reported screening, not a bank guarantee.","","",""
"southstate-business-levelup-balance-treasury-merchant","SouthState Bank","Business Checking LEVELUP - balance-treasury-merchant","checking","true","100000","Open April1–September30,2026 withLEVELUP. Within90calendar days make15posted/cleareddebitpurchases OR receivecumulative$5,000ACHcredits; internaltransfers/mobile/debitcarddeposits/instantpayments/branchATMdeposits excluded. Keepaccountopen ineligibleunchangedproduct throughpaymentwithin3businessdays after90dayperiod. Foradditional$200, availablebalance at least$50,000 atendof90dayqualifyingperiod. Foradditional$200, enroll ineligibleTreasuryServices byperiodend withTreasuryNavigatorRequest/Agreement. Foradditional$200, enroll inSouthStateMerchantServices andhave$200 cumulative merchantsettlements post within90days.","https://www.southstatebank.com/small-business/bank/earn400","https://www.southstatebank.com/small-business/bank/earn400","2026-09-30","","","No currentbusiness/commercialchecking or inprior12months; neverpreviouslypaid SouthStatebusinesscheckingbonus. NoIOTA/IOLTA/AssociationChecking/trusts/employees. Geographic/businesstype restrictionsapply. Nootherdepositofferstacking.","2026-09-09","","","","","Allofficiallypermittedcashcomponents enumeratedasalternativecombinedtotals; donotaddrows. ACHdepositroute used, notpayrollDD. $50,000snapshot not90dayhold. Treasury/merchantcostsunknown; merchantcapitaloverlapunverified. Fullterms recoveredfromfirstpartysearchindex; browser/curlWAF andwebextracttruncation persisted. APY/endpointsunknown.","5000","branch_only","","unknown","","","","unknown","","","","","","","yes","https://www.doctorofcredit.com/ga-nc-sc-va-fl-al-south-state-bank-400-business-checking-bonus/","2026-09-24","ChexSystems: Yes DoC article ChexSystems field, 2026-05-02. DoC business checking ($400 LEVELUP) article says Yes. Secondary reported screening, not a bank guarantee.","$50.00: Branch opening minimum, not universal online funding. $5,000.00: Generic cumulative ACH credits, alternative to 15 debit purchases; not payroll DD. $200.00: Merchant processing receipts into checking, not debit spending or own-capital requirement. $50,000.00: Available balance at end of qualifying period, not 90-day continuous hold. Opening and ACH amounts verified; canonical page marketing confirms $200 merchant processing. Full current merchant legal omitted by extraction and live browser blocked by Cloudflare; indexed legal has older June expiry. Do not certify campaign or assume merchant receipts overlap ACH; keep total unknown and deadlines unchanged.","https://www.southstatebank.com/small-business/bank/earn400","2026-09-22"
"fulton-business-500","Fulton Bank","Business Checking - 26BIZ500","checking","true","50000","Open January8–December31,2026 using qualified26BIZ500coupon ordirectad link. Deposit$5,000newmoney cumulatively oronce within60days; enrollonline statements within60days. Internaltransfers,microdeposits,debitrefunds,NSF/servicefee refunds excluded. Bonus4–6weeks afterrequirements; accountopenatpayout.","https://www.fultonbank.com/offers/small-business-checking","https://www.fultonbank.com/offers/small-business-checking","2026-12-31","0","","Onlybusinesses accessingoffer viaFulton directdigitaladvertisement andusing itslink/coupon; otheraccessmeans ineligible. No Fultonbusinesschecking in24months; IOLTA/nonprofit/employeesandhouseholdexcluded. OneperTIN/EIN/businessaddress. ServicearearestrictionDE/DC/MD/NJ/PA/VA.","2026-09-09","0","account_opening","https://www.fultonbank.com/Small-Business/Banking/Checking/Business-Accounts","2026-09-09","DepositsnotpayrollDD. No requiredfullcapitalhold stated; latestwithdrawal/APYunknown. Bankdepositavailabilityrules separate. Online$25openingminimumcanbe partofdeposits. Quality review: exact selected Business Checking product comparison explicitly says Interest Paid/Earns Interest: No; APY 0 verified 2026-09-09, superseding earlier unknown note.","2500","online","","included_states","DC;DE;MD;NJ;PA;VA","","","","","","","","","","unknown","","","","","",""
"waterstone-business-300-base","WaterStone Bank","Business Interest Checking ($5,000 tier) - base","checking","true","30000","OpeneligibleBusinessChecking inbranch. Maintain$5,000 averagebalance inthirdFULLstatementcycle;10customer-initiatedtransactionswithin90days; accountopen/active. BaseandPositivePaybonuspaid thirdfullcycle; Merchantbonus sixthfullcycle. Closingwithin180daysrecapturesallbonusesplus$30closingfee. Inactiveover60days:$10monthlyfee.","https://www.wsbonline.com/business/business-special-offers","https://www.wsbonline.com/business/business-special-offers","","","","Newbusinesscustomers; Wisconsinbranchfootprint. Generalandveteranheadingshaveidenticalbonusdisclosures; treatedassamecampaign,nodoublecount.","2026-09-09","0.05","account_opening","https://www.wsbonline.com/business/business-special-offers","2026-02-13","All3balancecash tiers andservicecombinations captured. ExplicitBusinessInterestChecking APY0.05%entirebalance≥$2,500; variable. Eligibilityforspecificlegalentity/accountmustbeconfirmed. Noexactstatementcalendar/endpoints; not90dayhold. Publishedlowtierupperbound$24,499.99leavesgap before$25,000; unchanged. Unknownservicefeesnotincluded.","10000","branch_only","","unknown","","","180","","","","","","","","unknown","","","","","",""
"waterstone-business-300-merchant","WaterStone Bank","Business Interest Checking ($5,000 tier) - merchant","checking","true","42500","OpeneligibleBusinessChecking inbranch. Maintain$5,000 averagebalance inthirdFULLstatementcycle;10customer-initiatedtransactionswithin90days; accountopen/active. EstablishWaterStoneMerchantServices within180days. BaseandPositivePaybonuspaid thirdfullcycle; Merchantbonus sixthfullcycle. Closingwithin180daysrecapturesallbonusesplus$30closingfee. Inactiveover60days:$10monthlyfee.","https://www.wsbonline.com/business/business-special-offers","https://www.wsbonline.com/business/business-special-offers","","","","Newbusinesscustomers; Wisconsinbranchfootprint. Generalandveteranheadingshaveidenticalbonusdisclosures; treatedassamecampaign,nodoublecount.","2026-09-09","0.05","account_opening","https://www.wsbonline.com/business/business-special-offers","2026-02-13","All3balancecash tiers andservicecombinations captured. ExplicitBusinessInterestChecking APY0.05%entirebalance≥$2,500; variable. Eligibilityforspecificlegalentity/accountmustbeconfirmed. Noexactstatementcalendar/endpoints; not90dayhold. Publishedlowtierupperbound$24,499.99leavesgap before$25,000; unchanged. Unknownservicefeesnotincluded. Merchant service funding/fee requirements and overlap not established; total capital remains unknown, known balance leg retained.","10000","branch_only","","unknown","","","180","unknown","","","","","","","unknown","","","","$100.00: Opening minimum, not total capital. $5,000.00: Average balance in third full statement cycle, not a 90-day hold. Opening and tier balance verified. Merchant-services funding/reserve requirements and transaction funding/overlap remain unspecified; product page does not establish zero incremental capital. Preserve explicit unknown total and statement-cycle timing.","https://www.wsbonline.com/business/business-special-offers","2026-09-22"
"waterstone-business-300-positive-pay","WaterStone Bank","Business Interest Checking ($5,000 tier) - positive-pay","checking","true","42500","OpeneligibleBusinessChecking inbranch. Maintain$5,000 averagebalance inthirdFULLstatementcycle;10customer-initiatedtransactionswithin90days; accountopen/active. EnrollPositivePay(Check/ACH/both) within90days. BaseandPositivePaybonuspaid thirdfullcycle; Merchantbonus sixthfullcycle. Closingwithin180daysrecapturesallbonusesplus$30closingfee. Inactiveover60days:$10monthlyfee.","https://www.wsbonline.com/business/business-special-offers","https://www.wsbonline.com/business/business-special-offers","","","","Newbusinesscustomers; Wisconsinbranchfootprint. Generalandveteranheadingshaveidenticalbonusdisclosures; treatedassamecampaign,nodoublecount.","2026-09-09","0.05","account_opening","https://www.wsbonline.com/business/business-special-offers","2026-02-13","All3balancecash tiers andservicecombinations captured. ExplicitBusinessInterestChecking APY0.05%entirebalance≥$2,500; variable. Eligibilityforspecificlegalentity/accountmustbeconfirmed. Noexactstatementcalendar/endpoints; not90dayhold. Publishedlowtierupperbound$24,499.99leavesgap before$25,000; unchanged. Unknownservicefeesnotincluded.","10000","branch_only","","unknown","","","180","","","","","","","","unknown","","","","","",""
"waterstone-business-300-positive-pay-merchant","WaterStone Bank","Business Interest Checking ($5,000 tier) - positive-pay-merchant","checking","true","55000","OpeneligibleBusinessChecking inbranch. Maintain$5,000 averagebalance inthirdFULLstatementcycle;10customer-initiatedtransactionswithin90days; accountopen/active. EnrollPositivePay(Check/ACH/both) within90days. EstablishWaterStoneMerchantServices within180days. BaseandPositivePaybonuspaid thirdfullcycle; Merchantbonus sixthfullcycle. Closingwithin180daysrecapturesallbonusesplus$30closingfee. Inactiveover60days:$10monthlyfee.","https://www.wsbonline.com/business/business-special-offers","https://www.wsbonline.com/business/business-special-offers","","","","Newbusinesscustomers; Wisconsinbranchfootprint. Generalandveteranheadingshaveidenticalbonusdisclosures; treatedassamecampaign,nodoublecount.","2026-09-09","0.05","account_opening","https://www.wsbonline.com/business/business-special-offers","2026-02-13","All3balancecash tiers andservicecombinations captured. ExplicitBusinessInterestChecking APY0.05%entirebalance≥$2,500; variable. Eligibilityforspecificlegalentity/accountmustbeconfirmed. Noexactstatementcalendar/endpoints; not90dayhold. Publishedlowtierupperbound$24,499.99leavesgap before$25,000; unchanged. Unknownservicefeesnotincluded. Merchant service funding/fee requirements and overlap not established; total capital remains unknown, known balance leg retained.","10000","branch_only","","unknown","","","180","unknown","","","","","","","unknown","","","","$100.00: Opening minimum, not total capital. $5,000.00: Average balance in third full statement cycle, not a 90-day hold. Opening and tier balance verified. Merchant-services funding/reserve requirements and transaction funding/overlap remain unspecified; product page does not establish zero incremental capital. Preserve explicit unknown total and statement-cycle timing.","https://www.wsbonline.com/business/business-special-offers","2026-09-22"
"waterstone-business-500-base","WaterStone Bank","Business Interest Checking ($25,000 tier) - base","checking","true","50000","OpeneligibleBusinessChecking inbranch. Maintain$25,000 averagebalance inthirdFULLstatementcycle;10customer-initiatedtransactionswithin90days; accountopen/active. BaseandPositivePaybonuspaid thirdfullcycle; Merchantbonus sixthfullcycle. Closingwithin180daysrecapturesallbonusesplus$30closingfee. Inactiveover60days:$10monthlyfee.","https://www.wsbonline.com/business/business-special-offers","https://www.wsbonline.com/business/business-special-offers","","","","Newbusinesscustomers; Wisconsinbranchfootprint. Generalandveteranheadingshaveidenticalbonusdisclosures; treatedassamecampaign,nodoublecount.","2026-09-09","0.05","account_opening","https://www.wsbonline.com/business/business-special-offers","2026-02-13","All3balancecash tiers andservicecombinations captured. ExplicitBusinessInterestChecking APY0.05%entirebalance≥$2,500; variable. Eligibilityforspecificlegalentity/accountmustbeconfirmed. Noexactstatementcalendar/endpoints; not90dayhold. Publishedlowtierupperbound$24,499.99leavesgap before$25,000; unchanged. Unknownservicefeesnotincluded.","10000","branch_only","","unknown","","","180","","","","","","","","unknown","","","","","",""
"waterstone-business-500-merchant","WaterStone Bank","Business Interest Checking ($25,000 tier) - merchant","checking","true","65000","OpeneligibleBusinessChecking inbranch. Maintain$25,000 averagebalance inthirdFULLstatementcycle;10customer-initiatedtransactionswithin90days; accountopen/active. EstablishWaterStoneMerchantServices within180days. BaseandPositivePaybonuspaid thirdfullcycle; Merchantbonus sixthfullcycle. Closingwithin180daysrecapturesallbonusesplus$30closingfee. Inactiveover60days:$10monthlyfee.","https://www.wsbonline.com/business/business-special-offers","https://www.wsbonline.com/business/business-special-offers","","","","Newbusinesscustomers; Wisconsinbranchfootprint. Generalandveteranheadingshaveidenticalbonusdisclosures; treatedassamecampaign,nodoublecount.","2026-09-09","0.05","account_opening","https://www.wsbonline.com/business/business-special-offers","2026-02-13","All3balancecash tiers andservicecombinations captured. ExplicitBusinessInterestChecking APY0.05%entirebalance≥$2,500; variable. Eligibilityforspecificlegalentity/accountmustbeconfirmed. Noexactstatementcalendar/endpoints; not90dayhold. Publishedlowtierupperbound$24,499.99leavesgap before$25,000; unchanged. Unknownservicefeesnotincluded. Merchant service funding/fee requirements and overlap not established; total capital remains unknown, known balance leg retained.","10000","branch_only","","unknown","","","180","unknown","","","","","","","unknown","","","","$100.00: Opening minimum, not total capital. $25,000.00: Average balance in third full statement cycle, not a 90-day hold. Opening and tier balance verified. Merchant-services funding/reserve requirements and transaction funding/overlap remain unspecified; product page does not establish zero incremental capital. Preserve explicit unknown total and statement-cycle timing.","https://www.wsbonline.com/business/business-special-offers","2026-09-22"
"waterstone-business-500-positive-pay","WaterStone Bank","Business Interest Checking ($25,000 tier) - positive-pay","checking","true","65000","OpeneligibleBusinessChecking inbranch. Maintain$25,000 averagebalance inthirdFULLstatementcycle;10customer-initiatedtransactionswithin90days; accountopen/active. EnrollPositivePay(Check/ACH/both) within90days. BaseandPositivePaybonuspaid thirdfullcycle; Merchantbonus sixthfullcycle. Closingwithin180daysrecapturesallbonusesplus$30closingfee. Inactiveover60days:$10monthlyfee.","https://www.wsbonline.com/business/business-special-offers","https://www.wsbonline.com/business/business-special-offers","","","","Newbusinesscustomers; Wisconsinbranchfootprint. Generalandveteranheadingshaveidenticalbonusdisclosures; treatedassamecampaign,nodoublecount.","2026-09-09","0.05","account_opening","https://www.wsbonline.com/business/business-special-offers","2026-02-13","All3balancecash tiers andservicecombinations captured. ExplicitBusinessInterestChecking APY0.05%entirebalance≥$2,500; variable. Eligibilityforspecificlegalentity/accountmustbeconfirmed. Noexactstatementcalendar/endpoints; not90dayhold. Publishedlowtierupperbound$24,499.99leavesgap before$25,000; unchanged. Unknownservicefeesnotincluded.","10000","branch_only","","unknown","","","180","","","","","","","","unknown","","","","","",""
"waterstone-business-500-positive-pay-merchant","WaterStone Bank","Business Interest Checking ($25,000 tier) - positive-pay-merchant","checking","true","80000","OpeneligibleBusinessChecking inbranch. Maintain$25,000 averagebalance inthirdFULLstatementcycle;10customer-initiatedtransactionswithin90days; accountopen/active. EnrollPositivePay(Check/ACH/both) within90days. EstablishWaterStoneMerchantServices within180days. BaseandPositivePaybonuspaid thirdfullcycle; Merchantbonus sixthfullcycle. Closingwithin180daysrecapturesallbonusesplus$30closingfee. Inactiveover60days:$10monthlyfee.","https://www.wsbonline.com/business/business-special-offers","https://www.wsbonline.com/business/business-special-offers","","","","Newbusinesscustomers; Wisconsinbranchfootprint. Generalandveteranheadingshaveidenticalbonusdisclosures; treatedassamecampaign,nodoublecount.","2026-09-09","0.05","account_opening","https://www.wsbonline.com/business/business-special-offers","2026-02-13","All3balancecash tiers andservicecombinations captured. ExplicitBusinessInterestChecking APY0.05%entirebalance≥$2,500; variable. Eligibilityforspecificlegalentity/accountmustbeconfirmed. Noexactstatementcalendar/endpoints; not90dayhold. Publishedlowtierupperbound$24,499.99leavesgap before$25,000; unchanged. Unknownservicefeesnotincluded. Merchant service funding/fee requirements and overlap not established; total capital remains unknown, known balance leg retained.","10000","branch_only","","unknown","","","180","unknown","","","","","","","unknown","","","","$100.00: Opening minimum, not total capital. $25,000.00: Average balance in third full statement cycle, not a 90-day hold. Opening and tier balance verified. Merchant-services funding/reserve requirements and transaction funding/overlap remain unspecified; product page does not establish zero incremental capital. Preserve explicit unknown total and statement-cycle timing.","https://www.wsbonline.com/business/business-special-offers","2026-09-22"
"waterstone-business-700-base","WaterStone Bank","Business Interest Checking ($50,000 tier) - base","checking","true","70000","OpeneligibleBusinessChecking inbranch. Maintain$50,000 averagebalance inthirdFULLstatementcycle;10customer-initiatedtransactionswithin90days; accountopen/active. BaseandPositivePaybonuspaid thirdfullcycle; Merchantbonus sixthfullcycle. Closingwithin180daysrecapturesallbonusesplus$30closingfee. Inactiveover60days:$10monthlyfee.","https://www.wsbonline.com/business/business-special-offers","https://www.wsbonline.com/business/business-special-offers","","","","Newbusinesscustomers; Wisconsinbranchfootprint. Generalandveteranheadingshaveidenticalbonusdisclosures; treatedassamecampaign,nodoublecount.","2026-09-09","0.05","account_opening","https://www.wsbonline.com/business/business-special-offers","2026-02-13","All3balancecash tiers andservicecombinations captured. ExplicitBusinessInterestChecking APY0.05%entirebalance≥$2,500; variable. Eligibilityforspecificlegalentity/accountmustbeconfirmed. Noexactstatementcalendar/endpoints; not90dayhold. Publishedlowtierupperbound$24,499.99leavesgap before$25,000; unchanged. Unknownservicefeesnotincluded.","10000","branch_only","","unknown","","","180","","","","","","","","unknown","","","","","",""
"waterstone-business-700-merchant","WaterStone Bank","Business Interest Checking ($50,000 tier) - merchant","checking","true","85000","OpeneligibleBusinessChecking inbranch. Maintain$50,000 averagebalance inthirdFULLstatementcycle;10customer-initiatedtransactionswithin90days; accountopen/active. EstablishWaterStoneMerchantServices within180days. BaseandPositivePaybonuspaid thirdfullcycle; Merchantbonus sixthfullcycle. Closingwithin180daysrecapturesallbonusesplus$30closingfee. Inactiveover60days:$10monthlyfee.","https://www.wsbonline.com/business/business-special-offers","https://www.wsbonline.com/business/business-special-offers","","","","Newbusinesscustomers; Wisconsinbranchfootprint. Generalandveteranheadingshaveidenticalbonusdisclosures; treatedassamecampaign,nodoublecount.","2026-09-09","0.05","account_opening","https://www.wsbonline.com/business/business-special-offers","2026-02-13","All3balancecash tiers andservicecombinations captured. ExplicitBusinessInterestChecking APY0.05%entirebalance≥$2,500; variable. Eligibilityforspecificlegalentity/accountmustbeconfirmed. Noexactstatementcalendar/endpoints; not90dayhold. Publishedlowtierupperbound$24,499.99leavesgap before$25,000; unchanged. Unknownservicefeesnotincluded. Merchant service funding/fee requirements and overlap not established; total capital remains unknown, known balance leg retained.","10000","branch_only","","unknown","","","180","unknown","","","","","","","unknown","","","","$100.00: Opening minimum, not total capital. $50,000.00: Average balance in third full statement cycle, not a 90-day hold. Opening and tier balance verified. Merchant-services funding/reserve requirements and transaction funding/overlap remain unspecified; product page does not establish zero incremental capital. Preserve explicit unknown total and statement-cycle timing.","https://www.wsbonline.com/business/business-special-offers","2026-09-22"
"waterstone-business-700-positive-pay","WaterStone Bank","Business Interest Checking ($50,000 tier) - positive-pay","checking","true","85000","OpeneligibleBusinessChecking inbranch. Maintain$50,000 averagebalance inthirdFULLstatementcycle;10customer-initiatedtransactionswithin90days; accountopen/active. EnrollPositivePay(Check/ACH/both) within90days. BaseandPositivePaybonuspaid thirdfullcycle; Merchantbonus sixthfullcycle. Closingwithin180daysrecapturesallbonusesplus$30closingfee. Inactiveover60days:$10monthlyfee.","https://www.wsbonline.com/business/business-special-offers","https://www.wsbonline.com/business/business-special-offers","","","","Newbusinesscustomers; Wisconsinbranchfootprint. Generalandveteranheadingshaveidenticalbonusdisclosures; treatedassamecampaign,nodoublecount.","2026-09-09","0.05","account_opening","https://www.wsbonline.com/business/business-special-offers","2026-02-13","All3balancecash tiers andservicecombinations captured. ExplicitBusinessInterestChecking APY0.05%entirebalance≥$2,500; variable. Eligibilityforspecificlegalentity/accountmustbeconfirmed. Noexactstatementcalendar/endpoints; not90dayhold. Publishedlowtierupperbound$24,499.99leavesgap before$25,000; unchanged. Unknownservicefeesnotincluded.","10000","branch_only","","unknown","","","180","","","","","","","","unknown","","","","","",""
"waterstone-business-700-positive-pay-merchant","WaterStone Bank","Business Interest Checking ($50,000 tier) - positive-pay-merchant","checking","true","100000","OpeneligibleBusinessChecking inbranch. Maintain$50,000 averagebalance inthirdFULLstatementcycle;10customer-initiatedtransactionswithin90days; accountopen/active. EnrollPositivePay(Check/ACH/both) within90days. EstablishWaterStoneMerchantServices within180days. BaseandPositivePaybonuspaid thirdfullcycle; Merchantbonus sixthfullcycle. Closingwithin180daysrecapturesallbonusesplus$30closingfee. Inactiveover60days:$10monthlyfee.","https://www.wsbonline.com/business/business-special-offers","https://www.wsbonline.com/business/business-special-offers","","","","Newbusinesscustomers; Wisconsinbranchfootprint. Generalandveteranheadingshaveidenticalbonusdisclosures; treatedassamecampaign,nodoublecount.","2026-09-09","0.05","account_opening","https://www.wsbonline.com/business/business-special-offers","2026-02-13","All3balancecash tiers andservicecombinations captured. ExplicitBusinessInterestChecking APY0.05%entirebalance≥$2,500; variable. Eligibilityforspecificlegalentity/accountmustbeconfirmed. Noexactstatementcalendar/endpoints; not90dayhold. Publishedlowtierupperbound$24,499.99leavesgap before$25,000; unchanged. Unknownservicefeesnotincluded. Merchant service funding/fee requirements and overlap not established; total capital remains unknown, known balance leg retained.","10000","branch_only","","unknown","","","180","unknown","","","","","","","unknown","","","","$100.00: Opening minimum, not total capital. $50,000.00: Average balance in third full statement cycle, not a 90-day hold. Opening and tier balance verified. Merchant-services funding/reserve requirements and transaction funding/overlap remain unspecified; product page does not establish zero incremental capital. Preserve explicit unknown total and statement-cycle timing.","https://www.wsbonline.com/business/business-special-offers","2026-09-22"
"bell-business-baxbus500","Bell Bank","Business Checking - BAXBUS500","checking","true","50000","OpenMarch1–September30,2026 withBAXBUS500. Accountactive90days,10point-of-saledebittransactions and$5,000minimumdailybalance maintained90days. Bonuswithin5businessdays afterqualification. $50openingminimum.","https://bell.bank/business/services/small-business-checking-baxter","https://bell.bank/business/services/small-business-checking-baxter","2026-09-30","0","","Newfirst-timebusinesschecking only; CrowWing,Cass,Morrison or Atkin County,Minn. aswrittenbybank. Oneperbusiness/account; cannotcombine.","2026-09-09","","account_opening","","","Bank spells countyAtkin; notnormalized.90-dayholdverified butfundingdeadline/holdanchor notexplicit enoughforexactoffsets. APYunverified; noassumptionthat90dayskeepopenpermitsclosurebeforepayout.","5000","online","","included_states","MN","Business must be in Crow Wing, Cass, Morrison or Aitkin (bank spells 'Atkin') County, Minnesota","90","","","","","","","","unknown","","","","","",""
"bar-harbor-personal-200","Bar Harbor Bank & Trust","Simple Checking","checking","false","20000","OpenSeptember1–October31,2026 usingC10926A02ONLINE ororiginalcoupon/letter. Receiveonequalifyingdirectdeposit ofatleast$250 byDecember31,2026. Bonuson/aboutJanuary15,2027; accountopen/goodstanding. Employer/corporation/government/retirementadministratorDDonly; noindividualonline/P2P/PayPal/teller/ATMdeposits.","https://www.barharbor.bank/cashbonus","https://www.barharbor.bank/cashbonus","2026-10-31","0","Simple no monthlyfee, paperfeewaivedwitheStatements; Relationship$15waivedwith$7,500combinedminimumdailybalance.","ME,NH,VTresidents. No consumerchecking in15months; oneopeningpromotionever; oneperhousehold; employeesexcluded; nontransferable,nootherofferstacking.","2026-09-09","0","","https://www.barharbor.bank/cashbonus","2026-09-09","CalendarDDdeadlineDecember31,2026notconvertedtoarbitraryopeningwindow. Requestedcumulativecapital0%7-dayDDmodel. Opening$25ancillaryoverlapunverified. Simpleexplicitlynoninterestbearing; RelationshipAPYunknown.","2500","online","","included_states","ME;NH;VT","","","","","","","","","","yes","https://www.doctorofcredit.com/me-nh-in-branch-only-bar-harbor-bank-trust-100-checking-bonus/","2026-09-24","ChexSystems: Yes DoC article ChexSystems field, 2026-07-11. DoC's personal $100 checking article says Yes and DoC's do/don't-pull list has Bar Harbor under 'Does pull'; the companion $300 article lists Unknown. Secondary reported screening, not a bank guarantee.","","",""
"bar-harbor-personal-400","Bar Harbor Bank & Trust","Relationship Rewards Checking","checking","false","40000","OpenSeptember1–October31,2026 usingC40926A02ONLINE ororiginalcoupon/letter. Receiveonequalifyingdirectdeposit ofatleast$500 byDecember31,2026. Bonuson/aboutJanuary15,2027; accountopen/goodstanding. Employer/corporation/government/retirementadministratorDDonly; noindividualonline/P2P/PayPal/teller/ATMdeposits.","https://www.barharbor.bank/cashbonus","https://www.barharbor.bank/cashbonus","2026-10-31","1500","Simple no monthlyfee, paperfeewaivedwitheStatements; Relationship$15waivedwith$7,500combinedminimumdailybalance.","ME,NH,VTresidents. No consumerchecking in15months; oneopeningpromotionever; oneperhousehold; employeesexcluded; nontransferable,nootherofferstacking.","2026-09-09","","","","","CalendarDDdeadlineDecember31,2026notconvertedtoarbitraryopeningwindow. Requestedcumulativecapital0%7-dayDDmodel. Opening$25ancillaryoverlapunverified. Simpleexplicitlynoninterestbearing; RelationshipAPYunknown.","2500","online","","included_states","ME;NH;VT","","","","","","","","","","yes","https://www.doctorofcredit.com/me-nh-in-branch-only-bar-harbor-bank-trust-100-checking-bonus/","2026-09-24","ChexSystems: Yes DoC article ChexSystems field, 2026-07-11. DoC's personal $100 checking article says Yes and DoC's do/don't-pull list has Bar Harbor under 'Does pull'; the companion $300 article lists Unknown. Secondary reported screening, not a bank guarantee.","","",""
"bar-harbor-business-400","Bar Harbor Bank & Trust","Easy Business Checking","checking","true","40000","OpenatbranchSeptember1–October31,2026 withoriginalcoupon/letterandB10926A02ONLINE. $100minimumopeningdeposit. Receive$2,500totalcash/check/electronicdeposits byDecember31,2026; transfersfromexistingBarHarborcheckingexcluded. Bonuson/aboutJanuary15,2027; open/goodstanding.","https://www.barharbor.bank/cashbonus","https://www.barharbor.bank/cashbonus","2026-10-31","0","Easy Business Checking has no monthly service charge; $3 paper statements waived with eStatements; first 150 items free, $0.35 thereafter.","ME,NH,VTresidents. No businesscheckingin15months; onlyoneopeningpromotionever; oneperbusiness; employeesexcluded. Nocombining.","2026-09-09","0","","https://www.barharbor.bank/commercial/checking/commercial-checking-accounts","2026-09-09","Businesslegalexplicitlyallowscash/check/electronic,despitetableheadingdirectdeposit. DonotmodelasDD. Nodepositbalanceholdstated; APY/endpointsunknown. Quality review: exact selected Business Checking product comparison explicitly says Interest Paid/Earns Interest: No; APY 0 verified 2026-09-09, superseding earlier unknown note.","10000","branch_only","","included_states","ME;NH;VT","","","","","","","","","","unknown","","","","","",""
"hancock-whitney-freestyle-checking-300","Hancock Whitney","Freestyle Checking","checking","false","30000","Obtain required promo code and open by February28,2027 using same email as code request. Accounts open with POSITIVE balance at bonus award within135 days of opening. Checking closed within180 days: $20 fee and possible bonus clawback. Savings $20 available-balance hold refunded only BEYOND180 days; keep_open_days181 is conservative, not a $5,000 hold for181 days. Receive $2,000 total qualifying recurring electronic DD within90 days; own transfers/P2P/tax refunds/wires/branch/ATM/mobile deposits excluded.","https://www.hancockwhitney.com/26-acq-1513100-600","https://www.hancockwhitney.com/26-acq-1513100-600","2027-02-28","1000","Checking $10 waived one client-initiated debit/credit per statement cycle or qualifying age. Savings $5 waived $250 daily balance OR one client-initiated transaction per cycle OR age64+ (under18 also listed but promo18+). Manage each account through payout/closure.","TARGETED addressed recipient only, nontransferable; residents TX/LA/MS/AL/FL age18+. New checking client, no current checking/recent90-day closure/negative closure within3 years. One checking and one savings bonus/household every2 calendar years, lifetime maximum2 each; no outside stacking.","2026-09-13","","account_opening","","","DoC: https://www.doctorofcredit.com/la-ms-fl-al-tx-hancock-whitney-bank-600-checking-savings-bonus/ First-party campaign: https://www.hancockwhitney.com/26-acq-1513100-600. Primary campaign contains fee/APY and closure disclosures. DoC stale $3,000DD/$12 fee/old2025 dates superseded; $1,000 variant not verified, not added. Savings2.25% on $5,000 browser asof09/12/2026; extraction showed09/13 (dynamic date discrepancy). Mixed combined APY blank. Savings60-day wording leaves exact safe endpoint unknown: hold_days60 only, not hold_until. Illustrative day30->90 in supplementary audit is NOT verified bank interval. DD MODEL0% seven days, bank count unstated so model defaults one. Opening25 each/50 combined ancillary, overlap unknown. Positive payout balances, fees and $20 hold must not be ignored in a complete net comparison.","2500","online","","included_states","TX;LA;MS;AL;FL","Targeted addressed recipient only; not all residents qualify.","180","200000","","","","","","","no","https://www.doctorofcredit.com/la-ms-fl-al-tx-hancock-whitney-bank-600-checking-savings-bonus/","2026-09-24","ChexSystems: No DoC article ChexSystems field, 2026-09-12. Personal checking+savings post; comments agree (openings with Chex frozen, Equifax is the bureau used). Secondary reported screening, not a bank guarantee.","","",""
"hancock-whitney-freestyle-savings-100","Hancock Whitney","Freestyle Savings","savings","false","10000","Obtain required promo code and open by February28,2027 using same email as code request. Accounts open with POSITIVE balance at bonus award within135 days of opening. Checking closed within180 days: $20 fee and possible bonus clawback. Savings $20 available-balance hold refunded only BEYOND180 days; keep_open_days181 is conservative, not a $5,000 hold for181 days. Deposit $5,000 within30 days and maintain $5,000 minimum daily balance for60 days.","https://www.hancockwhitney.com/26-acq-1513100-600","https://www.hancockwhitney.com/26-acq-1513100-600","2027-02-28","500","Checking $10 waived one client-initiated debit/credit per statement cycle or qualifying age. Savings $5 waived $250 daily balance OR one client-initiated transaction per cycle OR age64+ (under18 also listed but promo18+). Manage each account through payout/closure.","TARGETED addressed recipient only, nontransferable; residents TX/LA/MS/AL/FL age18+. New checking client, no current checking/recent90-day closure/negative closure within3 years. One checking and one savings bonus/household every2 calendar years, lifetime maximum2 each; no outside stacking.","2026-09-13","2.25","account_opening","https://www.hancockwhitney.com/26-acq-1513100-600","2026-09-12","DoC: https://www.doctorofcredit.com/la-ms-fl-al-tx-hancock-whitney-bank-600-checking-savings-bonus/ First-party campaign: https://www.hancockwhitney.com/26-acq-1513100-600. Primary campaign contains fee/APY and closure disclosures. DoC stale $3,000DD/$12 fee/old2025 dates superseded; $1,000 variant not verified, not added. Savings2.25% on $5,000 browser asof09/12/2026; extraction showed09/13 (dynamic date discrepancy). Mixed combined APY blank. Savings60-day wording leaves exact safe endpoint unknown: hold_days60 only, not hold_until. Illustrative day30->90 in supplementary audit is NOT verified bank interval. DD MODEL0% seven days, bank count unstated so model defaults one. Opening25 each/50 combined ancillary, overlap unknown. Positive payout balances, fees and $20 hold must not be ignored in a complete net comparison.","2500","online","","included_states","TX;LA;MS;AL;FL","Targeted addressed recipient only; not all residents qualify.","181","500000","","","","","","","no","https://www.doctorofcredit.com/la-ms-fl-al-tx-hancock-whitney-bank-600-checking-savings-bonus/","2026-09-24","ChexSystems: No DoC article ChexSystems field, 2026-09-12. Personal checking+savings post; comments agree (openings with Chex frozen, Equifax is the bureau used). Secondary reported screening, not a bank guarantee.","","",""
"hancock-whitney-freestyle-combined-600","Hancock Whitney","Freestyle Checking + Savings","other","false","60000","Obtain required promo code and open by February28,2027 using same email as code request. Accounts open with POSITIVE balance at bonus award within135 days of opening. Checking closed within180 days: $20 fee and possible bonus clawback. Savings $20 available-balance hold refunded only BEYOND180 days; keep_open_days181 is conservative, not a $5,000 hold for181 days. Open BOTH accounts at SAME TIME. Receive $2,000 qualifying DD within90 days AND fund savings $5,000 within30 days, maintain60 days. $600=$300 checking+$100 savings+$200 extra; components and combined not additive.","https://www.hancockwhitney.com/26-acq-1513100-600","https://www.hancockwhitney.com/26-acq-1513100-600","2027-02-28","1500","Checking $10 waived one client-initiated debit/credit per statement cycle or qualifying age. Savings $5 waived $250 daily balance OR one client-initiated transaction per cycle OR age64+ (under18 also listed but promo18+). Manage each account through payout/closure.","TARGETED addressed recipient only, nontransferable; residents TX/LA/MS/AL/FL age18+. New checking client, no current checking/recent90-day closure/negative closure within3 years. One checking and one savings bonus/household every2 calendar years, lifetime maximum2 each; no outside stacking.","2026-09-13","","account_opening","","","DoC: https://www.doctorofcredit.com/la-ms-fl-al-tx-hancock-whitney-bank-600-checking-savings-bonus/ First-party campaign: https://www.hancockwhitney.com/26-acq-1513100-600. Primary campaign contains fee/APY and closure disclosures. DoC stale $3,000DD/$12 fee/old2025 dates superseded; $1,000 variant not verified, not added. Savings2.25% on $5,000 browser asof09/12/2026; extraction showed09/13 (dynamic date discrepancy). Mixed combined APY blank. Savings60-day wording leaves exact safe endpoint unknown: hold_days60 only, not hold_until. Illustrative day30->90 in supplementary audit is NOT verified bank interval. DD MODEL0% seven days, bank count unstated so model defaults one. Opening25 each/50 combined ancillary, overlap unknown. Positive payout balances, fees and $20 hold must not be ignored in a complete net comparison.","5000","online","","included_states","TX;LA;MS;AL;FL","Targeted addressed recipient only; not all residents qualify.","181","700000","","","","","","","no","https://www.doctorofcredit.com/la-ms-fl-al-tx-hancock-whitney-bank-600-checking-savings-bonus/","2026-09-24","ChexSystems: No DoC article ChexSystems field, 2026-09-12. Personal checking+savings post; comments agree (openings with Chex frozen, Equifax is the bureau used). Secondary reported screening, not a bank guarantee.","","",""
"1st-united-credit-union-business-checking-100","1st United Credit Union","Business Checking","checking","true","10000","Open new business checking using SMALLBIZ; bonus by tenth of month following opening. Schedule branch appointment with business specialist. Required business share savings has $5 minimum balance.","https://www.1stunitedcu.org/business-checking","https://www.1stunitedcu.org/business-checking","","0","Business accounts have no monthly fee; 25 over-the-counter check deposits per month are free. Other optional charges excluded.","CA membership and business account approval required; existing 1st United business checking excluded.","2026-09-09","","","","","Live bank offers $100, not discovery $200. Checking minimum funding, APY and safe withdrawal not stated; $5 membership share is separately known and not the entire denominator.","","branch_only","","unknown","","","","unknown","","Enter SMALLBIZ when applying for the new business checking account.","https://www.1stunitedcu.org/business-checking","2026-09-22","","SMALLBIZ","yes","https://www.doctorofcredit.com/ymmv-select-ca-areas-only-1st-united-credit-union-200-business-checking-bonus/","2026-09-24","Checking account and debit card establishment are subject to approval through ChexSystems. DoC ChexSystems do/don't-pull list or quoted bank terms, 2022-02-09. Bank's own offer terms quoted in an older (2022) DoC business-checking article; the article's own field says 'ChexSystems: Unknown', but the quoted bank terms state ChexSystems approval explicitly. Secondary reported screening, not a bank guarantee.","$5.00: Business share savings minimum; not checking opening deposit or full total. Business share $5 minimum verified in live campaign and browser. Neither gives business checking opening minimum; complete funding total unresolved. Consumer no-minimum checking cannot substitute for business terms.","https://www.1stunitedcu.org/business-checking","2026-09-22"
"midfirst-bank-momentum-business-checking-300","MidFirst Bank","Momentum Business Checking","checking","true","30000","Open eligible account 6/1–12/31/2026 in AZ, OK or TX. Maintain average ledger balance at least $7,500 during first 90 days. Credit within 110 days; keep open active good standing at credit. Closing within 90 days may forfeit bonus and incur fee.","https://www.midfirst.com/business-offer","https://www.midfirst.com/business-offer","2026-12-31","4000","$7,500 average monthly balance waives $40 fee.","AZ/OK/TX; one per business relationship with no existing or previous MidFirst business checking; prior negative closure excluded.","2026-09-09","","","","","90-day average-balance requirement is not a fixed daily-balance funding deadline. Latest funding/withdrawal and APY not numerically established. Ancillary merchant/loan rebates are not bank-account opening cash tiers.","","branch_only","","unknown","","Account must be opened at a MidFirst branch in AZ, OK or TX; no business-location rule is stated.","90","","","","","","","","unknown","","","","","",""
"secu-maryland-interest-earning-business-checking-350","SECU Maryland","Interest-earning Business Checking","checking","true","35000","Open 7/1–12/31/2026 with BB350. Average daily balance $5,000 first two monthly statement cycles. Within 60 days enroll e-statements, mobile and online banking. $100 checking opening and $10 share savings required. Bonus within 90 days after qualification; maintain membership/good standing and digital enrollment.","https://www.secumd.org/promo/350-business-checking/","https://www.secumd.org/promo/350-business-checking/","2026-12-31","0","","Business located MD/PA/DE/WV/VA/DC; no eligible business checking in 24 months; estates excluded; one per business membership including related entities; membership approval required.","2026-09-09","2.00","","https://www.secumd.org/promo/350-business-checking/","2025-08-01","2.00% applies to interest-earning/nonprofit checking, selected interest-earning account. Two statement cycles cannot be fabricated as 60 days; actual funding/withdrawal dates missing. $10 separate membership share excluded from promotional balance denominator.","10000","online","","included_states","MD;PA;DE;WV;VA;DC","","","","","","","","","","yes","https://www.doctorofcredit.com/md-pa-de-wv-va-d-c-secu-350-business-checking-bonus/","2026-09-24","ChexSystems: Yes DoC article ChexSystems field, 2026-07-26. DoC business checking article; a July 2026 comment confirms 'Chex was pulled'. Secondary reported screening, not a bank guarantee.","","",""
"stanford-federal-credit-union-new-member-spending-dd-and-card-spend-reward-500","Stanford Federal Credit Union","New member spending DD and card-spend reward","checking","false","50000","Activate CashBack+ offer; Everyday, High Yield or Student Spending account; $2,500 payroll or Social Security DD each month AND $1,000 combined debit/credit-card spend per month for same three consecutive calendar months within eligibility period. Rewards redeemable/transferrable from CashBack+ wallet; normally by fifth business day next month. Keep open active good standing. Exclude checks, transfers, Venmo, Zelle and PayPal; exclude card refunds/returns. Activate before qualifying activity.","https://www.sfcu.org/why-stanford-fcu/membership-benefits/offer","https://www.sfcu.org/why-stanford-fcu/membership-benefits/offer","","0","No monthly service fee for the required spending account; other optional charges excluded.","New members only; valid US phone and membership eligibility required; excludes existing members/employees, additional and joint accounts; activate each offer in CashBack+ and complete through end of third full calendar month after membership enrollment. Current campaign: joining beginning April3 2026. No combining other Stanford FCU promotions.","2026-09-09","","membership_establishment","","","Current offers for members joining from 4/3/2026, not old $620 headline. $7,500 cumulative DD leg at requested 0% seven days each; $3,000 spending leg known, DD/spend overlap not established so total capital blank. Credit-card application $35 is not a bank account cash tier. Browser bot-blocked but alternate official /offer and /podcast extractions agree on complete current disclosure. Current/Prior Promotion sections distinguish April3 onward from March4–April2 terms. Issuer expressly permits independently earning individual offers. doc-121 duplicate removed.","","online","","unknown","","","","unknown","","Activate the individual offer in CashBack+ and complete it within the displayed eligibility period.","https://www.sfcu.org/why-stanford-fcu/membership-benefits/offer","2026-09-22","","","yes","https://www.doctorofcredit.com/ca-only-stanford-federal-credit-union-100-checking-bonus/","2026-09-24","Does pull Chex. DoC reader datapoints (article field unknown or absent), 2026-06-09. The article has no Chex field. 2026 comments report a Chex pull and Chex denials, and DoC's Chex list has Stanford Credit Union under 'Does pull'. Secondary reported screening, not a bank guarantee.","$7,500.00: $2,500 each of three consecutive calendar months; $7,500 cumulative DD leg, not per-deposit minimum or complete capital. $3,000.00: $1,000 combined debit/credit spend each of the same three months. Current tier verified, but membership user-funded opening amount is not established from complete retrieved disclosure. Browser is Cloudflare-blocked; alternate new-member-offer extraction returned unrelated Loyalty+ terms and was not treated as campaign evidence. Membership-share sponsorship is not certified from a search snippet. DD/spend funding overlap is unestablished; do not sum legs.","https://www.sfcu.org/why-stanford-fcu/membership-benefits/offer","2026-09-22"
"stanford-federal-credit-union-additional-savings-cash-reward-30","Stanford Federal Credit Union","Additional savings cash reward","savings","false","3000","Activate independent CashBack+ new-member offer. Open additional savings or certificate with minimum $1,000 balance. Complete within membership enrollment through end of third full calendar month. Reward paid to cash-redeemable wallet normally by fifth business day next month; keep open active good standing.","https://www.sfcu.org/why-stanford-fcu/membership-benefits/offer","https://www.sfcu.org/why-stanford-fcu/membership-benefits/offer","","","","New members only; valid US phone and membership eligibility required; excludes existing members/employees, additional and joint accounts; activate each offer in CashBack+ and complete through end of third full calendar month after membership enrollment. Current campaign: joining beginning April3 2026. No combining other Stanford FCU promotions.","2026-09-09","","","","","Additional savings/certificate balance $1,000 known; total membership opening capital, chosen account APY, latest funding and safe withdrawal unknown. Issuer explicitly allows independent earning; not stacked with duplicate doc-121.","","online","","unknown","","","","unknown","","","","","","","yes","https://www.doctorofcredit.com/ca-only-stanford-federal-credit-union-100-checking-bonus/","2026-09-24","Does pull Chex. DoC reader datapoints (article field unknown or absent), 2026-06-09. The article has no Chex field. 2026 comments report a Chex pull and Chex denials, and DoC's Chex list has Stanford Credit Union under 'Does pull'. Secondary reported screening, not a bank guarantee.","$1,000.00: Additional savings/certificate minimum; independent reward, not total membership capital. Current tier verified, but membership user-funded opening amount is not established from complete retrieved disclosure. Browser is Cloudflare-blocked; alternate new-member-offer extraction returned unrelated Loyalty+ terms and was not treated as campaign evidence. Membership-share sponsorship is not certified from a search snippet.","https://www.sfcu.org/why-stanford-fcu/membership-benefits/offer","2026-09-22"
"stanford-federal-credit-union-welcome-appointment-cash-reward-25","Stanford Federal Credit Union","Welcome appointment cash reward","checking","false","2500","Activate independent CashBack+ new-member offer. Attend new member welcome appointment. Complete within membership enrollment through end of third full calendar month. Reward paid to cash-redeemable wallet normally by fifth business day next month; keep open active good standing.","https://www.sfcu.org/why-stanford-fcu/membership-benefits/offer","https://www.sfcu.org/why-stanford-fcu/membership-benefits/offer","","0","No monthly service fee for the required spending account; other optional charges excluded.","New members only; valid US phone and membership eligibility required; excludes existing members/employees, additional and joint accounts; activate each offer in CashBack+ and complete through end of third full calendar month after membership enrollment. Current campaign: joining beginning April3 2026. No combining other Stanford FCU promotions.","2026-09-09","","","","","Independent first-party cash reward, not an assumed stack. Exact capital, purchase/transfer minimum where applicable, APY and safe withdrawal not established. $35 credit-card application component excluded from bank feed; no $625 aggregate row. Current/Prior Promotion sections distinguish April3 onward from March4–April2 terms. Issuer expressly permits independently earning individual offers. doc-121 duplicate removed.","","online","","unknown","","","","unknown","","Activate the individual offer in CashBack+ and complete it within the displayed eligibility period.","https://www.sfcu.org/why-stanford-fcu/membership-benefits/offer","2026-09-22","","","yes","https://www.doctorofcredit.com/ca-only-stanford-federal-credit-union-100-checking-bonus/","2026-09-24","Does pull Chex. DoC reader datapoints (article field unknown or absent), 2026-06-09. The article has no Chex field. 2026 comments report a Chex pull and Chex denials, and DoC's Chex list has Stanford Credit Union under 'Does pull'. Secondary reported screening, not a bank guarantee.","Current tier verified, but membership user-funded opening amount is not established from complete retrieved disclosure. Browser is Cloudflare-blocked; alternate new-member-offer extraction returned unrelated Loyalty+ terms and was not treated as campaign evidence. Membership-share sponsorship is not certified from a search snippet.","https://www.sfcu.org/why-stanford-fcu/membership-benefits/offer","2026-09-22"
"stanford-federal-credit-union-estatements-cash-reward-15","Stanford Federal Credit Union","eStatements cash reward","checking","false","1500","Activate independent CashBack+ new-member offer. Enroll in eStatements for electronic statements and notifications. Complete within membership enrollment through end of third full calendar month. Reward paid to cash-redeemable wallet normally by fifth business day next month; keep open active good standing.","https://www.sfcu.org/why-stanford-fcu/membership-benefits/offer","https://www.sfcu.org/why-stanford-fcu/membership-benefits/offer","","0","No monthly service fee for the required spending account; other optional charges excluded.","New members only; valid US phone and membership eligibility required; excludes existing members/employees, additional and joint accounts; activate each offer in CashBack+ and complete through end of third full calendar month after membership enrollment. Current campaign: joining beginning April3 2026. No combining other Stanford FCU promotions.","2026-09-09","","","","","Independent first-party cash reward, not an assumed stack. Exact capital, purchase/transfer minimum where applicable, APY and safe withdrawal not established. $35 credit-card application component excluded from bank feed; no $625 aggregate row. Current/Prior Promotion sections distinguish April3 onward from March4–April2 terms. Issuer expressly permits independently earning individual offers. doc-121 duplicate removed.","","online","","unknown","","","","unknown","","Activate the individual offer in CashBack+ and complete it within the displayed eligibility period.","https://www.sfcu.org/why-stanford-fcu/membership-benefits/offer","2026-09-22","","","yes","https://www.doctorofcredit.com/ca-only-stanford-federal-credit-union-100-checking-bonus/","2026-09-24","Does pull Chex. DoC reader datapoints (article field unknown or absent), 2026-06-09. The article has no Chex field. 2026 comments report a Chex pull and Chex denials, and DoC's Chex list has Stanford Credit Union under 'Does pull'. Secondary reported screening, not a bank guarantee.","Current tier verified, but membership user-funded opening amount is not established from complete retrieved disclosure. Browser is Cloudflare-blocked; alternate new-member-offer extraction returned unrelated Loyalty+ terms and was not treated as campaign evidence. Membership-share sponsorship is not certified from a search snippet.","https://www.sfcu.org/why-stanford-fcu/membership-benefits/offer","2026-09-22"
"stanford-federal-credit-union-digital-alerts-cash-reward-5","Stanford Federal Credit Union","Digital alerts cash reward","checking","false","500","Activate independent CashBack+ new-member offer. Opt in to digital banking account alerts and set up at least one alert. Complete within membership enrollment through end of third full calendar month. Reward paid to cash-redeemable wallet normally by fifth business day next month; keep open active good standing.","https://www.sfcu.org/why-stanford-fcu/membership-benefits/offer","https://www.sfcu.org/why-stanford-fcu/membership-benefits/offer","","0","No monthly service fee for the required spending account; other optional charges excluded.","New members only; valid US phone and membership eligibility required; excludes existing members/employees, additional and joint accounts; activate each offer in CashBack+ and complete through end of third full calendar month after membership enrollment. Current campaign: joining beginning April3 2026. No combining other Stanford FCU promotions.","2026-09-09","","","","","Independent first-party cash reward, not an assumed stack. Exact capital, purchase/transfer minimum where applicable, APY and safe withdrawal not established. $35 credit-card application component excluded from bank feed; no $625 aggregate row. Current/Prior Promotion sections distinguish April3 onward from March4–April2 terms. Issuer expressly permits independently earning individual offers. doc-121 duplicate removed.","","online","","unknown","","","","unknown","","Activate the individual offer in CashBack+ and complete it within the displayed eligibility period.","https://www.sfcu.org/why-stanford-fcu/membership-benefits/offer","2026-09-22","","","yes","https://www.doctorofcredit.com/ca-only-stanford-federal-credit-union-100-checking-bonus/","2026-09-24","Does pull Chex. DoC reader datapoints (article field unknown or absent), 2026-06-09. The article has no Chex field. 2026 comments report a Chex pull and Chex denials, and DoC's Chex list has Stanford Credit Union under 'Does pull'. Secondary reported screening, not a bank guarantee.","Current tier verified, but membership user-funded opening amount is not established from complete retrieved disclosure. Browser is Cloudflare-blocked; alternate new-member-offer extraction returned unrelated Loyalty+ terms and was not treated as campaign evidence. Membership-share sponsorship is not certified from a search snippet.","https://www.sfcu.org/why-stanford-fcu/membership-benefits/offer","2026-09-22"
"stanford-federal-credit-union-first-zelle-cash-reward-5","Stanford Federal Credit Union","First Zelle cash reward","checking","false","500","Activate independent CashBack+ new-member offer. Send money through Zelle for first time. Complete within membership enrollment through end of third full calendar month. Reward paid to cash-redeemable wallet normally by fifth business day next month; keep open active good standing.","https://www.sfcu.org/why-stanford-fcu/membership-benefits/offer","https://www.sfcu.org/why-stanford-fcu/membership-benefits/offer","","0","No monthly service fee for the required spending account; other optional charges excluded.","New members only; valid US phone and membership eligibility required; excludes existing members/employees, additional and joint accounts; activate each offer in CashBack+ and complete through end of third full calendar month after membership enrollment. Current campaign: joining beginning April3 2026. No combining other Stanford FCU promotions.","2026-09-09","","","","","Independent first-party cash reward, not an assumed stack. Exact capital, purchase/transfer minimum where applicable, APY and safe withdrawal not established. $35 credit-card application component excluded from bank feed; no $625 aggregate row. Current/Prior Promotion sections distinguish April3 onward from March4–April2 terms. Issuer expressly permits independently earning individual offers. doc-121 duplicate removed.","","online","","unknown","","","","unknown","","Activate the individual offer in CashBack+ and complete it within the displayed eligibility period.","https://www.sfcu.org/why-stanford-fcu/membership-benefits/offer","2026-09-22","","","yes","https://www.doctorofcredit.com/ca-only-stanford-federal-credit-union-100-checking-bonus/","2026-09-24","Does pull Chex. DoC reader datapoints (article field unknown or absent), 2026-06-09. The article has no Chex field. 2026 comments report a Chex pull and Chex denials, and DoC's Chex list has Stanford Credit Union under 'Does pull'. Secondary reported screening, not a bank guarantee.","Current tier verified, but membership user-funded opening amount is not established from complete retrieved disclosure. Browser is Cloudflare-blocked; alternate new-member-offer extraction returned unrelated Loyalty+ terms and was not treated as campaign evidence. Membership-share sponsorship is not certified from a search snippet. Transaction dollar amount is also unspecified.","https://www.sfcu.org/why-stanford-fcu/membership-benefits/offer","2026-09-22"
"stanford-federal-credit-union-round-up-cash-reward-5","Stanford Federal Credit Union","Round Up cash reward","checking","false","500","Activate independent CashBack+ new-member offer. Set up Round Up on Stanford FCU debit card purchases. Complete within membership enrollment through end of third full calendar month. Reward paid to cash-redeemable wallet normally by fifth business day next month; keep open active good standing.","https://www.sfcu.org/why-stanford-fcu/membership-benefits/offer","https://www.sfcu.org/why-stanford-fcu/membership-benefits/offer","","0","No monthly service fee for the required spending account; other optional charges excluded.","New members only; valid US phone and membership eligibility required; excludes existing members/employees, additional and joint accounts; activate each offer in CashBack+ and complete through end of third full calendar month after membership enrollment. Current campaign: joining beginning April3 2026. No combining other Stanford FCU promotions.","2026-09-09","","","","","Independent first-party cash reward, not an assumed stack. Exact capital, purchase/transfer minimum where applicable, APY and safe withdrawal not established. $35 credit-card application component excluded from bank feed; no $625 aggregate row. Current/Prior Promotion sections distinguish April3 onward from March4–April2 terms. Issuer expressly permits independently earning individual offers. doc-121 duplicate removed.","","online","","unknown","","","","unknown","","Activate the individual offer in CashBack+ and complete it within the displayed eligibility period.","https://www.sfcu.org/why-stanford-fcu/membership-benefits/offer","2026-09-22","","","yes","https://www.doctorofcredit.com/ca-only-stanford-federal-credit-union-100-checking-bonus/","2026-09-24","Does pull Chex. DoC reader datapoints (article field unknown or absent), 2026-06-09. The article has no Chex field. 2026 comments report a Chex pull and Chex denials, and DoC's Chex list has Stanford Credit Union under 'Does pull'. Secondary reported screening, not a bank guarantee.","Current tier verified, but membership user-funded opening amount is not established from complete retrieved disclosure. Browser is Cloudflare-blocked; alternate new-member-offer extraction returned unrelated Loyalty+ terms and was not treated as campaign evidence. Membership-share sponsorship is not certified from a search snippet.","https://www.sfcu.org/why-stanford-fcu/membership-benefits/offer","2026-09-22"
"stanford-federal-credit-union-cashback-pay-first-purchase-reward-5","Stanford Federal Credit Union","CashBack Pay first purchase reward","checking","false","500","Activate independent CashBack+ new-member offer. Make first purchase in CashBack+ Pay app. Complete within membership enrollment through end of third full calendar month. Reward paid to cash-redeemable wallet normally by fifth business day next month; keep open active good standing.","https://www.sfcu.org/why-stanford-fcu/membership-benefits/offer","https://www.sfcu.org/why-stanford-fcu/membership-benefits/offer","","0","No monthly service fee for the required spending account; other optional charges excluded.","New members only; valid US phone and membership eligibility required; excludes existing members/employees, additional and joint accounts; activate each offer in CashBack+ and complete through end of third full calendar month after membership enrollment. Current campaign: joining beginning April3 2026. No combining other Stanford FCU promotions.","2026-09-09","","","","","Independent first-party cash reward, not an assumed stack. Exact capital, purchase/transfer minimum where applicable, APY and safe withdrawal not established. $35 credit-card application component excluded from bank feed; no $625 aggregate row. Current/Prior Promotion sections distinguish April3 onward from March4–April2 terms. Issuer expressly permits independently earning individual offers. doc-121 duplicate removed.","","online","","unknown","","","","unknown","","Activate the individual offer in CashBack+ and complete it within the displayed eligibility period.","https://www.sfcu.org/why-stanford-fcu/membership-benefits/offer","2026-09-22","","","yes","https://www.doctorofcredit.com/ca-only-stanford-federal-credit-union-100-checking-bonus/","2026-09-24","Does pull Chex. DoC reader datapoints (article field unknown or absent), 2026-06-09. The article has no Chex field. 2026 comments report a Chex pull and Chex denials, and DoC's Chex list has Stanford Credit Union under 'Does pull'. Secondary reported screening, not a bank guarantee.","Current tier verified, but membership user-funded opening amount is not established from complete retrieved disclosure. Browser is Cloudflare-blocked; alternate new-member-offer extraction returned unrelated Loyalty+ terms and was not treated as campaign evidence. Membership-share sponsorship is not certified from a search snippet. Transaction dollar amount is also unspecified.","https://www.sfcu.org/why-stanford-fcu/membership-benefits/offer","2026-09-22"
"cambridge-savings-bank-simple-checking-one-time-reward-500","Cambridge Savings Bank","Simple Checking one-time reward","checking","false","50000","Open/fund checking 5/1–9/30/2026 with $10. eStatements within 30 days. Each first three FULL calendar months after opened/funded: $2,500 cumulative monthly DD and $5,000 average monthly balance. Payout within two months after qualification.","https://www.cambridgesavings.com/checking-savings-bonus-offer","https://www.cambridgesavings.com/checking-savings-bonus-offer","2026-09-30","0","","Live/work MA or NH; ME applicants contact branch. No matching checking or savings/MM account within 12 months for respective offer. Student checking excluded. Open/good standing through qualification/payout.","2026-09-09","0","","https://www.cambridgesavings.com/checking-savings-bonus-offer","","Live campaign replaces stale $300 extraction. $7,500 cumulative DD leg modeled 0% seven days each; overlap with $5,000 held balance not established, total denominator unknown. Full calendar months depend on actual opened/funded date; no invented offsets. Simple Checking explicitly earns no interest.","1000","online","","included_states","MA;NH;ME","Live or work in MA or NH; Maine applicants must visit a branch or call.","","unknown","","","","","","","yes","https://www.doctorofcredit.com/ma-ct-me-nh-ri-vt-cambridge-savings-bank-400-checking-bonus/","2026-09-24","ChexSystems:Yes, looks to be ChexSystems sensitive as well DoC article ChexSystems field, 2026-08-09. DoC article (checking + money market) lists ChexSystems: Yes; 2025-2026 comments report Chex pulls in branch and online. Secondary reported screening, not a bank guarantee.","$10.00: Checking minimum opening amount; not an additional promotional DD minimum $2,500.00: Cumulative qualifying ACH each of three full calendar months; no per-item minimum or exact item count $7,500.00: Three monthly aggregate DD thresholds; not three required DD items $5,000.00: Checking average monthly balance in first three full calendar months All applicable component amounts verified in full browser disclosure. DD/balance overlap is not resolved by issuer; total unknown. Monthly cumulative DD is not a per-deposit minimum or exact DD count. Existing calendar approximations and all deadline/fee/APY fields are outside this funding-only proposal and unchanged.","https://www.cambridgesavings.com/checking-savings-bonus-offer","2026-09-22"
"cambridge-savings-bank-simple-checking-debit-reward-300","Cambridge Savings Bank","Simple Checking debit reward","checking","false","30000","New eligible checking opened/funded 5/1–9/30/2026. Make 10 qualifying debit Mastercard purchases at least $10 each per calendar month during first 12 calendar months after opening/funding. Earn $25 per qualifying month, up to $300; nonqualifying months earn no reward; ATM/cash advances/P2P excluded.","https://www.cambridgesavings.com/checking-savings-bonus-offer","https://www.cambridgesavings.com/checking-savings-bonus-offer","2026-09-30","0","","Live/work MA or NH; ME applicants contact branch. No matching checking or savings/MM account within 12 months for respective offer. Student checking excluded. Open/good standing through qualification/payout.","2026-09-09","0","","https://www.cambridgesavings.com/checking-savings-bonus-offer","","Known $1,200 cumulative consumed spend, not held principal; no invented denominator. Independent component may combine with $500 reward but do not add twice.","1000","online","","included_states","MA;NH;ME","Live or work in MA or NH; Maine applicants must visit a branch or call.","","unknown","","","","","","","yes","https://www.doctorofcredit.com/ma-ct-me-nh-ri-vt-cambridge-savings-bank-400-checking-bonus/","2026-09-24","ChexSystems:Yes, looks to be ChexSystems sensitive as well DoC article ChexSystems field, 2026-08-09. DoC article (checking + money market) lists ChexSystems: Yes; 2025-2026 comments report Chex pulls in branch and online. Secondary reported screening, not a bank guarantee.","$10.00: Checking minimum opening amount; not an additional promotional DD minimum $100.00: 10 purchases of at least $10 in each qualifying calendar month $1,200.00: Minimum consumed purchases for all 12 monthly rewards; not held balance All applicable component amounts verified in full browser disclosure. Opening funds versus consumed spend overlap is not explicitly resolved; keep total unknown rather than adding or recycling. Existing calendar approximations and all deadline/fee/APY fields are outside this funding-only proposal and unchanged.","https://www.cambridgesavings.com/checking-savings-bonus-offer","2026-09-22"
"cambridge-savings-bank-relationship-high-yield-money-market-400","Cambridge Savings Bank","Relationship High-Yield Money Market","money_market","false","40000","Open 5/1–9/30/2026 ($1 minimum, $100 retirement). Maintain $25,000 average monthly balance of external new money for first three FULL calendar months after opening/funding. Payout within two months after qualification.","https://www.cambridgesavings.com/checking-savings-bonus-offer","https://www.cambridgesavings.com/checking-savings-bonus-offer","2026-09-30","","","Live/work MA or NH; ME applicants contact branch. No matching checking or savings/MM account within 12 months for respective offer. Student checking excluded. Open/good standing through qualification/payout.","2026-09-09","1.50","","https://www.cambridgesavings.com/checking-savings-bonus-offer","2026-09-01","Verified base APY tier $10,000–49,999.99 1.50%; no Performance Plus boost assumed. Actual calendar funding and withdrawal endpoints depend on opened/funded date; remain blank. $800 checking and $1,200 combined marketing totals sum listed components, not extra tiers.","100","online","","included_states","MA;NH;ME","Live or work in MA or NH; Maine applicants must visit a branch or call.","","","","","","","","","yes","https://www.doctorofcredit.com/ma-ct-me-nh-ri-vt-cambridge-savings-bank-400-checking-bonus/","2026-09-24","ChexSystems:Yes, looks to be ChexSystems sensitive as well DoC article ChexSystems field, 2026-08-09. DoC article (checking + money market) lists ChexSystems: Yes; 2025-2026 comments report Chex pulls in branch and online. Secondary reported screening, not a bank guarantee.","","",""
"cambridge-savings-bank-800-combined","Cambridge Savings Bank","Simple Checking combined cash rewards","checking","false","80000","Complete BOTH the$500 DD/balance and up-to$300 monthly debit-spend conditions. Total$800 includes both components, not an additional reward. Open/fund checking 5/1–9/30/2026 with $10. eStatements within 30 days. Each first three FULL calendar months after opened/funded: $2,500 cumulative monthly DD and $5,000 average monthly balance. Payout within two months after qualification. New eligible checking opened/funded 5/1–9/30/2026. Make 10 qualifying debit Mastercard purchases at least $10 each per calendar month during first 12 calendar months after opening/funding. Earn $25 per qualifying month, up to $300; nonqualifying months earn no reward; ATM/cash advances/P2P excluded.","https://www.cambridgesavings.com/checking-savings-bonus-offer","https://www.cambridgesavings.com/checking-savings-bonus-offer","2026-09-30","0","","Live/work MA or NH; ME applicants contact branch. No matching checking or savings/MM account within 12 months for respective offer. Student checking excluded. Open/good standing through qualification/payout.","2026-09-09","0","","https://www.cambridgesavings.com/checking-savings-bonus-offer","","Alternative combined marketing total. Do not add component rows again. Total capital unresolved due overlapping DD/balance/spending, and full calendar month endpoints require actual opening/funding dates.","1000","online","","included_states","MA;NH;ME","Live or work in MA or NH; Maine applicants must visit a branch or call.","","unknown","","","","","","","yes","https://www.doctorofcredit.com/ma-ct-me-nh-ri-vt-cambridge-savings-bank-400-checking-bonus/","2026-09-24","ChexSystems:Yes, looks to be ChexSystems sensitive as well DoC article ChexSystems field, 2026-08-09. DoC article (checking + money market) lists ChexSystems: Yes; 2025-2026 comments report Chex pulls in branch and online. Secondary reported screening, not a bank guarantee.","$10.00: Checking minimum opening amount; not an additional promotional DD minimum $2,500.00: Cumulative qualifying ACH each of three full calendar months; no per-item minimum or exact item count $7,500.00: Three monthly aggregate DD thresholds; not three required DD items $5,000.00: Checking average monthly balance in first three full calendar months $100.00: 10 purchases of at least $10 in each qualifying calendar month $1,200.00: Minimum consumed purchases for all 12 monthly rewards; not held balance All applicable component amounts verified in full browser disclosure. DD/balance/spend overlap is not resolved by issuer; total unknown. Monthly cumulative DD is not a per-deposit minimum or exact DD count. Existing calendar approximations and all deadline/fee/APY fields are outside this funding-only proposal and unchanged.","https://www.cambridgesavings.com/checking-savings-bonus-offer","2026-09-22"
"cambridge-savings-bank-1200-combined","Cambridge Savings Bank","Checking and Money Market all cash rewards","other","false","120000","Complete$500 checking DD/balance,$300 monthly checking debit-spend, and$400 money-market conditions. Total$1,200 includes all3 components, not an additional reward. Open/fund checking 5/1–9/30/2026 with $10. eStatements within 30 days. Each first three FULL calendar months after opened/funded: $2,500 cumulative monthly DD and $5,000 average monthly balance. Payout within two months after qualification. New eligible checking opened/funded 5/1–9/30/2026. Make 10 qualifying debit Mastercard purchases at least $10 each per calendar month during first 12 calendar months after opening/funding. Earn $25 per qualifying month, up to $300; nonqualifying months earn no reward; ATM/cash advances/P2P excluded. Open 5/1–9/30/2026 ($1 minimum, $100 retirement). Maintain $25,000 average monthly balance of external new money for first three FULL calendar months after opening/funding. Payout within two months after qualification.","https://www.cambridgesavings.com/checking-savings-bonus-offer","https://www.cambridgesavings.com/checking-savings-bonus-offer","2026-09-30","0","","Live/work MA or NH; ME applicants contact branch. No matching checking or savings/MM account within 12 months for respective offer. Student checking excluded. Open/good standing through qualification/payout.","2026-09-09","","","","","Alternative combined marketing total. Do not add component rows again. Total capital unresolved due overlapping DD/balance/spending, and full calendar month endpoints require actual opening/funding dates.","1000","online","","included_states","MA;NH;ME","Live or work in MA or NH; Maine applicants must visit a branch or call.","","unknown","","","","","","","yes","https://www.doctorofcredit.com/ma-ct-me-nh-ri-vt-cambridge-savings-bank-400-checking-bonus/","2026-09-24","ChexSystems:Yes, looks to be ChexSystems sensitive as well DoC article ChexSystems field, 2026-08-09. DoC article (checking + money market) lists ChexSystems: Yes; 2025-2026 comments report Chex pulls in branch and online. Secondary reported screening, not a bank guarantee.","$10.00: Checking minimum opening amount; not an additional promotional DD minimum $2,500.00: Cumulative qualifying ACH each of three full calendar months; no per-item minimum or exact item count $7,500.00: Three monthly aggregate DD thresholds; not three required DD items $5,000.00: Checking average monthly balance in first three full calendar months $100.00: 10 purchases of at least $10 in each qualifying calendar month $1,200.00: Minimum consumed purchases for all 12 monthly rewards; not held balance $1.00: Non-retirement money-market opening minimum; retirement alternative $100 $25,000.00: Separate external-new-money average monthly balance for three full calendar months All applicable component amounts verified in full browser disclosure. DD/balance/spend overlap is not resolved by issuer; total unknown. Monthly cumulative DD is not a per-deposit minimum or exact DD count. Existing calendar approximations and all deadline/fee/APY fields are outside this funding-only proposal and unchanged.","https://www.cambridgesavings.com/checking-savings-bonus-offer","2026-09-22"
"4front-credit-union-straight4ward-rewards-checking-400","4Front Credit Union","Straight4ward Rewards Checking","checking","false","40000","Use 4Front400. First three consecutive months: log in digital banking, deposit $500 or more (DD optional), eStatements, and 15 debit transactions. Payout first business day fourth month. Account must remain open active good standing.","https://www.4frontcu.com/4front-400","https://www.4frontcu.com/4front-400","","500","No maintenance fee when active; otherwise $5/month.","New members; excludes accounts closed within 3 months, promotional payout within 36 months, employees; MI membership required.","2026-09-09","4.08","","https://www.4frontcu.com/4front-400","2022-10-17","$1,500 cumulative deposits known but not necessarily DD; debit spend amount unknown so total capital blank. Rate up to $15,000 conditional on monthly activities; no invented balance duration. $1 Prime Share membership opening deposit.","100","online","","unknown","","","","unknown","","","","","","","unknown","","","","$500.00: Each first three consecutive months; explicitly not required to be DD. $1.00: Prime Share required for membership; no safe release timing specified. Generic monthly $500 and $1 membership opening deposit verified. Fifteen monthly debit purchases have no dollar minimum; deposit reuse, share release and mixed capital unresolved. Preserve unknown.","https://www.4frontcu.com/4front-400","2026-09-22"
"eastern-bank-free-checking-350","Eastern Bank","Free Checking","checking","false","35000","Open by 9/14/2026. Two or more recurring payroll/pension/government DD totaling $3,000 within 90 days; ordinary transfers/P2P excluded. Payout by 2/11/2027, maintain open positive balance.","https://www.easternbank.com/eastern-bank-combo-offer-2","https://www.easternbank.com/eastern-bank-combo-offer-2","2026-09-14","0","","MA/NH/ME/RI residents 18+ valid tax ID. Primary signer; no corresponding checking/savings or MM ownership since 8/1/2025. One of each offer per household. Open with positive balance through payout by 2/11/2027.","2026-09-09","","account_opening","","","$3,000 cumulative DD at user-assumed 0% seven days per deposit. $25 ancillary opening deposit overlap not confirmed; not included in promotional denominator.","2500","online","","included_states","MA;NH;ME;RI","","","","","","","","","","yes","https://www.doctorofcredit.com/ma-nh-me-ri-eastern-bank-750-checking-savings-bonus/","2026-09-24","ChexSystems: Yes, sensitive DoC article ChexSystems field, 2026-09-15. DoC article for the same $750 checking/savings combo offer (now marked expired). Secondary reported screening, not a bank guarantee.","","",""
"eastern-bank-statement-savings-250","Eastern Bank","Statement Savings","savings","false","25000","Open by 9/14/2026. Deposit $15,000 within 30 days; maintain average daily balance $15,000 over 90-day period beginning day31. Payout by 2/11/2027; remain open positive balance.","https://www.easternbank.com/eastern-bank-combo-offer-2","https://www.easternbank.com/eastern-bank-combo-offer-2","2026-09-14","","","MA/NH/ME/RI residents 18+ valid tax ID. Primary signer; no corresponding checking/savings or MM ownership since 8/1/2025. One of each offer per household. Open with positive balance through payout by 2/11/2027.","2026-09-09","0.01","account_opening","https://www.easternbank.com/eastern-bank-combo-offer-2","2026-07-31","Constant minimum-balance model satisfying required average: latest funding day30 to first withdrawal day121 =91 interest days; bank maintenance days31–120 =90 days. Keep residual positive balance through payout; not closure permission.","1000","online","","included_states","MA;NH;ME;RI","","","","","","","","","","yes","https://www.doctorofcredit.com/ma-nh-me-ri-eastern-bank-750-checking-savings-bonus/","2026-09-24","ChexSystems: Yes, sensitive DoC article ChexSystems field, 2026-09-15. DoC article for the same $750 checking/savings combo offer (now marked expired). Secondary reported screening, not a bank guarantee.","","",""
"eastern-bank-free-checking-and-statement-savings-combined-750","Eastern Bank","Free Checking and Statement Savings combined","other","false","75000","Open both within three business days by 9/14/2026. Checking: two+ qualifying DD $3,000 cumulative within90 days. Savings: $15,000 within30 days, $15,000 average days31–120. Total $750 includes $350 checking +$250 savings +$150 extra; do not add components again.","https://www.easternbank.com/eastern-bank-combo-offer-2","https://www.easternbank.com/eastern-bank-combo-offer-2","2026-09-14","","","MA/NH/ME/RI residents 18+ valid tax ID. Primary signer; no corresponding checking/savings or MM ownership since 8/1/2025. One of each offer per household. Open with positive balance through payout by 2/11/2027.","2026-09-09","","","","","Two separate accounts; total $18,000 includes cumulative $3,000 DD plus $15,000 savings without recycling. DD 0% seven days each; savings 0.01% as of7/31/26 for91 days with separate opening anchor. Schema cannot express both account timelines; mixed ROI not fabricated.","","online","","included_states","MA;NH;ME;RI","","","1800000","","","","","","","yes","https://www.doctorofcredit.com/ma-nh-me-ri-eastern-bank-750-checking-savings-bonus/","2026-09-24","ChexSystems: Yes, sensitive DoC article ChexSystems field, 2026-09-15. DoC article for the same $750 checking/savings combo offer (now marked expired). Secondary reported screening, not a bank guarantee.","","",""
"trunorth-bank-get-real-checking-initial-dd-reward-150","TruNorth Bank","Get Real Checking initial DD reward","checking","false","15000","Open Get Real Checking $10 minimum. Within90 days eStatements and $1,000 aggregate DD OR 25 POS debit transactions at least $10 each. Initial reward by end of statement cycle after90th day. This row models DD route only.","https://trunorthbank.com/landing/specials/","https://trunorthbank.com/landing/specials/","","","","New consumer checking tax owner 16+; one per tax owner, prior bank checking bonus recipients excluded. TruNorth office footprint; MA/CT/RI/NH discovery geography requires applicant confirmation. Positive balance good standing at bonus payout.","2026-09-09","","account_opening","","","DD route $1,000 cumulative at requested 0% seven days each. Alternative debit route consumes at least $250, no assumed balance ROI. Account APY/fees unknown.","1000","online","","unknown","","","","","","","","","","","yes","https://www.doctorofcredit.com/ma-ct-ri-nh-trunoth-bank-300-checking-bonus-direct-deposit-not-required/#comment-2272916","2026-09-24","Update – chex-based rejection the following day (lots/24) DoC reader datapoints (article field unknown or absent), 2026-03-09. DoC article lists ChexSystems: Unknown; a Mar 2026 commenter reports a ChexSystems-based rejection (single datapoint, uncontradicted). Secondary reported screening, not a bank guarantee.","","",""
"trunorth-bank-get-real-checking-initial-and-loyalty-total-300","TruNorth Bank","Get Real Checking initial and loyalty total","checking","false","30000","Earn initial $150 as above: eStatements +$1,000 DD OR25 POS purchases of $10 within90 days. Additional $150 after12 months if still eStatements and recurring DD in last cycle OR5 POS purchases at least $10 in last cycle; loyalty payout by end of cycle after365th day. $300 includes initial bonus, do not double count.","https://trunorthbank.com/landing/specials/","https://trunorthbank.com/landing/specials/","","","","New consumer checking tax owner 16+; one per tax owner, prior bank checking bonus recipients excluded. TruNorth office footprint; MA/CT/RI/NH discovery geography requires applicant confirmation. Positive balance good standing at bonus payout.","2026-09-09","","","","","Loyalty recurring DD has no numeric minimum; or $50 final-cycle debit spending. Total capital unknown; not $1,000 alone. Initial debit route $250 and loyalty $50 are consumed spending not balance hold. No fixed calendar expiry stated.","1000","online","","unknown","","","","unknown","","","","","","","yes","https://www.doctorofcredit.com/ma-ct-ri-nh-trunoth-bank-300-checking-bonus-direct-deposit-not-required/#comment-2272916","2026-09-24","Update – chex-based rejection the following day (lots/24) DoC reader datapoints (article field unknown or absent), 2026-03-09. DoC article lists ChexSystems: Unknown; a Mar 2026 commenter reports a ChexSystems-based rejection (single datapoint, uncontradicted). Secondary reported screening, not a bank guarantee.","$10.00: Get Real Checking opening amount. $300.00: Chosen debit route: $250 initial spend plus $50 loyalty spend, not assumed minimum total funding. $1,000.00: Alternative initial DD route; loyalty recurring DD amount unspecified. Debit path has $300 cumulative purchases across initial/loyalty stages, but opening/debit funding overlap is not expressly established; alternate DD loyalty leg has no amount. Preserve deferred reward and dates; do not sum both alternative routes.","https://trunorthbank.com/landing/specials/","2026-09-22"
"associated-bank-access-checking-1000-balance-tier-300","Associated Bank","Access Checking 1000 balance tier","checking","false","30000","Open/fund by9/30/2026 via campaign. Receive recurring qualifying employer/government DD totaling $500 within90 days. Average all eligible same-primary-holder personal deposit balances days31–90 must reach $1,000. Evaluated day90 or prior business day; pay by120 days. Keep checking open12 months or bank may claw back.","https://www.associatedbank.com/growyourbonus","https://www.associatedbank.com/growyourbonus","2026-09-30","0","","Online: IA/IL/IN/KS/MI/MN/MO/OH/WI; age18+; no checking within12 months and no checking bonus within24 months; employees excluded; one bonus/customer; valid email.","2026-09-09","0","account_opening","https://www.associatedbank.com/pdf/Access-Checking-Product-Disclosure.pdf","2025-05-21","Balance and $500 cumulative DD can overlap same deposit relationships; total capital not fabricated by adding overlapping funds or omitting DD. APY/complete capital model unknown. Average qualifying period days31–90; evaluation may shift to prior business day. Access fee zero confirmed. Access disclosure effective May21 2025 explicitly does not earn interest: APY0 supersedes earlier unknown. Mixed capital unresolved.","2500","online","","included_states","IA;IL;IN;KS;MI;MN;MO;OH;WI","","372","","","","","","","","unknown","","","","Exact URL redirects to a stale/conflicting campaign: extracted headline expires 05/31/2026 and legal June 30, 2026 versus retained September 30. Live browser fails ERR_HTTP2_PROTOCOL_ERROR, including direct canonical retry. Search found a different coupon variant but cannot substitute it for this campaign. No new verified current fields proposed.","https://www.associatedbank.com/yourmoneyworkshere?redir=growyourbonus","2026-09-22"
"associated-bank-access-checking-5000-balance-tier-400","Associated Bank","Access Checking 5000 balance tier","checking","false","40000","Open/fund by9/30/2026 via campaign. Receive recurring qualifying employer/government DD totaling $500 within90 days. Average all eligible same-primary-holder personal deposit balances days31–90 must reach $5,000. Evaluated day90 or prior business day; pay by120 days. Keep checking open12 months or bank may claw back.","https://www.associatedbank.com/growyourbonus","https://www.associatedbank.com/growyourbonus","2026-09-30","0","","Online: IA/IL/IN/KS/MI/MN/MO/OH/WI; age18+; no checking within12 months and no checking bonus within24 months; employees excluded; one bonus/customer; valid email.","2026-09-09","0","account_opening","https://www.associatedbank.com/pdf/Access-Checking-Product-Disclosure.pdf","2025-05-21","Balance and $500 cumulative DD can overlap same deposit relationships; total capital not fabricated by adding overlapping funds or omitting DD. APY/complete capital model unknown. Average qualifying period days31–90; evaluation may shift to prior business day. Access fee zero confirmed. Access disclosure effective May21 2025 explicitly does not earn interest: APY0 supersedes earlier unknown. Mixed capital unresolved.","2500","online","","included_states","IA;IL;IN;KS;MI;MN;MO;OH;WI","","372","","","","","","","","unknown","","","","Exact URL redirects to a stale/conflicting campaign: extracted headline expires 05/31/2026 and legal June 30, 2026 versus retained September 30. Live browser fails ERR_HTTP2_PROTOCOL_ERROR, including direct canonical retry. Search found a different coupon variant but cannot substitute it for this campaign. No new verified current fields proposed.","https://www.associatedbank.com/yourmoneyworkshere?redir=growyourbonus","2026-09-22"
"associated-bank-access-checking-10000-balance-tier-600","Associated Bank","Access Checking 10000 balance tier","checking","false","60000","Open/fund by9/30/2026 via campaign. Receive recurring qualifying employer/government DD totaling $500 within90 days. Average all eligible same-primary-holder personal deposit balances days31–90 must reach $10,000. Evaluated day90 or prior business day; pay by120 days. Keep checking open12 months or bank may claw back.","https://www.associatedbank.com/growyourbonus","https://www.associatedbank.com/growyourbonus","2026-09-30","0","","Online: IA/IL/IN/KS/MI/MN/MO/OH/WI; age18+; no checking within12 months and no checking bonus within24 months; employees excluded; one bonus/customer; valid email.","2026-09-09","0","account_opening","https://www.associatedbank.com/pdf/Access-Checking-Product-Disclosure.pdf","2025-05-21","Balance and $500 cumulative DD can overlap same deposit relationships; total capital not fabricated by adding overlapping funds or omitting DD. APY/complete capital model unknown. Average qualifying period days31–90; evaluation may shift to prior business day. Access fee zero confirmed. Access disclosure effective May21 2025 explicitly does not earn interest: APY0 supersedes earlier unknown. Mixed capital unresolved.","2500","online","","included_states","IA;IL;IN;KS;MI;MN;MO;OH;WI","","372","","","","","","","","unknown","","","","Exact URL redirects to a stale/conflicting campaign: extracted headline expires 05/31/2026 and legal June 30, 2026 versus retained September 30. Live browser fails ERR_HTTP2_PROTOCOL_ERROR, including direct canonical retry. Search found a different coupon variant but cannot substitute it for this campaign. No new verified current fields proposed.","https://www.associatedbank.com/yourmoneyworkshere?redir=growyourbonus","2026-09-22"
"fulton-bank-simply-checking-targeted-digital-ad-offer-400","Fulton Bank","Simply Checking targeted digital-ad offer","checking","false","40000","Access campaign through Fulton direct digital ad and apply online using its link. Open7/1–12/31/2026 with$25; within90 days receive2 qualifying DD of$500 each and enroll online statements. Payout4–6 weeks after qualification; remain open.","https://www.fultonbank.com/offers/simply-checking","https://www.fultonbank.com/offers/simply-checking","2026-12-31","0","","TARGETED digital-ad access required; other access expressly ineligible. Service area only,18+, no Fulton consumer checking in24 months; one/person; employees/household excluded.","2026-09-09","0","account_opening","https://www.fultonbank.com/Personal/Banking/account-opening","","Replaces obsolete $300 no-DD listing; current $400 requires2*$500=$1,000 cumulative DD at0% seven days each. $25 opening overlap unknown; ancillary. Simply Checking comparison explicitly Interest Paid: No; APY0, effective date unstated.","2500","online","","unknown","","","","","","","","","","","yes","https://www.doctorofcredit.com/de-dc-md-nj-pa-va-only-fulton-bank-200-checking-bonus-direct-deposit-not-required/","2026-09-24","ChexSystems: Yes. DoC article ChexSystems field, 2026-07-12. DoC article for the targeted $400 Simply Checking offer; comments corroborate Chex pulls. Secondary reported screening, not a bank guarantee.","","",""
"regions-bank-lifegreen-checking-400","Regions Bank","LifeGreen Checking","checking","false","40000","Register with matching name/email by12/31/2026 BEFORE opening LifeGreen checking by1/31/2027. $1,000 cumulative new qualifying ACH payroll/government DD must post within90 days. Payout within60 days of completing requirements; account open positive.","https://www.regions.com/promo/pm/switch-to-regions?promo=EZV3F2M","https://www.regions.com/promo/pm/switch-to-regions?promo=EZV3F2M","2026-12-31","800","$8 online/$11 paper; waive with$1,500 average monthly balance OR one monthly$500 DD OR$1,000 combined monthly DD.","AL/AR/FL/GA/IL/IN/IA/KY/LA/MS/MO/NC/SC/TN/TX; no personal Regions checking in prior year; US W9 TIN required, backup withholding/nonresident aliens excluded; employees excluded.","2026-09-09","0","account_opening","https://www.regions.com/promo/pm/switch-to-regions?promo=EZV3F2M","","Current DD minimum$1,000 not discovery$500. Expiration field registration deadline; bank also says offer expires1/1/2027 and account-open deadline1/31/2027. $50 referral stack excluded unverified. Non-Preferred LifeGreen expressly no interest; rate effective date not stated. DD modeled0% seven days each.","2500","online","","included_states","AL;AR;FL;GA;IL;IN;IA;KY;LA;MS;MO;NC;SC;TN;TX","","","","","","","","","","no","https://www.doctorofcredit.com/regions-bank-400-checking-bonus-50-referral-al-ar-fl-ga-il-in-ia-ky-la-ms-mo-nc-sc-tn-tx-2/#comment-2408173","2026-09-24","They don’t pull Chex DoC reader datapoints (article field unknown or absent), 2026-09-08. DoC article field says ChexSystems: Unknown; several 2026 comments report no Chex pull (including with Chex unfrozen). Comment-based, not an article field. Secondary reported screening, not a bank guarantee.","","",""
"old-national-bank-everyday-checking-3500-dd-tier-300","Old National Bank","Everyday Checking 3500 DD tier","checking","false","30000","Open Everyday or Preferred2/3–10/30/2026 with$50. At least3 qualifying recurring payroll/pension/government DD totaling$3,500 during first FOUR CALENDAR MONTHS INCLUDING opening month. Payout days121–140; remain open unrestricted with positive balance.","https://www.oldnational.com/personal/our-best-offers/#QUALIFYING","https://www.oldnational.com/personal/our-best-offers/#QUALIFYING","2026-10-30","695","Everyday $6.95 waived with$500 monthly DD/$500 daily balance/$1,500 combined eligible balances or qualifying military; eStatements avoid$3 paper fee.","Online IA/IL/IN/KY/MI/MN/ND/TN/WI. Existing checking, checking closed or bonus paid within36 months, employees excluded; one cash bonus per customer, no combining; anti-abuse discretion.","2026-09-09","","account_opening","","","Current high tier$600, not discovery$650. Four months including opening month NOT120 days; dd_window_days blank. Cumulative required DD modeled0% seven days each. Opening$50 overlap not established; ancillary.","5000","online","","included_states","IA;IL;IN;KY;MI;MN;ND;TN;WI","","","","","","","","","","yes","https://www.doctorofcredit.com/banks-credit-unions-dodont-pull-chexsystems/","2026-09-24","Old National Bank Does pull: 1 , 2 , 3 DoC ChexSystems do/don't-pull list or quoted bank terms, 2026-09-13. DoC's compiled list has Old National under 'Does pull' (3 datapoints); the current personal checking article field says Unknown. Secondary reported screening, not a bank guarantee.","","",""
"old-national-bank-everyday-checking-12000-dd-tier-600","Old National Bank","Everyday Checking 12000 DD tier","checking","false","60000","Open Everyday or Preferred2/3–10/30/2026 with$50. At least3 qualifying recurring payroll/pension/government DD totaling$12,000 during first FOUR CALENDAR MONTHS INCLUDING opening month. Payout days121–140; remain open unrestricted with positive balance.","https://www.oldnational.com/personal/our-best-offers/#QUALIFYING","https://www.oldnational.com/personal/our-best-offers/#QUALIFYING","2026-10-30","695","Everyday $6.95 waived with$500 monthly DD/$500 daily balance/$1,500 combined eligible balances or qualifying military; eStatements avoid$3 paper fee.","Online IA/IL/IN/KY/MI/MN/ND/TN/WI. Existing checking, checking closed or bonus paid within36 months, employees excluded; one cash bonus per customer, no combining; anti-abuse discretion.","2026-09-09","","account_opening","","","Current high tier$600, not discovery$650. Four months including opening month NOT120 days; dd_window_days blank. Cumulative required DD modeled0% seven days each. Opening$50 overlap not established; ancillary.","5000","online","","included_states","IA;IL;IN;KY;MI;MN;ND;TN;WI","","","","","","","","","","yes","https://www.doctorofcredit.com/banks-credit-unions-dodont-pull-chexsystems/","2026-09-24","Old National Bank Does pull: 1 , 2 , 3 DoC ChexSystems do/don't-pull list or quoted bank terms, 2026-09-13. DoC's compiled list has Old National under 'Does pull' (3 datapoints); the current personal checking article field says Unknown. Secondary reported screening, not a bank guarantee.","","",""
"midflorida-credit-union-free-checking-200-tier-200","MIDFLORIDA Credit Union","Free Checking 200 tier","checking","false","20000","Open Free Checking with$50; within75 days receive$2,000 cumulative qualifying payroll/pension/government DD, activate online banking/eStatements/debit card, complete20 posted debit purchases. Open unrestricted for at least90 days; bonus within90 days.","https://www.midflorida.com/current-offers/$400-bonus-free-checking","https://www.midflorida.com/current-offers/$400-bonus-free-checking","","0","","Florida membership eligibility; past checking holders and prior incentive recipients ineligible; one/SSN; secondary, fiduciary, minor and Freedom Banking excluded.","2026-09-09","0","account_opening","https://www.midflorida.com/current-offers/$400-bonus-free-checking","2026-09-01","Current live9/1/2026 disclosure verifies both tiers and cumulative DD. Model promotional DD capital at0% seven days each; debit purchases separate manual count, amount unspecified and consumption/ancillary opening funds excluded from gross DD model.","5000","online","","included_states","FL","MIDFLORIDA Credit Union membership eligibility required.","90","","","","","","","","no","https://www.doctorofcredit.com/fl-only-midflorida-credit-union-200-checking-bonus/#comment-1962522","2026-09-24","Opened from Central Florida. Chex was not pulled. DoC reader datapoints (article field unknown or absent), 2024-12-01. Article field Unknown; multiple consistent comments (2023-2025) report no Chex pull on Free Checking with soft pull only; none contradict. Secondary reported screening, not a bank guarantee.","","",""
"midflorida-credit-union-free-checking-400-tier-400","MIDFLORIDA Credit Union","Free Checking 400 tier","checking","false","40000","Open Free Checking with$50; within75 days receive$4,000 cumulative qualifying payroll/pension/government DD, activate online banking/eStatements/debit card, complete40 posted debit purchases. Open unrestricted for at least90 days; bonus within90 days.","https://www.midflorida.com/current-offers/$400-bonus-free-checking","https://www.midflorida.com/current-offers/$400-bonus-free-checking","","0","","Florida membership eligibility; past checking holders and prior incentive recipients ineligible; one/SSN; secondary, fiduciary, minor and Freedom Banking excluded.","2026-09-09","0","account_opening","https://www.midflorida.com/current-offers/$400-bonus-free-checking","2026-09-01","Current live9/1/2026 disclosure verifies both tiers and cumulative DD. Model promotional DD capital at0% seven days each; debit purchases separate manual count, amount unspecified and consumption/ancillary opening funds excluded from gross DD model.","5000","online","","included_states","FL","MIDFLORIDA Credit Union membership eligibility required.","90","","","","","","","","no","https://www.doctorofcredit.com/fl-only-midflorida-credit-union-200-checking-bonus/#comment-1962522","2026-09-24","Opened from Central Florida. Chex was not pulled. DoC reader datapoints (article field unknown or absent), 2024-12-01. Article field Unknown; multiple consistent comments (2023-2025) report no Chex pull on Free Checking with soft pull only; none contradict. Secondary reported screening, not a bank guarantee.","","",""
"republic-bank-personal-checking-adv-400","Republic Bank","Personal Checking ADV","checking","false","40000","Use ADV at opening. Within90 days conduct3+ ACH credits/direct deposits and10+ POS debit transactions. Reward deposited after qualification. No cash minimum for ACH or POS stated.","https://www.republicbank.com/start-here/","https://www.republicbank.com/start-here/","2026-12-31","","","No existing matching personal/business checking relationship as primary/secondary/joint/signer; conversions excluded; employees/signatory accounts excluded; one transaction-based reward within90 days. FL/IN/KY/OH/TN discovery footprint requires service-area confirmation.","2026-09-09","","account_opening","","","Live official terms expressly cover BOTH personal and business. Amount per ACH unspecified, spend unspecified, account product fee/opening/APY unspecified; denominator stays blank, not fabricated. DD0% seven days each only after actual amounts supplied.","","online","","unknown","","","","","","","","","","","yes","https://www.doctorofcredit.com/fl-in-ky-oh-tn-republic-bank-200-checking-bonus-2/","2026-09-24","They did pull chex. DoC reader datapoints (article field unknown or absent), 2026-06-14. DoC field is Unknown. Several 2026 comments report Chex pulls ('Chex was run') and Chex denials, and DoC's Chex list has Republic Bank under 'Does pull'. Secondary reported screening, not a bank guarantee.","Campaign legal confirms counts but supplies no ACH/POS dollar threshold and explicitly refers to product-specific opening requirements; tier is not a specific personal/business product. No minimum amount can be invented.","https://www.republicbank.com/start-here/","2026-09-22"
"republic-bank-business-checking-adv-400","Republic Bank","Business Checking ADV","checking","true","40000","Use ADV at opening. Within90 days conduct3+ ACH credits/direct deposits and10+ POS debit transactions. Reward deposited after qualification. No cash minimum for ACH or POS stated.","https://www.republicbank.com/start-here/","https://www.republicbank.com/start-here/","2026-12-31","","","No existing matching personal/business checking relationship as primary/secondary/joint/signer; conversions excluded; employees/signatory accounts excluded; one transaction-based reward within90 days. FL/IN/KY/OH/TN discovery footprint requires service-area confirmation.","2026-09-09","","account_opening","","","Live official terms expressly cover BOTH personal and business. Amount per ACH unspecified, spend unspecified, account product fee/opening/APY unspecified; denominator stays blank, not fabricated. DD0% seven days each only after actual amounts supplied.","","online","","unknown","","","","","","","","","","","unknown","","","","Campaign legal confirms counts but supplies no ACH/POS dollar threshold and explicitly refers to product-specific opening requirements; tier is not a specific personal/business product. No minimum amount can be invented.","https://www.republicbank.com/start-here/","2026-09-22"
"bank-five-nine-grafton-performing-arts-mascot-checking-150","Bank Five Nine","Grafton Performing Arts Mascot Checking","checking","false","15000","Use GRAFTONPA or present offer. Within120 days meet ONE: three qualifying payroll/government/pension deposits at least$100 in at least3 consecutive months (DD/mobile/branch, not online transfers/cash); OR15 signature debit purchases$5+; OR3 bank bill payments$25+ excluding personal payments. Bonus by135 days. No overdraft135 days; keep12 months or clawback.","https://www.bankfivenine.com/grafton-performing-arts-mascot-banking/","https://www.bankfivenine.com/grafton-performing-arts-mascot-banking/","","","","TARGETED WI resident with at least one owner employee of Grafton Performing Arts, parent of current student, or student with valid ID. No owner/signer checking at bank in3 years. One/household; cannot combine.","2026-09-09","","","","","Old FBFC URL redirects generic Bank Five Nine opening page. Verified narrower replacement$150 campaign; school donation$150 is NOT customer cash. DD wording may require three deposits in each of3 months versus3 total; total capital unresolved. Debit/bill-pay alternative each$75 consumed, not balance funding; no invented ROI.","","online","","included_states","WI","Targeted: at least one owner must be a Grafton Performing Arts employee, parent of a current student, or student with valid ID.","372","unknown","","","","","","","unknown","","","","$75.00: Selected signature-debit alternative $100.00: Product-specific candidate only; row does not fix Free Checking $25.00: Student alternative only, not universal opening amount $75.00: Three bill pays $25+ as an alternative, not additive $100.00: Alternate payroll/government/pension deposits allow mobile or branch; recurrence wording not converted to a guessed total Existing step represents debit alternative: 15 × $5 = $75 consumed purchases. Other alternatives are not simultaneous legs. Product opening amount varies ($100 Free/Value/Relationship, $25 Student); generic campaign row does not select one. Do not promote $75 purchase amount to complete capital or ordinary/mobile/branch payroll funding to ACH-only DD.","https://www.bankfivenine.com/grafton-performing-arts-mascot-banking/","2026-09-22"
"secu-maryland-total-checking-and-rewards-350","SECU Maryland","Total Checking and Rewards","checking","false","35000","Open September 1-December 31, 2026 with SECU350. Within 90 days enroll eStatements and receive TWO separate qualifying payroll/pension/Social Security DD; amount unstated. $25 checking opening plus $10 required share savings maintained for membership. Bonus within 60 days after qualification; keep membership/accounts in good standing.","https://www.secumd.org/promo/totalchecking/","https://www.secumd.org/promo/totalchecking/","2026-12-31","0","No monthly checking fee; December2025 consumer schedule lists account closure: No fee. Membership donation cost depends on route.","Residents DC/DE/MD/PA/VA/WV; no checking held or SECU checking promo bonus in prior24 months; one per primary owner/member; membership approval required.","2026-09-13","","account_opening","","","DoC: https://www.doctorofcredit.com/dc-de-pa-va-wv-md-secu-250-checking-bonus/ First-party campaign: https://www.secumd.org/promo/totalchecking/. Fees: https://docs.secumd.org/account-opening/FeeSchedule.pdf ; membership: https://www.secumd.org/about-us/membership/eligibility/ ; rates: https://www.secumd.org/rates-calculators/ . No exact APY asserted: live tiered rates carry 2022-11-01 date; do not use flat2%. DoC $250 body, 2023 dates/$500 monthly DD and August expiry superseded by live $350 Sep1-Dec31. Unknown DD amount means total_capital unknown, not $25 opening or $10 shares denominator. MODEL DD0% seven days per deposit with recycling; two is bank count. No monthly or account closure fee per consumer schedule; donation amount unresolved.","2500","online","","included_states","DC;DE;MD;PA;VA;WV","Membership eligibility required; employer/family/education/organization routes or Foundation donation (amount unknown); does not override six-state campaign limit.","","unknown","","","","","","","yes","https://www.doctorofcredit.com/dc-de-pa-va-wv-md-secu-250-checking-bonus/","2026-09-24","ChexSystems:Yes DoC article ChexSystems field, 2026-09-13. DoC fine print for the SECU (MD) $350 checking bonus. Secondary reported screening, not a bank guarantee.","$25.00: Checking opening minimum. $10.00: Separate share savings minimum. Two DD count and $25 checking/$10 share savings openings verified, but DD amount absent. Preserve explicit unknown total; opening/share money cannot replace unknown DD denominator.","https://www.secumd.org/promo/totalchecking/","2026-09-22"
"midfirst-bank-livefree-checking-350","MidFirst Bank","LiveFree Checking","checking","false","35000","Open eligible account9/1–12/31/2026. Receive$1,000 cumulative payroll/pension/government DD within90 days. Bonus within30 days after qualification. Keep open good standing; closure within90 days may forfeit.","https://www.midfirst.com/checking-offer-az-wildcats","https://www.midfirst.com/checking-offer-az-wildcats","2026-12-31","0","Free with eStatements; paper$4/month unless primary age60+.","AZ, Tulsa OK area and Houston TX area only;17+; one/household; existing consumer checking, closure current/prior calendar year or ever negative closure excluded; specified student/affinity accounts excluded.","2026-09-09","","account_opening","","","Branch opening requires no deposit; online$100 ancillary opening. Live AZ Wildcats/TX campaigns identical; only one row. Current savings is APY-only, no old$100/$250 savings cash; referral$50 paid referrer not included. DD cumulative$1,000 at0% seven days each.","0","online","","included_states","AZ;OK;TX","Oklahoma limited to the Tulsa area and Texas to the Houston area.","90","","","","","","","","yes","https://www.doctorofcredit.com/az-ok-only-midfirst-bank-200-checking-promotion-direct-deposit-not-required-100-savings/","2026-09-24","ChexSystems: Yes DoC article ChexSystems field, 2026-06-07. DoC personal checking article says Yes; comments describe Chex sensitivity. Secondary reported screening, not a bank guarantee.","","",""
"alltru-credit-union-basic-checking-300","Alltru Credit Union","Basic Checking","checking","false","30000","Open new adult eligible checking with CHECKING300 by9/30/2026. Within60 days2 DD of$500+ each,15 debit purchases, online banking and eStatements. Payout to primary savings15 days after qualification; accounts good standing positive.","https://alltrucu.org/checking/personal-checking/","https://alltrucu.org/checking/personal-checking/","2026-09-30","0","","MO membership footprint (verify applicant eligibility); new members only, existing/joint signers excluded, closed membership12 months excluded; one/household; valid ID.","2026-09-09","0","account_opening","https://alltrucu.org/checking/personal-checking/","","Live expiry9/30 supersedes stale7/31 extraction. $1,000 cumulative DD at0% seven days each.15 debit purchases unspecified dollar amount separate manual condition; ancillary consumption/opening amounts not included in gross DD model. Basic Checking explicitly zero yield; effective date unstated.","","online","","unknown","","","","","","","","","","","unknown","","","","","",""
"canandaigua-national-bank-optimum-or-e-ssentials-online-checking-300","Canandaigua National Bank","Optimum or e-ssentials online Checking","checking","false","30000","Open online with300SWITCH. eStatements first30 days. Days31–60:1 DD and5 POS Debit Mastercard transactions; repeat days61–90. Bonus$300 within60 days after meeting eligibility.","https://www.cnbank.com/you/checking/rochester-switch","https://www.cnbank.com/you/checking/rochester-switch","","","e-ssentials fee waiver DD and eStatements; Optimum relationship conditions. Dollar fees not verified.","New Optimum/e-ssentials online account with valid code; conversions excluded. Rochester/NY discovery footprint; exact applicant eligibility not verified.","2026-09-09","","account_opening","","","Issuer gives no DD or debit minimum amounts; denominator remains unknown. Do not infer$1 DD. Account fees/APY/opening amount unknown; no expiration stated.","","online","","unknown","","","","unknown","","","","","","","yes","https://www.doctorofcredit.com/ny-canadaigua-national-bank-300-checking-bonus/","2026-09-24","In footprint, rejected due to Chex: 1mo=0, 2mo=1, 3mo=2, 6mo=2, 9mo=7 DoC reader datapoints (article field unknown or absent), 2026-09-08. DoC field says 'Unknown, sensitive'; several 2026 comments report denials due to Chex, and none report a no-pull. Secondary reported screening, not a bank guarantee.","Two distinct windows each require one DD and five POS purchases, but no DD or purchase dollar minima stated. Count does not establish funding amount.","https://www.cnbank.com/you/checking/rochester-switch","2026-09-22"
"florida-credit-union-new-member-checking-300","Florida Credit Union","New member Checking","checking","false","30000","Open eligible new checking; initial$5 deposit. Receive$500 cumulative payroll/pension/government DD within60 days. Full service checking with debit card, online banking/eStatements. Keep open good standing90 days then$300 credited.","https://flcu.org/resources/solutions/offers/","https://flcu.org/resources/solutions/offers/","","","","48-county Florida membership footprint;18+; no FCU checking in24 months; one/household; credit approval; offer cancellable.","2026-09-09","","account_opening","","","Live current offers resolves old /600-bonus URL; current$300 verified. $500 cumulative DD at0% seven days each. $5 opening overlap unknown; fees/APY and fixed expiry not stated.","500","online","","included_states","FL","Membership: 48-county Florida membership footprint.","90","","","","","","","","no","https://www.doctorofcredit.com/fl-only-florida-credit-union-300-checking-bonus/#comment-2055956","2026-09-24","Chex was frozen too and they did not ask me to thaw that so I’m glad that there was no Chex inquiry. DoC reader datapoints (article field unknown or absent), 2025-05-06. DoC article lists ChexSystems: Unknown; several commenters (2024-2025) consistently report no Chex pull, none report one. Secondary reported screening, not a bank guarantee.","","",""
"unity-bank-everyday-checking-300","Unity Bank","Everyday Checking","checking","false","30000","Use promo1144. Account open/good standing180 days; at least4 qualifying payroll/pension/government DD of$1,500 each within180 days. Bonus within14 days after180-day activity requirements; remain open for credit.","https://www.unitybank.com/contests-and-promotions/cd-specials","https://www.unitybank.com/contests-and-promotions/cd-specials","","300","Everyday: DD$1,000/statement OR12 POS OR$50 automatic savings transfer OR eligible age/first-responder. Rewards:12 POS plus DD$1,000, any automatic savings transfer, or$25,000 linked savings/MM/CD daily. eStatements avoid$5 paper fee.","Consumer only; no current Unity checking; one account incentive per rolling12 months across deposits. NJ/PA discovery footprint; branch/product eligibility confirm.","2026-09-09","","account_opening","","","Current official offer starts4/14/2025, no fixed expiry. Four cumulative required DD at0% seven days each. Do not use opening or waiver balance as denominator; keep-open180 days is not full-capital hold.","5000","online","","unknown","","","180","","","","","","","","unknown","","","","","",""
"unity-bank-rewards-checking-400","Unity Bank","Rewards Checking","checking","false","40000","Use promo1145. Account open/good standing180 days; at least4 qualifying payroll/pension/government DD of$2,500 each within180 days. Bonus within14 days after180-day activity requirements; remain open for credit.","https://www.unitybank.com/contests-and-promotions/cd-specials","https://www.unitybank.com/contests-and-promotions/cd-specials","","2000","Everyday: DD$1,000/statement OR12 POS OR$50 automatic savings transfer OR eligible age/first-responder. Rewards:12 POS plus DD$1,000, any automatic savings transfer, or$25,000 linked savings/MM/CD daily. eStatements avoid$5 paper fee.","Consumer only; no current Unity checking; one account incentive per rolling12 months across deposits. NJ/PA discovery footprint; branch/product eligibility confirm.","2026-09-09","","account_opening","","","Current official offer starts4/14/2025, no fixed expiry. Four cumulative required DD at0% seven days each. Do not use opening or waiver balance as denominator; keep-open180 days is not full-capital hold.","10000","online","","unknown","","","180","","","","","","","","unknown","","","","","",""
"bok-financial-access-checking-450","BOK Financial","Access Checking","checking","false","45000","Open by12/31/2026 using SUMMIT. Receive$3,000 aggregate qualifying recurring payroll/pension/government DD within90 days. Evaluation90 days then credit within30 days. Transfers/P2P/wire/branch/mobile deposits excluded.","https://www.bokfinancial.com/landing-pages/offers/colorado-access-premier-bonus","https://www.bokfinancial.com/landing-pages/offers/colorado-access-premier-bonus","2026-12-31","0","Access no service fee with online statements; paper$3. Premier$25 waived first2 cycles, thereafter$25k linked deposits or$50k eligible combined relationships; paper$3.","Colorado primary physical address; new matching checking/savings account customers, no matching closure180 days; employees excluded; one bonus/customer; open/good standing through payout.","2026-09-09","","account_opening","","","Cumulative DD modeled0% seven days each, not actual Premier product0.02%. $50 Premier opening ancillary overlap not established. Full live footnotes recovered; component rewards not additive to combined totals twice.","","online","","included_states","CO","","","","","","","","","","yes","https://www.doctorofcredit.com/co-only-bok-financial-950-checking-savings-bonus/#comment-2239272","2026-09-24","DP (P1 + P2): P1: Opened in-branch. Pulled ChexSystems. DoC reader datapoints (article field unknown or absent), 2026-01-26. Article field says Unknown, but several Jan 2026 comments on the CO $950 checking/savings post report a Chex pull, uncontradicted. College Access Checking is a different product (Bank of Oklahoma/Texas college post has mixed DPs); same personal side. Secondary reported screening, not a bank guarantee. Not applied to bok-financial-college-access-300: College Access Checking has mixed reports on its own DoC post.","","",""
"bok-financial-premier-checking-750","BOK Financial","Premier Checking","checking","false","75000","Open by12/31/2026 using SUMMIT. Receive$8,000 aggregate qualifying recurring payroll/pension/government DD within90 days. Evaluation90 days then credit within30 days. Transfers/P2P/wire/branch/mobile deposits excluded.","https://www.bokfinancial.com/landing-pages/offers/colorado-access-premier-bonus","https://www.bokfinancial.com/landing-pages/offers/colorado-access-premier-bonus","2026-12-31","2500","Access no service fee with online statements; paper$3. Premier$25 waived first2 cycles, thereafter$25k linked deposits or$50k eligible combined relationships; paper$3.","Colorado primary physical address; new matching checking/savings account customers, no matching closure180 days; employees excluded; one bonus/customer; open/good standing through payout.","2026-09-09","0.02","account_opening","https://www.bokfinancial.com/landing-pages/offers/colorado-access-premier-bonus","2026-09-09","Cumulative DD modeled0% seven days each, not actual Premier product0.02%. $50 Premier opening ancillary overlap not established. Full live footnotes recovered; component rewards not additive to combined totals twice.","5000","online","","included_states","CO","","","","","","","","","","yes","https://www.doctorofcredit.com/co-only-bok-financial-950-checking-savings-bonus/#comment-2239272","2026-09-24","DP (P1 + P2): P1: Opened in-branch. Pulled ChexSystems. DoC reader datapoints (article field unknown or absent), 2026-01-26. Article field says Unknown, but several Jan 2026 comments on the CO $950 checking/savings post report a Chex pull, uncontradicted. College Access Checking is a different product (Bank of Oklahoma/Texas college post has mixed DPs); same personal side. Secondary reported screening, not a bank guarantee. Not applied to bok-financial-college-access-300: College Access Checking has mixed reports on its own DoC post.","","",""
"bok-financial-personal-savings-200","BOK Financial","Personal Savings","savings","false","20000","Open by12/31/2026 with SUMMIT,$50 minimum. Deposit$10,000 new funds within30 days; keep balance at least$10,000 beginningday31 untilday90. Evaluate90 days then credit within30 days; keep open/good standing.","https://www.bokfinancial.com/landing-pages/offers/colorado-access-premier-bonus","https://www.bokfinancial.com/landing-pages/offers/colorado-access-premier-bonus","2026-12-31","","","Colorado primary physical address; new matching checking/savings account customers, no matching closure180 days; employees excluded; one bonus/customer; open/good standing through payout.","2026-09-09","0.10","account_opening","https://www.bokfinancial.com/landing-pages/offers/colorado-access-premier-bonus","2026-09-09","Latest fundingday30 to first safe withdrawalday91=61 modeled days; bank maintenancedays31–90=60. Marketing calls savings an add-on alongside checking; separate savings legal terms give eligibility. Confirm checking relationship before enrollment; no independent extra$200 stacked twice.","5000","online","","included_states","CO","","","","","","","","","","yes","https://www.doctorofcredit.com/co-only-bok-financial-950-checking-savings-bonus/#comment-2239272","2026-09-24","DP (P1 + P2): P1: Opened in-branch. Pulled ChexSystems. DoC reader datapoints (article field unknown or absent), 2026-01-26. Article field says Unknown, but several Jan 2026 comments on the CO $950 checking/savings post report a Chex pull, uncontradicted. College Access Checking is a different product (Bank of Oklahoma/Texas college post has mixed DPs); same personal side. Secondary reported screening, not a bank guarantee. Not applied to bok-financial-college-access-300: College Access Checking has mixed reports on its own DoC post.","","",""
"bok-financial-access-checking-and-personal-savings-combined-650","BOK Financial","Access Checking and Personal Savings combined","other","false","65000","Open checking and savings with SUMMIT by12/31/2026. Qualify for corresponding checking DD tier within90 days plus savings$10,000 new money within30 days helddays31–90. Marketing combined total includes both component bonuses; no additional stacking.","https://www.bokfinancial.com/landing-pages/offers/colorado-access-premier-bonus","https://www.bokfinancial.com/landing-pages/offers/colorado-access-premier-bonus","2026-12-31","","","Colorado primary physical address; new matching checking/savings account customers, no matching closure180 days; employees excluded; one bonus/customer; open/good standing through payout.","2026-09-09","","","","","Two-account combined total capital includes all cumulative checking DD plus separate$10,000 savings, without recycling. DD0% seven days each; savings0.10% effective9/9/2026,61 modeled days. Mixed two-account timeline not collapsed into single invented APY/hold.","","online","","included_states","CO","","","1300000","","","","","","","yes","https://www.doctorofcredit.com/co-only-bok-financial-950-checking-savings-bonus/#comment-2239272","2026-09-24","DP (P1 + P2): P1: Opened in-branch. Pulled ChexSystems. DoC reader datapoints (article field unknown or absent), 2026-01-26. Article field says Unknown, but several Jan 2026 comments on the CO $950 checking/savings post report a Chex pull, uncontradicted. College Access Checking is a different product (Bank of Oklahoma/Texas college post has mixed DPs); same personal side. Secondary reported screening, not a bank guarantee. Not applied to bok-financial-college-access-300: College Access Checking has mixed reports on its own DoC post.","","",""
"bok-financial-premier-checking-and-personal-savings-combined-950","BOK Financial","Premier Checking and Personal Savings combined","other","false","95000","Open checking and savings with SUMMIT by12/31/2026. Qualify for corresponding checking DD tier within90 days plus savings$10,000 new money within30 days helddays31–90. Marketing combined total includes both component bonuses; no additional stacking.","https://www.bokfinancial.com/landing-pages/offers/colorado-access-premier-bonus","https://www.bokfinancial.com/landing-pages/offers/colorado-access-premier-bonus","2026-12-31","","","Colorado primary physical address; new matching checking/savings account customers, no matching closure180 days; employees excluded; one bonus/customer; open/good standing through payout.","2026-09-09","","","","","Two-account combined total capital includes all cumulative checking DD plus separate$10,000 savings, without recycling. DD0% seven days each; savings0.10% effective9/9/2026,61 modeled days. Mixed two-account timeline not collapsed into single invented APY/hold.","","online","","included_states","CO","","","1800000","","","","","","","yes","https://www.doctorofcredit.com/co-only-bok-financial-950-checking-savings-bonus/#comment-2239272","2026-09-24","DP (P1 + P2): P1: Opened in-branch. Pulled ChexSystems. DoC reader datapoints (article field unknown or absent), 2026-01-26. Article field says Unknown, but several Jan 2026 comments on the CO $950 checking/savings post report a Chex pull, uncontradicted. College Access Checking is a different product (Bank of Oklahoma/Texas college post has mixed DPs); same personal side. Secondary reported screening, not a bank guarantee. Not applied to bok-financial-college-access-300: College Access Checking has mixed reports on its own DoC post.","","",""
"pittsfield-cooperative-bank-interest-checking-15-debit-tier-500","Pittsfield Cooperative Bank","Interest Checking 15 debit tier","checking","false","50000","Open Interest Checking with$500 new money not on deposit previous30 days. Enroll Mastercard debit card/uChoose Rewards. $500 minimum monthly DD each month for6 months; 15 qualifying POS signature/PIN debit transactions during cycle period. Bonus on/before180 days once all requirements met. Apply through campaign page.","https://pittsfieldcoop.com/BANK/ReferAFriend","https://pittsfieldcoop.com/BANK/ReferAFriend","","","","Pittsfield/Hinsdale MA discovery footprint; bank page does not state exact residency or prior-account exclusions, verify before opening.","2026-09-09","","","","","Six monthly$500 DD totals$3,000 cumulative at0% seven days each. Debit purchases separate manual count, unspecified dollar amount. Online/ATM purchases excluded unless eligible Mastercard Checkout/uChoose/mobile-wallet routes per disclosure. Two alternative tiers not additive. Promotional2% APY only first90 days; not used in0% DD model. Month/cycle timing ambiguous, no invented dd_window_days; $500 opening ancillary overlap unknown.","50000","online","","unknown","","","","","","","","","","","yes","https://www.doctorofcredit.com/ma-pittsfield-coop-bank-750-checking-bonus/","2026-09-24","ChexSystems: Yes DoC article ChexSystems field, 2026-03-18. DoC Pittsfield Coop checking article lists ChexSystems: Yes; comments report Chex alerts and Chex-based denials. Secondary reported screening, not a bank guarantee.","","",""
"pittsfield-cooperative-bank-interest-checking-25-debit-tier-750","Pittsfield Cooperative Bank","Interest Checking 25 debit tier","checking","false","75000","Open Interest Checking with$500 new money not on deposit previous30 days. Enroll Mastercard debit card/uChoose Rewards. $500 minimum monthly DD each month for6 months; 25 qualifying POS signature/PIN debit transactions during cycle period. Bonus on/before180 days once all requirements met. Apply through campaign page.","https://pittsfieldcoop.com/BANK/ReferAFriend","https://pittsfieldcoop.com/BANK/ReferAFriend","","","","Pittsfield/Hinsdale MA discovery footprint; bank page does not state exact residency or prior-account exclusions, verify before opening.","2026-09-09","","","","","Six monthly$500 DD totals$3,000 cumulative at0% seven days each. Debit purchases separate manual count, unspecified dollar amount. Online/ATM purchases excluded unless eligible Mastercard Checkout/uChoose/mobile-wallet routes per disclosure. Two alternative tiers not additive. Promotional2% APY only first90 days; not used in0% DD model. Month/cycle timing ambiguous, no invented dd_window_days; $500 opening ancillary overlap unknown.","50000","online","","unknown","","","","","","","","","","","yes","https://www.doctorofcredit.com/ma-pittsfield-coop-bank-750-checking-bonus/","2026-09-24","ChexSystems: Yes DoC article ChexSystems field, 2026-03-18. DoC Pittsfield Coop checking article lists ChexSystems: Yes; comments report Chex alerts and Chex-based denials. Secondary reported screening, not a bank guarantee.","","",""
"cn-4suits-300","C&N Bank","Checking (4SUITS tier 1)","checking","false","30000","Use 4SUITS on a new Everyday, Relationship or Merit checking account; fund $25 new money within 7 business days. Complete 12 qualifying transactions monthly for six consecutive months beginning the month after opening OR three consecutive months of direct deposits totaling a minimum $1,000 within first six months. Keep all accounts open six months; payout within 45 days afterward.","https://www.cnbankpa.com/Campaigns/4Suits","https://www.cnbankpa.com/Campaigns/4Suits","2026-12-31","","","Age 18+; one per household; C&N market-area counties only. Loan route requires credit approval, primary residence and automatic loan payment from C&N.","2026-09-09","","","","","Live browser and HTTP blocked; issuer extraction plus exact-campaign indexed legal excerpt support cash tiers. DD monthly versus aggregate $1,000 wording is ambiguous; no cumulative denominator invented. Six-month account-open condition is not a verified full-balance hold. Savings/CD APY and safe withdrawal unknown; HELOC costs/draw are not deposit capital. Noncash safe-deposit-box waived fee omitted.","2500","online","","unknown","","","186","unknown","","","","","","","yes","https://www.doctorofcredit.com/pa-ny-cn-bank-400-checking-bonus/#comment-2322470","2026-09-24","Rejected due to Chex in May 2026, live in PA 3 miles from a branch. DoC reader datapoints (article field unknown or absent), 2026-05-14. DoC article field says 'Unknown, sensitive', but multiple comments (2022-2026) report denials/closures citing ChexSystems, so Chex is used. Secondary reported screening, not a bank guarantee.","$25.00: Checking new-money funding within seven business days, separate from qualifying activity. $1,000.00: Alternative to monthly transaction route: three consecutive months of DD totaling $1,000; monthly split and deposit count not stated. Not $1,000 each month. Selected transaction route requires 12 transactions each month for six months but no dollar minimum is stated. $25 opening funding alone is not a verified complete denominator; alternative DD route cannot be imposed in addition to transactions.","https://www.cnbankpa.com/Campaigns/4Suits","2026-09-22"
"cn-4suits-600","C&N Bank","Checking + Savings (4SUITS tier 2)","other","false","60000","Use 4SUITS on a new Everyday, Relationship or Merit checking account; fund $25 new money within 7 business days. Complete 12 qualifying transactions monthly for six consecutive months beginning the month after opening OR three consecutive months of direct deposits totaling a minimum $1,000 within first six months. Keep all accounts open six months; payout within 45 days afterward. Also open Key Savings, Consumer Super Money Fund or CD with $10,000 new money within 14 days of checking opening.","https://www.cnbankpa.com/Campaigns/4Suits","https://www.cnbankpa.com/Campaigns/4Suits","2026-12-31","","","Age 18+; one per household; C&N market-area counties only. Loan route requires credit approval, primary residence and automatic loan payment from C&N.","2026-09-09","","","","","Live browser and HTTP blocked; issuer extraction plus exact-campaign indexed legal excerpt support cash tiers. DD monthly versus aggregate $1,000 wording is ambiguous; no cumulative denominator invented. Six-month account-open condition is not a verified full-balance hold. Savings/CD APY and safe withdrawal unknown; HELOC costs/draw are not deposit capital. Noncash safe-deposit-box waived fee omitted.","2500","online","","unknown","","","186","","","","","","","","yes","https://www.doctorofcredit.com/pa-ny-cn-bank-400-checking-bonus/#comment-2322470","2026-09-24","Rejected due to Chex in May 2026, live in PA 3 miles from a branch. DoC reader datapoints (article field unknown or absent), 2026-05-14. DoC article field says 'Unknown, sensitive', but multiple comments (2022-2026) report denials/closures citing ChexSystems, so Chex is used. Secondary reported screening, not a bank guarantee.","","",""
"cn-4suits-600-heloc","C&N Bank","Checking + HELOC (4SUITS tier 2)","other","false","60000","Use 4SUITS on a new Everyday, Relationship or Merit checking account; fund $25 new money within 7 business days. Complete 12 qualifying transactions monthly for six consecutive months beginning the month after opening OR three consecutive months of direct deposits totaling a minimum $1,000 within first six months. Keep all accounts open six months; payout within 45 days afterward. Also open Home Equity Line&Lock with $20,000 minimum draw at loan opening within six months of checking opening.","https://www.cnbankpa.com/Campaigns/4Suits","https://www.cnbankpa.com/Campaigns/4Suits","2026-12-31","","","Age 18+; one per household; C&N market-area counties only. Loan route requires credit approval, primary residence and automatic loan payment from C&N.","2026-09-09","","","","","Live browser and HTTP blocked; issuer extraction plus exact-campaign indexed legal excerpt support cash tiers. DD monthly versus aggregate $1,000 wording is ambiguous; no cumulative denominator invented. Six-month account-open condition is not a verified full-balance hold. Savings/CD APY and safe withdrawal unknown; HELOC costs/draw are not deposit capital. Noncash safe-deposit-box waived fee omitted.","2500","online","","unknown","","","186","unknown","","","","","","","yes","https://www.doctorofcredit.com/pa-ny-cn-bank-400-checking-bonus/#comment-2322470","2026-09-24","Rejected due to Chex in May 2026, live in PA 3 miles from a branch. DoC reader datapoints (article field unknown or absent), 2026-05-14. DoC article field says 'Unknown, sensitive', but multiple comments (2022-2026) report denials/closures citing ChexSystems, so Chex is used. Secondary reported screening, not a bank guarantee.","$25.00: Checking new-money funding within seven business days, separate from qualifying activity. $1,000.00: Alternative to monthly transaction route: three consecutive months of DD totaling $1,000; monthly split and deposit count not stated. Not $1,000 each month. $20,000.00: Required HELOC draw, a debt obligation rather than a user-funded deposit; borrowing costs and full capital exposure unresolved. Selected transaction route requires 12 transactions each month for six months but no dollar minimum is stated. $25 opening funding alone is not a verified complete denominator; alternative DD route cannot be imposed in addition to transactions. Required $20,000 HELOC draw must not be encoded as deposit capital.","https://www.cnbankpa.com/Campaigns/4Suits","2026-09-22"
"cn-4suits-1000-heloc","C&N Bank","Checking + Savings + HELOC (4SUITS tier 3)","other","false","100000","Use 4SUITS on a new Everyday, Relationship or Merit checking account; fund $25 new money within 7 business days. Complete 12 qualifying transactions monthly for six consecutive months beginning the month after opening OR three consecutive months of direct deposits totaling a minimum $1,000 within first six months. Keep all accounts open six months; payout within 45 days afterward. Also open Key Savings, Consumer Super Money Fund or CD with $10,000 new money within 14 days AND Home Equity Line&Lock with $20,000 draw at loan opening within six months.","https://www.cnbankpa.com/Campaigns/4Suits","https://www.cnbankpa.com/Campaigns/4Suits","2026-12-31","","","Age 18+; one per household; C&N market-area counties only. Loan route requires credit approval, primary residence and automatic loan payment from C&N.","2026-09-09","","","","","Live browser and HTTP blocked; issuer extraction plus exact-campaign indexed legal excerpt support cash tiers. DD monthly versus aggregate $1,000 wording is ambiguous; no cumulative denominator invented. Six-month account-open condition is not a verified full-balance hold. Savings/CD APY and safe withdrawal unknown; HELOC costs/draw are not deposit capital. Noncash safe-deposit-box waived fee omitted.","2500","online","","unknown","","","186","unknown","","","","","","","yes","https://www.doctorofcredit.com/pa-ny-cn-bank-400-checking-bonus/#comment-2322470","2026-09-24","Rejected due to Chex in May 2026, live in PA 3 miles from a branch. DoC reader datapoints (article field unknown or absent), 2026-05-14. DoC article field says 'Unknown, sensitive', but multiple comments (2022-2026) report denials/closures citing ChexSystems, so Chex is used. Secondary reported screening, not a bank guarantee.","$25.00: Checking new-money funding within seven business days, separate from qualifying activity. $1,000.00: Alternative to monthly transaction route: three consecutive months of DD totaling $1,000; monthly split and deposit count not stated. Not $1,000 each month. $20,000.00: Required HELOC draw, a debt obligation rather than a user-funded deposit; borrowing costs and full capital exposure unresolved. $10,000.00: Separate savings/money-market/CD new-money opening funding. Selected transaction route requires 12 transactions each month for six months but no dollar minimum is stated. $25 opening funding alone is not a verified complete denominator; alternative DD route cannot be imposed in addition to transactions. Required $20,000 HELOC draw must not be encoded as deposit capital.","https://www.cnbankpa.com/Campaigns/4Suits","2026-09-22"
"fidelity-pa-personal-online-150","Fidelity Bank (PA)","Personal Checking (online)","checking","false","15000","Open new personal checking online; receive $1,500 qualifying recurring direct deposits per month for three consecutive months, make 45 POS debit purchases over those three months (marketing says 15/month), enroll in online banking and EZ statements. Complete requirements within 120 days; payout first business day after day 120.","https://www.bankatfidelity.com/moneymarket/","https://www.bankatfidelity.com/moneymarket/","","","","New personal checking customers; one account-opening bonus per calendar year; no combining offers; bank employees/immediate family excluded; eligible product confirmed at opening.","2026-09-09","","account_opening","","","Cumulative DD $4,500; 0% seven-day-per-deposit model. Fixed deposit count not specified. $100 base plus $50 online; do not add base to this total. Opening funds and purchase spending ancillary; no fixed purchase amount. Live bank personal maximum is $400, not DoC $600.","","online","","unknown","","","","","","","","","","","yes","https://www.doctorofcredit.com/northeastern-pa-only-fidelity-bank-400-checking/","2026-09-24","ChexSystems: Yes DoC article ChexSystems field, 2026-07-08. DoC personal checking article field. Secondary reported screening, not a bank guarantee.","","",""
"fidelity-pa-personal-online-savings-400","Fidelity Bank (PA)","Personal Checking + Statement Savings (online)","other","false","40000","Open new personal checking online; receive $1,500 qualifying recurring direct deposits per month for three consecutive months, make 45 POS debit purchases over those three months (marketing says 15/month), enroll in online banking and EZ statements. Complete requirements within 120 days; payout first business day after day 120. Simultaneously open Statement Savings with $10,000 new money and maintain $10,000 daily during each initial three months.","https://www.bankatfidelity.com/moneymarket/","https://www.bankatfidelity.com/moneymarket/","","","","New personal checking customers; one account-opening bonus per calendar year; no combining offers; bank employees/immediate family excluded; eligible product confirmed at opening.","2026-09-09","0.25","account_opening","https://www.bankatfidelity.com/rates/deposit-rates/","2026-09-09","Total promotional capital $4,500 cumulative DD plus separate $10,000 savings. 0.25% is savings leg only with qualifying checking package; not applied to all mixed capital. Three calendar months not converted to guessed days. $400 includes $100 checking+$50 online+$250 savings; do not stack component rows.","","online","","unknown","","","","1450000","","","","","","","yes","https://www.doctorofcredit.com/northeastern-pa-only-fidelity-bank-400-checking/","2026-09-24","ChexSystems: Yes DoC article ChexSystems field, 2026-07-08. DoC personal checking article field. Secondary reported screening, not a bank guarantee.","","",""
"fidelity-pa-personal-branch-100","Fidelity Bank (PA)","Personal Checking (branch)","checking","false","10000","Open new personal checking in branch; receive $1,500 qualifying recurring direct deposits per month for three consecutive months, make 45 POS debit purchases over those three months (marketing says 15/month), enroll in online banking and EZ statements. Complete requirements within 120 days; payout first business day after day 120.","https://www.bankatfidelity.com/moneymarket/","https://www.bankatfidelity.com/moneymarket/","","","","New personal checking customers; one account-opening bonus per calendar year; no combining offers; bank employees/immediate family excluded; eligible product confirmed at opening.","2026-09-09","","account_opening","","","Branch variant excludes the $50 online-opening increment. Cumulative DD $4,500; 0% seven-day-per-deposit model. Fixed deposit count not specified. $100 base plus $50 online; do not add base to this total. Opening funds and purchase spending ancillary; no fixed purchase amount. Live bank personal maximum is $400, not DoC $600.","","branch_only","","unknown","","","","","","","","","","","yes","https://www.doctorofcredit.com/northeastern-pa-only-fidelity-bank-400-checking/","2026-09-24","ChexSystems: Yes DoC article ChexSystems field, 2026-07-08. DoC personal checking article field. Secondary reported screening, not a bank guarantee.","","",""
"fidelity-pa-personal-branch-savings-350","Fidelity Bank (PA)","Personal Checking + Statement Savings (branch)","other","false","35000","Open new personal checking in branch; receive $1,500 qualifying recurring direct deposits per month for three consecutive months, make 45 POS debit purchases over those three months (marketing says 15/month), enroll in online banking and EZ statements. Complete requirements within 120 days; payout first business day after day 120. Simultaneously open Statement Savings with $10,000 new money and maintain $10,000 daily during each initial three months.","https://www.bankatfidelity.com/moneymarket/","https://www.bankatfidelity.com/moneymarket/","","","","New personal checking customers; one account-opening bonus per calendar year; no combining offers; bank employees/immediate family excluded; eligible product confirmed at opening.","2026-09-09","0.25","account_opening","https://www.bankatfidelity.com/rates/deposit-rates/","2026-09-09","Branch variant excludes the $50 online-opening increment. Total promotional capital $4,500 cumulative DD plus separate $10,000 savings. 0.25% is savings leg only with qualifying checking package; not applied to all mixed capital. Three calendar months not converted to guessed days. $400 includes $100 checking+$50 online+$250 savings; do not stack component rows.","","branch_only","","unknown","","","","1450000","","","","","","","yes","https://www.doctorofcredit.com/northeastern-pa-only-fidelity-bank-400-checking/","2026-09-24","ChexSystems: Yes DoC article ChexSystems field, 2026-07-08. DoC personal checking article field. Secondary reported screening, not a bank guarantee.","","",""
"fidelity-pa-business-450-branch","Fidelity Bank (PA)","Business checking branch","checking","true","45000","Open new primary business checking; maintain $10,000 daily during each of first three months; enroll in business online banking and EZ statements. Complete within 120 days; account reward paid first business day after day 120.","https://www.bankatfidelity.com/moneymarket/","https://www.bankatfidelity.com/moneymarket/","","","","New business checking customers; existing business customers eligible only for merchant-services credit. One opening bonus/calendar year; cannot combine offers; employee/immediate family excluded.","2026-09-09","","account_opening","","","Verified cash credit, not estimated processing savings. Merchant sales/fees are not deposit capital; total denominator unknown for merchant combination. Product-specific APY unverified and three calendar months not guessed as 90 days. Totals include base; no stacking with component rows.","","branch_only","","unknown","","","","","","","","","","","yes","https://www.doctorofcredit.com/northeastern-pa-fidelity-bank-200-business-checking-promotion/","2026-09-24","ChexSystems: Yes DoC article ChexSystems field, 2017-06-06. Older article (2016/2017) for Fidelity Bank (PA) business checking says Yes; the 2026 Fidelity PA personal checking article also says Yes. Secondary reported screening, not a bank guarantee.","","",""
"fidelity-pa-business-550-branch","Fidelity Bank (PA)","Business checking branch + Merchant Services $100","checking","true","55000","Open new primary business checking; maintain $10,000 daily during each of first three months; enroll in business online banking and EZ statements. Complete within 120 days; account reward paid first business day after day 120. Add Merchant Services and process $1,000-$5,000 credit-card sales during first 45 days; merchant credit paid within 30 days after day 45.","https://www.bankatfidelity.com/moneymarket/","https://www.bankatfidelity.com/moneymarket/","","","","New business checking customers; existing business customers eligible only for merchant-services credit. One opening bonus/calendar year; cannot combine offers; employee/immediate family excluded.","2026-09-09","","account_opening","","","Verified cash credit, not estimated processing savings. Merchant sales/fees are not deposit capital; total denominator unknown for merchant combination. Product-specific APY unverified and three calendar months not guessed as 90 days. Totals include base; no stacking with component rows.","","branch_only","","unknown","","","","unknown","","","","","","","yes","https://www.doctorofcredit.com/northeastern-pa-fidelity-bank-200-business-checking-promotion/","2026-09-24","ChexSystems: Yes DoC article ChexSystems field, 2017-06-06. Older article (2016/2017) for Fidelity Bank (PA) business checking says Yes; the 2026 Fidelity PA personal checking article also says Yes. Secondary reported screening, not a bank guarantee.","$10,000.00: Daily business-checking balance during each initial three months. $1,000.00: Lower qualifying sales-volume boundary; highest tier says over $10,000, represented at cent precision. Not user-funded capital. $100.00: Ordinary Business Checking only; alternative Analysis requires $1,000. Not set as offer-wide minimum. Verified $10,000 daily balance and merchant-sales thresholds. Merchant processing is customer sales volume, not a user deposit or debit-spending capital leg. Campaign leaves product eligibility/opening requirements to banker; $100 applies to ordinary Business Checking, $1,000 to Analysis, so no universal opening minimum or complete capital is certified.","https://www.bankatfidelity.com/moneymarket/","2026-09-22"
"fidelity-pa-business-650-branch","Fidelity Bank (PA)","Business checking branch + Merchant Services $200","checking","true","65000","Open new primary business checking; maintain $10,000 daily during each of first three months; enroll in business online banking and EZ statements. Complete within 120 days; account reward paid first business day after day 120. Add Merchant Services and process $5,000.01-$10,000 credit-card sales during first 45 days; merchant credit paid within 30 days after day 45.","https://www.bankatfidelity.com/moneymarket/","https://www.bankatfidelity.com/moneymarket/","","","","New business checking customers; existing business customers eligible only for merchant-services credit. One opening bonus/calendar year; cannot combine offers; employee/immediate family excluded.","2026-09-09","","account_opening","","","Verified cash credit, not estimated processing savings. Merchant sales/fees are not deposit capital; total denominator unknown for merchant combination. Product-specific APY unverified and three calendar months not guessed as 90 days. Totals include base; no stacking with component rows.","","branch_only","","unknown","","","","unknown","","","","","","","yes","https://www.doctorofcredit.com/northeastern-pa-fidelity-bank-200-business-checking-promotion/","2026-09-24","ChexSystems: Yes DoC article ChexSystems field, 2017-06-06. Older article (2016/2017) for Fidelity Bank (PA) business checking says Yes; the 2026 Fidelity PA personal checking article also says Yes. Secondary reported screening, not a bank guarantee.","$10,000.00: Daily business-checking balance during each initial three months. $5,000.01: Lower qualifying sales-volume boundary; highest tier says over $10,000, represented at cent precision. Not user-funded capital. $100.00: Ordinary Business Checking only; alternative Analysis requires $1,000. Not set as offer-wide minimum. Verified $10,000 daily balance and merchant-sales thresholds. Merchant processing is customer sales volume, not a user deposit or debit-spending capital leg. Campaign leaves product eligibility/opening requirements to banker; $100 applies to ordinary Business Checking, $1,000 to Analysis, so no universal opening minimum or complete capital is certified.","https://www.bankatfidelity.com/moneymarket/","2026-09-22"
"fidelity-pa-business-750-branch","Fidelity Bank (PA)","Business checking branch + Merchant Services $300","checking","true","75000","Open new primary business checking; maintain $10,000 daily during each of first three months; enroll in business online banking and EZ statements. Complete within 120 days; account reward paid first business day after day 120. Add Merchant Services and process over $10,000 credit-card sales during first 45 days; merchant credit paid within 30 days after day 45.","https://www.bankatfidelity.com/moneymarket/","https://www.bankatfidelity.com/moneymarket/","","","","New business checking customers; existing business customers eligible only for merchant-services credit. One opening bonus/calendar year; cannot combine offers; employee/immediate family excluded.","2026-09-09","","account_opening","","","Verified cash credit, not estimated processing savings. Merchant sales/fees are not deposit capital; total denominator unknown for merchant combination. Product-specific APY unverified and three calendar months not guessed as 90 days. Totals include base; no stacking with component rows.","","branch_only","","unknown","","","","unknown","","","","","","","yes","https://www.doctorofcredit.com/northeastern-pa-fidelity-bank-200-business-checking-promotion/","2026-09-24","ChexSystems: Yes DoC article ChexSystems field, 2017-06-06. Older article (2016/2017) for Fidelity Bank (PA) business checking says Yes; the 2026 Fidelity PA personal checking article also says Yes. Secondary reported screening, not a bank guarantee.","$10,000.00: Daily business-checking balance during each initial three months. $10,000.01: Lower qualifying sales-volume boundary; highest tier says over $10,000, represented at cent precision. Not user-funded capital. $100.00: Ordinary Business Checking only; alternative Analysis requires $1,000. Not set as offer-wide minimum. Verified $10,000 daily balance and merchant-sales thresholds. Merchant processing is customer sales volume, not a user deposit or debit-spending capital leg. Campaign leaves product eligibility/opening requirements to banker; $100 applies to ordinary Business Checking, $1,000 to Analysis, so no universal opening minimum or complete capital is certified.","https://www.bankatfidelity.com/moneymarket/","2026-09-22"
"fidelity-pa-business-500-online","Fidelity Bank (PA)","Business checking online","checking","true","50000","Open new primary business checking; maintain $10,000 daily during each of first three months; enroll in business online banking and EZ statements. Complete within 120 days; account reward paid first business day after day 120. Open online for additional $50.","https://www.bankatfidelity.com/moneymarket/","https://www.bankatfidelity.com/moneymarket/","","","","New business checking customers; existing business customers eligible only for merchant-services credit. One opening bonus/calendar year; cannot combine offers; employee/immediate family excluded.","2026-09-09","","account_opening","","","Verified cash credit, not estimated processing savings. Merchant sales/fees are not deposit capital; total denominator unknown for merchant combination. Product-specific APY unverified and three calendar months not guessed as 90 days. Totals include base; no stacking with component rows.","","online","","unknown","","","","","","","","","","","yes","https://www.doctorofcredit.com/northeastern-pa-fidelity-bank-200-business-checking-promotion/","2026-09-24","ChexSystems: Yes DoC article ChexSystems field, 2017-06-06. Older article (2016/2017) for Fidelity Bank (PA) business checking says Yes; the 2026 Fidelity PA personal checking article also says Yes. Secondary reported screening, not a bank guarantee.","","",""
"fidelity-pa-business-600-online","Fidelity Bank (PA)","Business checking online + Merchant Services $100","checking","true","60000","Open new primary business checking; maintain $10,000 daily during each of first three months; enroll in business online banking and EZ statements. Complete within 120 days; account reward paid first business day after day 120. Open online for additional $50. Add Merchant Services and process $1,000-$5,000 credit-card sales during first 45 days; merchant credit paid within 30 days after day 45.","https://www.bankatfidelity.com/moneymarket/","https://www.bankatfidelity.com/moneymarket/","","","","New business checking customers; existing business customers eligible only for merchant-services credit. One opening bonus/calendar year; cannot combine offers; employee/immediate family excluded.","2026-09-09","","account_opening","","","Verified cash credit, not estimated processing savings. Merchant sales/fees are not deposit capital; total denominator unknown for merchant combination. Product-specific APY unverified and three calendar months not guessed as 90 days. Totals include base; no stacking with component rows.","","online","","unknown","","","","unknown","","","","","","","yes","https://www.doctorofcredit.com/northeastern-pa-fidelity-bank-200-business-checking-promotion/","2026-09-24","ChexSystems: Yes DoC article ChexSystems field, 2017-06-06. Older article (2016/2017) for Fidelity Bank (PA) business checking says Yes; the 2026 Fidelity PA personal checking article also says Yes. Secondary reported screening, not a bank guarantee.","$10,000.00: Daily business-checking balance during each initial three months. $1,000.00: Lower qualifying sales-volume boundary; highest tier says over $10,000, represented at cent precision. Not user-funded capital. $100.00: Ordinary Business Checking only; alternative Analysis requires $1,000. Not set as offer-wide minimum. Verified $10,000 daily balance and merchant-sales thresholds. Merchant processing is customer sales volume, not a user deposit or debit-spending capital leg. Campaign leaves product eligibility/opening requirements to banker; $100 applies to ordinary Business Checking, $1,000 to Analysis, so no universal opening minimum or complete capital is certified.","https://www.bankatfidelity.com/moneymarket/","2026-09-22"
"fidelity-pa-business-700-online","Fidelity Bank (PA)","Business checking online + Merchant Services $200","checking","true","70000","Open new primary business checking; maintain $10,000 daily during each of first three months; enroll in business online banking and EZ statements. Complete within 120 days; account reward paid first business day after day 120. Open online for additional $50. Add Merchant Services and process $5,000.01-$10,000 credit-card sales during first 45 days; merchant credit paid within 30 days after day 45.","https://www.bankatfidelity.com/moneymarket/","https://www.bankatfidelity.com/moneymarket/","","","","New business checking customers; existing business customers eligible only for merchant-services credit. One opening bonus/calendar year; cannot combine offers; employee/immediate family excluded.","2026-09-09","","account_opening","","","Verified cash credit, not estimated processing savings. Merchant sales/fees are not deposit capital; total denominator unknown for merchant combination. Product-specific APY unverified and three calendar months not guessed as 90 days. Totals include base; no stacking with component rows.","","online","","unknown","","","","unknown","","","","","","","yes","https://www.doctorofcredit.com/northeastern-pa-fidelity-bank-200-business-checking-promotion/","2026-09-24","ChexSystems: Yes DoC article ChexSystems field, 2017-06-06. Older article (2016/2017) for Fidelity Bank (PA) business checking says Yes; the 2026 Fidelity PA personal checking article also says Yes. Secondary reported screening, not a bank guarantee.","$10,000.00: Daily business-checking balance during each initial three months. $5,000.01: Lower qualifying sales-volume boundary; highest tier says over $10,000, represented at cent precision. Not user-funded capital. $100.00: Ordinary Business Checking only; alternative Analysis requires $1,000. Not set as offer-wide minimum. Verified $10,000 daily balance and merchant-sales thresholds. Merchant processing is customer sales volume, not a user deposit or debit-spending capital leg. Campaign leaves product eligibility/opening requirements to banker; $100 applies to ordinary Business Checking, $1,000 to Analysis, so no universal opening minimum or complete capital is certified.","https://www.bankatfidelity.com/moneymarket/","2026-09-22"
"fidelity-pa-business-800-online","Fidelity Bank (PA)","Business checking online + Merchant Services $300","checking","true","80000","Open new primary business checking; maintain $10,000 daily during each of first three months; enroll in business online banking and EZ statements. Complete within 120 days; account reward paid first business day after day 120. Open online for additional $50. Add Merchant Services and process over $10,000 credit-card sales during first 45 days; merchant credit paid within 30 days after day 45.","https://www.bankatfidelity.com/moneymarket/","https://www.bankatfidelity.com/moneymarket/","","","","New business checking customers; existing business customers eligible only for merchant-services credit. One opening bonus/calendar year; cannot combine offers; employee/immediate family excluded.","2026-09-09","","account_opening","","","Verified cash credit, not estimated processing savings. Merchant sales/fees are not deposit capital; total denominator unknown for merchant combination. Product-specific APY unverified and three calendar months not guessed as 90 days. Totals include base; no stacking with component rows.","","online","","unknown","","","","unknown","","","","","","","yes","https://www.doctorofcredit.com/northeastern-pa-fidelity-bank-200-business-checking-promotion/","2026-09-24","ChexSystems: Yes DoC article ChexSystems field, 2017-06-06. Older article (2016/2017) for Fidelity Bank (PA) business checking says Yes; the 2026 Fidelity PA personal checking article also says Yes. Secondary reported screening, not a bank guarantee.","$10,000.00: Daily business-checking balance during each initial three months. $10,000.01: Lower qualifying sales-volume boundary; highest tier says over $10,000, represented at cent precision. Not user-funded capital. $100.00: Ordinary Business Checking only; alternative Analysis requires $1,000. Not set as offer-wide minimum. Verified $10,000 daily balance and merchant-sales thresholds. Merchant processing is customer sales volume, not a user deposit or debit-spending capital leg. Campaign leaves product eligibility/opening requirements to banker; $100 applies to ordinary Business Checking, $1,000 to Analysis, so no universal opening minimum or complete capital is certified.","https://www.bankatfidelity.com/moneymarket/","2026-09-22"
"truist-one-checking-500","Truist","Truist One Checking","checking","false","50000","Open July 14, 2026-February 2, 2027 with valid single-use promotion code. Receive at least two qualifying ACH direct deposits totaling $2,000 AND 20 qualifying debit purchases within 120 days; each DD must exceed $5. Keep open unrestricted with positive balance through payout within 10 business days after qualification.","https://www.truist.com/checking/lp/promos/open-checking","https://www.truist.com/checking/lp/promos/open-checking","2027-02-02","1200","$500 qualifying DD per statement cycle or $500 combined ledger balance; qualifying linked loan/credit-card/business relationships, student, under-25 or 62+ alternatives.","Age 18+, valid US taxpayer ID, physical address AL AR FL GA IN KY MD MS NC NJ OH PA SC TN TX VA WV DC. Existing primary personal checking or closed on/after 2025-07-14 excluded. Employees/officials excluded; no combining.","2026-09-09","","account_opening","","","Live issuer legal terms recovered; dynamic promo code displayed literal {{offerPromoCode}}, so obtain a valid code before applying. $2,000 cumulative DD uses 0% seven days each. Each must exceed $5; 501 cents smallest eligible cent amount, not assumed actual deposit size. Debit purchase amount unspecified; ancillary opening capital not silently added. Marquee same $500 reward, $100 opening/$35 monthly; not an extra bonus.","5000","online","","included_states","AL;AR;DC;FL;GA;IN;KY;MD;MS;NC;NJ;OH;PA;SC;TN;TX;VA;WV","","","","","","","","A valid current enrollment code is required; the source supplied an unresolved placeholder.","","yes","https://www.doctorofcredit.com/truist-300-checking-bonus-al-ar-ga-fl-in-ky-md-ms-nc-nj-oh-pa-sc-tn-tx-va-wv-or-dc/","2026-09-24","ChexSystems: Yes DoC article ChexSystems field, 2026-07-15. DoC Truist checking article says Yes; on DoC Chex list 'Does pull'. Secondary reported screening, not a bank guarantee.","","",""
"first-horizon-firstview-450","First Horizon Bank","FirstView Checking","checking","false","45000","Open FirstView checking by 9PM EST September 25, 2026 with campaign code; $50 opening new funds; receive $2,000 qualifying recurring payroll/pension/Social Security direct deposits within 90 days. Keep open at least 90 days and positive/active through payout within 15 business days after requirements.","https://www.firsthorizon.com/personal/special-offers/summer700","https://www.firsthorizon.com/personal/special-offers/summer700","2026-09-25","0","No monthly service fee with eStatements; $2 paper/$3 paper with check images.","New consumer checking customer, none in last 24 months; resident of state with First Horizon center. Individuals only; one per customer; same primary owner for both accounts; nontransferable.","2026-09-09","","account_opening","","","Live offer requires DD; DoC no-DD title stale. Promotional cumulative DD $2,000 at 0% seven days each. Separate opening funding may be necessary. No fixed count.","5000","online","","unknown","","","90","","","","","","","","yes","https://www.doctorofcredit.com/tn-ar-ms-al-ga-ky-fl-nc-va-first-horizon-bank-450-checking-bonus-direct-deposit-not-required/","2026-09-24","FYI, they pulled my chex on 04/21/2026 DoC reader datapoints (article field unknown or absent), 2026-08-29. DoC field says 'Unknown, sensitive'. Multiple 2026 comments report Chex pulls and Chex denials online, though some report in-branch opening with Chex frozen; DoC's Chex list has First Horizon under 'Does pull'. Applies to the Private Client offers too (a comment there says 'Chex: Yes, sensitive'). Secondary reported screening, not a bank guarantee.","","",""
"first-horizon-checking-savings-700","First Horizon Bank","FirstView Checking + Traditional Savings","other","false","70000","Open FirstView checking by 9PM EST September 25, 2026 with campaign code; $50 opening new funds; receive $2,000 qualifying recurring payroll/pension/Social Security direct deposits within 90 days. Keep open at least 90 days and positive/active through payout within 15 business days after requirements. Open Traditional Savings on same business day; deposit $3,000 new external funds directly into savings within 30 days and maintain daily collected $3,000 for 90 days from deposit. No transfer through First Horizon checking. Savings opening minimum $50. Combined reward includes $450 checking+$250 savings.","https://www.firsthorizon.com/personal/special-offers/summer700","https://www.firsthorizon.com/personal/special-offers/summer700","2026-09-25","","Savings $5 quarterly fee refunded when linked to FirstView, or waived with $250 daily balance; checking eStatement fee waiver.","New consumer checking customer, none in last 24 months; resident of state with First Horizon center. Individuals only; one per customer; same primary owner for both accounts; nontransferable.","2026-09-09","0.25","account_opening","https://www.firsthorizon.com/personal/checking-and-savings/savings-and-cds/traditional-savings","2024-11-13","Savings $250 cannot be earned independently of checking; no standalone $250 row. Latest savings funding day30 held90 days from deposit (days30-119), withdrawalday120. Cumulative promotional capital$5,000 = $2,000 DD+$3,000 savings. Current live Traditional Savings page verifies0.25% APY, effective2024-11-13; variable. Rate is savings leg ONLY, not entire mixed capital. Opening deposits may be ancillary. Old product URLs404; current navigation recovered rate.","","online","","unknown","","","90","500000","","","","","","","yes","https://www.doctorofcredit.com/tn-ar-ms-al-ga-ky-fl-nc-va-first-horizon-bank-450-checking-bonus-direct-deposit-not-required/","2026-09-24","FYI, they pulled my chex on 04/21/2026 DoC reader datapoints (article field unknown or absent), 2026-08-29. DoC field says 'Unknown, sensitive'. Multiple 2026 comments report Chex pulls and Chex denials online, though some report in-branch opening with Chex frozen; DoC's Chex list has First Horizon under 'Does pull'. Applies to the Private Client offers too (a comment there says 'Chex: Yes, sensitive'). Secondary reported screening, not a bank guarantee.","","",""
"clearview-absolute-checking-412","Clearview Federal Credit Union","Absolute Checking","checking","false","41200","Open new Absolute Checking using promo code 412; enroll in digital banking/eStatements; make four debit transactions and electronically deposit at least $412 within first 60 days.","https://www.clearviewfcu.org/New-Checking-Account-Offer","https://www.clearviewfcu.org/New-Checking-Account-Offer","","600","Waive with $10,000 average daily combined deposits, $20,000 combined deposit/loan balances, or $5,000 monthly DD; fee waivers are not bonus requirements.","New members only; Southwestern Pennsylvania membership eligibility must be met.","2026-09-09","0.05","account_opening","https://www.clearviewfcu.org/all-rates","2026-08-03","Ordinary electronic funding $412 is NOT payroll DD: no seven-day model. Four required debit transactions have unspecified dollar minimum and overlap with deposits, so mixed total denominator unknown. Latest funding day60; safe withdrawal/hold, payout and cooldown not established. Absolute Checking APY0.05% effective August3 2026 and $6 fee verified separately. No fixed expiry stated.","","online","","included_states","PA","Membership: Southwestern Pennsylvania membership eligibility.","","unknown","","","","","","","yes","https://www.doctorofcredit.com/pa-only-clearview-credit-union-412-checking-bonus-direct-deposit-not-required/","2026-09-24","ChexSystems: Yes DoC article ChexSystems field, 2026-09-05. DoC fine print for the $412 checking bonus. Secondary reported screening, not a bank guarantee.","$412.00: Electronic deposits totaling $412, not limited to payroll. $412.00: Minimum $412 balance after 60 calendar days; not a stated continuous 60-day hold. $10.00: Standard membership savings opening deposit; younger-member alternative on products page may fund share, applicability unconfirmed. Campaign legal adds omitted $412 after-day-60 balance condition; standard membership savings requires $10. Required debit spend and relationship to funded balance not quantified; total stays unknown. Do not confuse $5,000 fee-waiver DD with bonus funding.","https://www.clearviewfcu.org/New-Checking-Account-Offer","2026-09-22"
"bankhometown-get-real-150","bankHometown","Get Real Checking (initial reward)","checking","false","15000","Open free Get Real Checking with $10. For $150, enroll eStatements and receive $1,000 aggregate DD OR make 25 POS debit purchases at least $10 each within 90 days. Payout by end of statement cycle following day90.","https://bankhometown.com/checking-accounts/","https://bankhometown.com/checking-accounts/","","0","","New consumer checking, age16+; one per tax owner; anyone previously paid checking bonus by bank excluded. Positive balance/good standing through payout; no stacking.","2026-09-09","","account_opening","","","Models DD route, $1,000 cumulative at 0% seven days each. Debit alternative consumes at least $250, not a deposit hold. Redirected DoC bankESB link is now bankHometown $300 campaign; no invented $325 offer.","1000","online","","unknown","","","","","","","","","","","unknown","","","","","",""
"bankhometown-get-real-300","bankHometown","Get Real Checking (initial + loyalty)","checking","false","30000","Open free Get Real Checking with $10. For $150, enroll eStatements and receive $1,000 aggregate DD OR make 25 POS debit purchases at least $10 each within 90 days. Payout by end of statement cycle following day90. For another $150 keep open 12 months, still enrolled eStatements, and have recurring DD posted in last statement cycle OR five POS purchases at least $10 each in that last cycle. Payout by end of statement cycle following day365.","https://bankhometown.com/checking-accounts/","https://bankhometown.com/checking-accounts/","","0","","New consumer checking, age16+; one per tax owner; anyone previously paid checking bonus by bank excluded. Positive balance/good standing through payout; no stacking.","2026-09-09","","","","","Total includes $150 initial +$150 loyalty; do not double count. Last-cycle recurring DD minimum unspecified; cannot reuse first $1,000 or invent total. Debit path at least $250 initial+$50 last cycle; spending not held capital.","1000","online","","unknown","","","372","unknown","","","","","","","unknown","","","","$10.00: Checking opening only, not total capital. $10.00: Each of 25 initial POS purchases and five loyalty POS purchases must be $10 or more. $250.00: Arithmetic lower bound 25 × verified $10 per purchase. $50.00: Arithmetic lower bound 5 × verified $10 per purchase. Rendered legal verifies initial and loyalty debit route amounts. Opening deposit overlap, account-positive payout reserve and alternative DD route prevent complete capital certification. Proposed spend lower bounds are not total capital.","https://bankhometown.com/checking-accounts/","2026-09-22"
"citizens-checking-semc5-300","Citizens Bank","Personal Checking (SEMC5 checking component)","checking","false","30000","Open first personal checking August 10-October 25, 2026 through this offer; receive one qualifying recurring-income direct deposit of $500 or more within 60 days. P2P deposits may not qualify. September openings paid by January 31, 2027; October openings by February 28, 2027.","https://citizensbank.com/promo/checking/special-offer-2026-semc5.aspx","https://citizensbank.com/promo/checking/special-offer-2026-semc5.aspx","2026-10-25","","","Online through exact campaign links; no personal checking/savings signer relationship within six months. Positive/open/active through payout. Private Bank and Citizens Access excluded. One-time offer, no stacking. Regional account eligibility applies.","2026-09-09","","account_opening","","","Old DoC Q2 $400 URL says campaign ended and browser access denied. Replacement first-party extraction verifies Aug-Oct $300 checking/$100 savings. DD modeled cumulative $500 at 0% seven days. Product fee varies; no invented fee.","","online","","unknown","","","","","","","","","","","unknown","","","","","",""
"citizens-checking-savings-semc5-400","Citizens Bank","Personal Checking + Savings (SEMC5 combined)","other","false","40000","Open first personal checking August 10-October 25, 2026 through this offer; receive one qualifying recurring-income direct deposit of $500 or more within 60 days. P2P deposits may not qualify. September openings paid by January 31, 2027; October openings by February 28, 2027. Open first savings same day. Deposit at least $100 into savings each of three consecutive months starting opening month or following month; savings balance at least $300 at end of third month. Checking must remain open or savings bonus forfeited. $400 is combined total.","https://citizensbank.com/promo/checking/special-offer-2026-semc5.aspx","https://citizensbank.com/promo/checking/special-offer-2026-semc5.aspx","2026-10-25","","","Online through exact campaign links; no personal checking/savings signer relationship within six months. Positive/open/active through payout. Private Bank and Citizens Access excluded. One-time offer, no stacking. Regional account eligibility applies.","2026-09-09","","account_opening","","","Cumulative promotional capital $500 DD+$300 separate savings deposits, no recycling. Monthly savings funding endpoints not representable by one opening-relative interval; no fabricated days. Quest 0.02% applies only to that product, not all eligible savings; APY blank. $100 savings component requires same-day checking but not expressly its DD; see conditional savings-only component.","","online","","unknown","","","","80000","","","","","","","unknown","","","","","",""
"citizens-savings-semc5-100","Citizens Bank","Savings bonus (same-day checking required)","other","false","10000","Open first personal checking AND first savings on same day through campaign August10-October25 2026. For this savings-only reward, checking direct deposit not required. Deposit at least $100 to savings each of three consecutive months starting opening month or following month; end third month savings balance at least $300. Both accounts open active positive through checking payout. See campaign calendar payout table.","https://citizensbank.com/promo/checking/special-offer-2026-semc5.aspx","https://citizensbank.com/promo/checking/special-offer-2026-semc5.aspx","2026-10-25","","","Online through exact campaign links; no personal checking/savings signer relationship within six months. Positive/open/active through payout. Private Bank and Citizens Access excluded. One-time offer, no stacking. Regional account eligibility applies.","2026-09-09","","","","","Savings component $100 does not include checking $300. Same-day checking still mandatory and positive balance amount unspecified, so full two-account denominator unknown; do not pretend standalone $300 capital. APY and calendar endpoints unknown for selected product/opening date.","","online","","unknown","","","","unknown","","","","","","","unknown","","","","$300.00: Known savings deposits: $100 per month for three months, cumulative $300. $300.00: Existing end-third-month condition not fully recovered in page extraction; not additive to same savings funding. Both bare and www campaign browser requests Access Denied. Extraction confirms monthly $100 x3 but omits critical full legal; search finds end-month $300 and same-day checking terms but is not complete evidence. Cannot certify checking positive balance/opening requirement or full total.","https://citizensbank.com/promo/checking/special-offer-2026-semc5.aspx","2026-09-22"
"huntington-400","Huntington Bank","Perks Checking","checking","false","40000","Open with claimed promo code by September30 2026. Receive qualifying regular ACH direct deposits totaling $500 within90 days; RTP/P2P/internal transfers excluded. Keep account open90 days and through payout within14 days after requirements.","https://www.huntington.com/checking-account-promotions-bonuses-offers","https://www.huntington.com/checking-account-promotions-bonuses-offers","2026-09-30","1000","$1,000 monthly deposits or $5,000 relationship balances.","Residents AL AR CO FL GA IL IN KY LA MI MN MS MO NC OH PA SC TN TX WV WI only. New checking customer; existing relationships including fiduciary and accounts closed within12 months excluded. One incentive per rolling24 months across deposit relationships may be enforced; abuse can cause closure/no bonus. No stacking.","2026-09-09","0.02","account_opening","https://www.huntington.com/checking-account-promotions-bonuses-offers","2026-09-09","User DD model 0% seven days each; product APY not used for DD.","","online","","included_states","AL;AR;CO;FL;GA;IL;IN;KY;LA;MI;MN;MS;MO;NC;OH;PA;SC;TN;TX;WV;WI","","90","","","","","","","","no","https://www.doctorofcredit.com/oh-mi-pa-ky-wv-huntington-bank-200-checking-promotion-no-direct-deposit-requirement/","2026-09-23","U.S. Citizenship Required: Yes. Maybe not in branch? · Chexsystems: No, but do use EWS Explicit No in DoC field; the EWS statement is separate and is not the basis for No. Article has a current September 30, 2026 extension but stale historical values elsewhere in the overview; screening field has no separate effective date. Reported, not guaranteed; confirm before applying. Do not extend this finding to business accounts.","","",""
"huntington-600","Huntington Bank","Platinum Perks Checking","checking","false","60000","Open with claimed promo code by September30 2026. Deposit total $25,000 new money within90 days; money already with Huntington excluded except maturing personal CDs. Keep account open90 days and through payout within14 days after requirements.","https://www.huntington.com/checking-account-promotions-bonuses-offers","https://www.huntington.com/checking-account-promotions-bonuses-offers","2026-09-30","2500","$25,000 total relationship balances.","Residents AL AR CO FL GA IL IN KY LA MI MN MS MO NC OH PA SC TN TX WV WI only. New checking customer; existing relationships including fiduciary and accounts closed within12 months excluded. One incentive per rolling24 months across deposit relationships may be enforced; abuse can cause closure/no bonus. No stacking.","2026-09-09","0.03","account_opening","https://www.huntington.com/checking-account-promotions-bonuses-offers","2026-09-09","Issuer requires deposits and open-account duration, NOT $25,000 balance held90 days. Safe withdrawal endpoint not explicitly established, left blank instead of converting account-open condition into balance hold. APY0.03% verified all tiers; incomplete balance ROI is bonus-only lower bound.","","online","","included_states","AL;AR;CO;FL;GA;IL;IN;KY;LA;MI;MN;MS;MO;NC;OH;PA;SC;TN;TX;WV;WI","","90","","","","","","","","no","https://www.doctorofcredit.com/oh-mi-pa-ky-wv-huntington-bank-200-checking-promotion-no-direct-deposit-requirement/","2026-09-23","U.S. Citizenship Required: Yes. Maybe not in branch? · Chexsystems: No, but do use EWS Explicit No in DoC field; the EWS statement is separate and is not the basis for No. Article has a current September 30, 2026 extension but stale historical values elsewhere in the overview; screening field has no separate effective date. Reported, not guaranteed; confirm before applying. Do not extend this finding to business accounts.","","",""
"middlesex-freedom-blue-250","Middlesex Savings Bank","Freedom Blue","checking","false","25000","Open with MSB250 (Blue) or MSB350 (Gold/Platinum) by December31 2026. Enroll eStatements, make at least8 debit purchases totaling$100, and two qualifying payroll/government DDs within90 days. Fine print says DDs totaling$500; marketing says two deposits of$500 or more. Payout90 days after opening.","https://www.middlesexbank.com/bonus?utm_campaign=Platchecking&utm_medium=paid-social&utm_source=meta&utm_content=yellow&fbclid=Iwb21leASRnglleHRuA2FlbQEwAGFkaWQBqzMBiF0BNnNydGMGYXBwX2lkDDM1MDY4NTUzMTcyOAABHhL_ntEgQkQaTw2jvLdy6xfi8TokcIhru594kqCcbuy7JiDAICYWCVv1gAA7_aem_oC1dwhi09A6hvVDV5KZuzA&utm_id=120238856839000518&utm_term=120238856839280518","https://www.middlesexbank.com/bonus?utm_campaign=Platchecking&utm_medium=paid-social&utm_source=meta&utm_content=yellow&fbclid=Iwb21leASRnglleHRuA2FlbQEwAGFkaWQBqzMBiF0BNnNydGMGYXBwX2lkDDM1MDY4NTUzMTcyOAABHhL_ntEgQkQaTw2jvLdy6xfi8TokcIhru594kqCcbuy7JiDAICYWCVv1gAA7_aem_oC1dwhi09A6hvVDV5KZuzA&utm_id=120238856839000518&utm_term=120238856839280518","2026-12-31","0","No monthly fee.","No individual/joint personal checking in past365 days; one incentive/person/account; MA regional eligibility. No combining.","2026-09-09","","account_opening","","","Primary campaign has conflicting DD amount wording: $500 cumulative legal versus two $500 marketing. Do not choose invented denominator; required_funding blank. $100 debit spend known but no monthly cadence. Browser/HTTP blocked; full official extraction recovered. DoC no-DD stale.","100","online","","unknown","","","","unknown","","","","","","","yes","https://www.doctorofcredit.com/ma-only-middlesex-savings-bank-200-checking-bonus-direct-deposit-not-required/#comment-1806796","2026-09-24","Pulled Chex. DoC reader datapoints (article field unknown or absent), 2024-03-02. Article field Unknown; several comments (2024-2025) report Chex pulls, requests to unfreeze Chex, and Chex-sensitive online denials. (DoC list's 'Middlesex Federal Savings Bank' is a different bank.) Secondary reported screening, not a bank guarantee.","$1.00: Account opening minimum, distinct from DD. $100.00: Cumulative eight debit purchases. $500.00: Legal aggregate; cannot resolve against marketing two $500 deposits. $500.00: Marketing per-deposit reading; not safe to assert as definitive. Unresolved first-party contradiction: marketing requires two deposits of $500 or more, legal says two deposits totaling $500. Do not choose $500 or $1,000 total. $1 opening and $100 cumulative debit purchases independently verified; fee-waiver balances are not bonus capital.","https://www.middlesexbank.com/bonus?utm_campaign=Platchecking&utm_medium=paid-social&utm_source=meta&utm_content=yellow&fbclid=Iwb21leASRnglleHRuA2FlbQEwAGFkaWQBqzMBiF0BNnNydGMGYXBwX2lkDDM1MDY4NTUzMTcyOAABHhL_ntEgQkQaTw2jvLdy6xfi8TokcIhru594kqCcbuy7JiDAICYWCVv1gAA7_aem_oC1dwhi09A6hvVDV5KZuzA&utm_id=120238856839000518&utm_term=120238856839280518","2026-09-22"
"middlesex-freedom-gold-350","Middlesex Savings Bank","Freedom Gold","checking","false","35000","Open with MSB250 (Blue) or MSB350 (Gold/Platinum) by December31 2026. Enroll eStatements, make at least8 debit purchases totaling$100, and two qualifying payroll/government DDs within90 days. Fine print says DDs totaling$500; marketing says two deposits of$500 or more. Payout90 days after opening.","https://www.middlesexbank.com/bonus?utm_campaign=Platchecking&utm_medium=paid-social&utm_source=meta&utm_content=yellow&fbclid=Iwb21leASRnglleHRuA2FlbQEwAGFkaWQBqzMBiF0BNnNydGMGYXBwX2lkDDM1MDY4NTUzMTcyOAABHhL_ntEgQkQaTw2jvLdy6xfi8TokcIhru594kqCcbuy7JiDAICYWCVv1gAA7_aem_oC1dwhi09A6hvVDV5KZuzA&utm_id=120238856839000518&utm_term=120238856839280518","https://www.middlesexbank.com/bonus?utm_campaign=Platchecking&utm_medium=paid-social&utm_source=meta&utm_content=yellow&fbclid=Iwb21leASRnglleHRuA2FlbQEwAGFkaWQBqzMBiF0BNnNydGMGYXBwX2lkDDM1MDY4NTUzMTcyOAABHhL_ntEgQkQaTw2jvLdy6xfi8TokcIhru594kqCcbuy7JiDAICYWCVv1gAA7_aem_oC1dwhi09A6hvVDV5KZuzA&utm_id=120238856839000518&utm_term=120238856839280518","2026-12-31","1900","$10,000 combined deposit/portfolio-loan balances.","No individual/joint personal checking in past365 days; one incentive/person/account; MA regional eligibility. No combining.","2026-09-09","","account_opening","","","Primary campaign has conflicting DD amount wording: $500 cumulative legal versus two $500 marketing. Do not choose invented denominator; required_funding blank. $100 debit spend known but no monthly cadence. Browser/HTTP blocked; full official extraction recovered. DoC no-DD stale.","100","online","","unknown","","","","unknown","","","","","","","yes","https://www.doctorofcredit.com/ma-only-middlesex-savings-bank-200-checking-bonus-direct-deposit-not-required/#comment-1806796","2026-09-24","Pulled Chex. DoC reader datapoints (article field unknown or absent), 2024-03-02. Article field Unknown; several comments (2024-2025) report Chex pulls, requests to unfreeze Chex, and Chex-sensitive online denials. (DoC list's 'Middlesex Federal Savings Bank' is a different bank.) Secondary reported screening, not a bank guarantee.","$1.00: Account opening minimum, distinct from DD. $100.00: Cumulative eight debit purchases. $500.00: Legal aggregate; cannot resolve against marketing two $500 deposits. $500.00: Marketing per-deposit reading; not safe to assert as definitive. Unresolved first-party contradiction: marketing requires two deposits of $500 or more, legal says two deposits totaling $500. Do not choose $500 or $1,000 total. $1 opening and $100 cumulative debit purchases independently verified; fee-waiver balances are not bonus capital.","https://www.middlesexbank.com/bonus?utm_campaign=Platchecking&utm_medium=paid-social&utm_source=meta&utm_content=yellow&fbclid=Iwb21leASRnglleHRuA2FlbQEwAGFkaWQBqzMBiF0BNnNydGMGYXBwX2lkDDM1MDY4NTUzMTcyOAABHhL_ntEgQkQaTw2jvLdy6xfi8TokcIhru594kqCcbuy7JiDAICYWCVv1gAA7_aem_oC1dwhi09A6hvVDV5KZuzA&utm_id=120238856839000518&utm_term=120238856839280518","2026-09-22"
"middlesex-freedom-platinum-350","Middlesex Savings Bank","Freedom Platinum","checking","false","35000","Open with MSB250 (Blue) or MSB350 (Gold/Platinum) by December31 2026. Enroll eStatements, make at least8 debit purchases totaling$100, and two qualifying payroll/government DDs within90 days. Fine print says DDs totaling$500; marketing says two deposits of$500 or more. Payout90 days after opening.","https://www.middlesexbank.com/bonus?utm_campaign=Platchecking&utm_medium=paid-social&utm_source=meta&utm_content=yellow&fbclid=Iwb21leASRnglleHRuA2FlbQEwAGFkaWQBqzMBiF0BNnNydGMGYXBwX2lkDDM1MDY4NTUzMTcyOAABHhL_ntEgQkQaTw2jvLdy6xfi8TokcIhru594kqCcbuy7JiDAICYWCVv1gAA7_aem_oC1dwhi09A6hvVDV5KZuzA&utm_id=120238856839000518&utm_term=120238856839280518","https://www.middlesexbank.com/bonus?utm_campaign=Platchecking&utm_medium=paid-social&utm_source=meta&utm_content=yellow&fbclid=Iwb21leASRnglleHRuA2FlbQEwAGFkaWQBqzMBiF0BNnNydGMGYXBwX2lkDDM1MDY4NTUzMTcyOAABHhL_ntEgQkQaTw2jvLdy6xfi8TokcIhru594kqCcbuy7JiDAICYWCVv1gAA7_aem_oC1dwhi09A6hvVDV5KZuzA&utm_id=120238856839000518&utm_term=120238856839280518","2026-12-31","2900","$50,000 combined deposit/portfolio-loan balances.","No individual/joint personal checking in past365 days; one incentive/person/account; MA regional eligibility. No combining.","2026-09-09","","account_opening","","","Primary campaign has conflicting DD amount wording: $500 cumulative legal versus two $500 marketing. Do not choose invented denominator; required_funding blank. $100 debit spend known but no monthly cadence. Browser/HTTP blocked; full official extraction recovered. DoC no-DD stale.","100","online","","unknown","","","","unknown","","","","","","","yes","https://www.doctorofcredit.com/ma-only-middlesex-savings-bank-200-checking-bonus-direct-deposit-not-required/#comment-1806796","2026-09-24","Pulled Chex. DoC reader datapoints (article field unknown or absent), 2024-03-02. Article field Unknown; several comments (2024-2025) report Chex pulls, requests to unfreeze Chex, and Chex-sensitive online denials. (DoC list's 'Middlesex Federal Savings Bank' is a different bank.) Secondary reported screening, not a bank guarantee.","$1.00: Account opening minimum, distinct from DD. $100.00: Cumulative eight debit purchases. $500.00: Legal aggregate; cannot resolve against marketing two $500 deposits. $500.00: Marketing per-deposit reading; not safe to assert as definitive. Unresolved first-party contradiction: marketing requires two deposits of $500 or more, legal says two deposits totaling $500. Do not choose $500 or $1,000 total. $1 opening and $100 cumulative debit purchases independently verified; fee-waiver balances are not bonus capital.","https://www.middlesexbank.com/bonus?utm_campaign=Platchecking&utm_medium=paid-social&utm_source=meta&utm_content=yellow&fbclid=Iwb21leASRnglleHRuA2FlbQEwAGFkaWQBqzMBiF0BNnNydGMGYXBwX2lkDDM1MDY4NTUzMTcyOAABHhL_ntEgQkQaTw2jvLdy6xfi8TokcIhru594kqCcbuy7JiDAICYWCVv1gAA7_aem_oC1dwhi09A6hvVDV5KZuzA&utm_id=120238856839000518&utm_term=120238856839280518","2026-09-22"
"numerica-bonus-checking-300","Numerica Credit Union","Bonus Checking","checking","false","30000","New membership and Bonus Checking opened same day using MACQ1125. Within first three months meet qualifying requirements for two consecutive monthly cycles:12 settled Visa debit or credit transactions of$5 or more per cycle and eStatements. Bonus by10th of month following three full calendar months after opening; account good standing.","https://www.numericacu.com/300","https://www.numericacu.com/300","","","","New members only, former members excluded; one per taxID; WA/ID membership eligibility must be met.","2026-09-09","2.00","","https://www.numericacu.com/300","2026-08-28","24 qualifying purchases at least$120 total over two cycles; consumes capital, not a held deposit denominator. APY2% first$25,000 only with monthly qualifiers; no dividends if not qualified,0.05% above. No fixed expiration published. Opening shares and fee schedule not independently established.","2500","online","","unknown","","","","unknown","","","","","","","yes","https://www.doctorofcredit.com/wa-id-numerica-credit-union-200-checking-bonus-direct-deposit-not-required/","2026-09-24","[oos] denied due to Chex 0649 DoC reader datapoints (article field unknown or absent), 2025-02-10. DoC field is Unknown. Many 2025-2026 comments report denials due to Chex (with Chex scores), and one says 'Chex unfrozen > approved instantly'. Secondary reported screening, not a bank guarantee.","$25.00: Bonus Checking opening minimum $60.00: Debit or credit purchases per cycle, each at least $5 $120.00: Minimum purchases over two consecutive cycles Two qualification cycles each require 12 × $5 purchases, so preserve $60/cycle and $120 consumed aggregate. $25 checking opening confirmed. Membership account must also open same day, but its funding minimum remains unverified after supplemental disclosure lookup. Complete mixed/opening/spend capital unknown; do not infer overlap or import youth-savings minimum.","https://www.numericacu.com/300","2026-09-22"
"frontwave-new-member-350","Frontwave Credit Union","Checking + Savings","other","false","35000","Open new checking and savings same day; enroll eStatements; recurring external direct deposits or ACH transfers totaling$1,000 must post within a single calendar month and within90 days. Internal transfers/debit-wallet transfers excluded. $350 paid to savings within120 days if accounts good standing.","https://www.frontwavecu.com/new-member","https://www.frontwavecu.com/new-member","2027-01-31","","","New members18+ living/working/attending school San Diego,Riverside,Imperial,San Bernardino counties or qualifying SEG/military. No account closed within18 months; employees/volunteers excluded; one/person.","2026-09-09","","account_opening","","","Recurring external ACH transfers expressly qualify, not payroll-only. $1,000 within one calendar month and90 days. Hold, safe withdrawal and applicable APY unknown; no seven-day DD model.","","online","","unknown","","","","","","","","","","","yes","https://www.doctorofcredit.com/ca-frontwave-credit-union-200-checking-bonus/","2026-09-24","FYI: they do pull Chex. DoC reader datapoints (article field unknown or absent), 2025-08-17. DoC field is Unknown; this comment is explicit, and a 2024 comment reports a Chex override. Secondary reported screening, not a bank guarantee.","","",""
"metro-checking-200","Metro Credit Union","Metro Checking","checking","false","20000","Open through $200 checking offer; receive recurring DD at least once per month; enroll eStatements within60 days. Keep open/good standing for90 days and through payout within30 days after qualification.","https://www.metrocu.org/checking-offer","https://www.metrocu.org/checking-offer","","0","","Membership eligibility required; MA/Southern NH footprint from discovery must be individually confirmed. Current page does not specify prior-account cooldown.","2026-09-09","","","","","Original bank-local URL live404; replacement $200 campaign confirmed. DD amount unspecified; $500 on page belongs ATM/interest benefits, NOT bonus. No numeric denominator inferred. Indexed bank-local-ccu $500 page contains XX/XX/25 placeholder and not used as current offer. Zero% seven-day model applies only when actual DD supplied.","","online","","unknown","","","90","unknown","","","","","","","unknown","","","","$5.00: Required membership share. Bonus DD amount unstated. Monthly recurrence plus 90-day good standing does not establish exactly three deposits or calendar cycles; existing three approximate steps require separate timing review and are not certified here. Added known $5 membership share; total remains unknown.","https://www.metrocu.org/checking-offer","2026-09-22"
"bankers-trust-breakfree-plus-400","Bankers Trust","BreakFree Checking Plus","checking","false","40000","Open in branch with$25. Within60 days complete25 debit transactions (ACH debits,billpay,checks,debit purchases; ATM withdrawals excluded) and two direct or mobile deposits at least$200 each; ATM/in-person/account-to-account transfers excluded. Review at60 days; payout within75 days while open positive.","https://www.bankerstrust.com/breakfree-checking-plus-with-400-bonus/","https://www.bankerstrust.com/breakfree-checking-plus-with-400-bonus/","","1500","$15 plus applicable sales tax; waive with12 settled POS card transactions per statement. $400 early closure fee if closed within12 months.","In branch AZ IA NE footprint; no current checking or held checking in prior6 months; one/household; employees/affiliates excluded.","2026-09-09","","account_opening","","","Two $200 direct OR mobile deposits: $400 deposit leg not payroll-only. Mandatory25 debit transactions have unspecified amount/overlap; total denominator unknown. Funding by60 days; safe withdrawal and numeric APY unknown. Twelve-month closing fee is not full-capital hold. No seven-day DD model.","2500","branch_only","","unknown","","","372","unknown","","","","","","","yes","https://www.doctorofcredit.com/az-ia-in-branch-bankers-trust-250-checking-bonus/#comment-2176121","2026-09-24","Stopped in branch and opened one of these today. Chex pulled, but banker didn’t question it. DoC reader datapoints (article field unknown or absent), 2025-10-28. DoC article lists ChexSystems: Unknown; multiple 2025 commenter datapoints report Chex pulled in branch (and frozen Chex blocking the application). Secondary reported screening, not a bank guarantee.","$25.00: Opening amount. $400.00: Two deposits of at least $200 each; direct or mobile, not payroll-only. Two $200 direct OR mobile deposits and $25 opening verified. Not DD-only: mobile qualifies. Twenty-five debit transactions have no dollar minimum and opening/deposit overlap is not established; complete mixed capital remains unknown.","https://www.bankerstrust.com/breakfree-checking-plus-with-400-bonus/","2026-09-22"
"travis-free-checking-275","Travis Credit Union","Free Checking ($1500 DD tier)","checking","false","27500","Open first eligible Free/Access/Investor checking July1-September30 2026 with BonusX75. Receive qualifying new-money payroll/pension/government ACH direct deposits totaling$1500 within90 days. External non-employer ACH,account-to-account,P2P,card credits excluded. Bonus within60 days after90-day deposit period; account open positive/good standing.","https://www.traviscu.org/checkingx75/","https://www.traviscu.org/checkingx75/","2026-09-30","0","","18+; new/existing members opening first checking; no consumer checking in36 months; one/member primary owner; TCU employees excluded; CA membership eligibility.","2026-09-09","","account_opening","","","User cumulative DD model0% seven days each. DoC suggestion ordinary ACH qualifies contradicted by live legal terms. New membership separately requires$5 nonrefundable fee+$5 Prime Share. Free Checking $50 opening may be ancillary; Access $25 alternative, not another cash tier.","5000","online","","unknown","","","","","","","","","","","yes","https://www.doctorofcredit.com/ca-travis-credit-union-250-checking-bonus/","2026-09-24","ChexSystems: Yes DoC article ChexSystems field, 2026-07-05. DoC fine print; one July 2026 comment says a denial happened before any Chex pull. Secondary reported screening, not a bank guarantee.","","",""
"travis-free-checking-375","Travis Credit Union","Free Checking ($5000 DD tier)","checking","false","37500","Open first eligible Free/Access/Investor checking July1-September30 2026 with BonusX75. Receive qualifying new-money payroll/pension/government ACH direct deposits totaling$5000 within90 days. External non-employer ACH,account-to-account,P2P,card credits excluded. Bonus within60 days after90-day deposit period; account open positive/good standing.","https://www.traviscu.org/checkingx75/","https://www.traviscu.org/checkingx75/","2026-09-30","0","","18+; new/existing members opening first checking; no consumer checking in36 months; one/member primary owner; TCU employees excluded; CA membership eligibility.","2026-09-09","","account_opening","","","User cumulative DD model0% seven days each. DoC suggestion ordinary ACH qualifies contradicted by live legal terms. New membership separately requires$5 nonrefundable fee+$5 Prime Share. Free Checking $50 opening may be ancillary; Access $25 alternative, not another cash tier.","5000","online","","unknown","","","","","","","","","","","yes","https://www.doctorofcredit.com/ca-travis-credit-union-250-checking-bonus/","2026-09-24","ChexSystems: Yes DoC article ChexSystems field, 2026-07-05. DoC fine print; one July 2026 comment says a denial happened before any Chex pull. Secondary reported screening, not a bank guarantee.","","",""
"travis-free-checking-475","Travis Credit Union","Free Checking ($10000 DD tier)","checking","false","47500","Open first eligible Free/Access/Investor checking July1-September30 2026 with BonusX75. Receive qualifying new-money payroll/pension/government ACH direct deposits totaling$10000 within90 days. External non-employer ACH,account-to-account,P2P,card credits excluded. Bonus within60 days after90-day deposit period; account open positive/good standing.","https://www.traviscu.org/checkingx75/","https://www.traviscu.org/checkingx75/","2026-09-30","0","","18+; new/existing members opening first checking; no consumer checking in36 months; one/member primary owner; TCU employees excluded; CA membership eligibility.","2026-09-09","","account_opening","","","User cumulative DD model0% seven days each. DoC suggestion ordinary ACH qualifies contradicted by live legal terms. New membership separately requires$5 nonrefundable fee+$5 Prime Share. Free Checking $50 opening may be ancillary; Access $25 alternative, not another cash tier.","5000","online","","unknown","","","","","","","","","","","yes","https://www.doctorofcredit.com/ca-travis-credit-union-250-checking-bonus/","2026-09-24","ChexSystems: Yes DoC article ChexSystems field, 2026-07-05. DoC fine print; one July 2026 comment says a denial happened before any Chex pull. Secondary reported screening, not a bank guarantee.","","",""
"redstone-easy-checking-475","Redstone Federal Credit Union","Easy Checking","checking","false","47500","Open primary Share Savings and checking same day June2-October3 2026 with JOIN475; savings requires$5 maintained at all times, checking$25 opening. Log in online banking at least once and make5 POS debit purchases within60 days; ATM withdrawals excluded. Keep both open/good standing through payout within150 days, no later than March2 2027.","https://redfcu.org/content/dam/rfcu/pdfs/2026_Summer_NewMbr_Promo_475_TCS.pdf","https://redfcu.org/JOIN475/","2026-10-03","300","Waive with one DD or4 POS purchases/month; no monthly fee if primary24 or younger.","Age13+; new primary membership/checking, none in1826 days (five years); joint member first primary may qualify. One/member, max2 promo codes/household; employees/family excluded. Must remain in qualifying county through payout. AL Cullman Jackson Limestone Marshall DeKalb Lawrence Morgan; TN Bedford Cannon Lincoln Moore Rutherford Davidson Williamson; additional ZIP subsets in linked legal PDF.","2026-09-09","","","","","No DD or promotional minimum balance, but$5 membership share held and five purchases with unspecified amount prevent deposit ROI denominator. Checking$25 plus savings$5 opening user funds recorded as$30. Share savings0.25% APY as of2026-06-01 is not checking rate, not applied. Same $475 bonus alternatives, do not stack.","3000","online","","included_states","AL;TN","Must live in a qualifying county through payout: AL Cullman, Jackson, Limestone, Marshall, DeKalb, Lawrence, Morgan; TN Bedford, Cannon, Lincoln, Moore, Rutherford, Davidson, Williamson; additional ZIP subsets per legal PDF.","","unknown","","","","","","","yes","https://www.doctorofcredit.com/al-tn-redstone-federal-credit-union-600-checking-bonus-direct-deposit-not-required/","2026-09-24","ChexSystems: Yes, not sensitive DoC article ChexSystems field, 2026-06-06. DoC checking article says Yes; also on DoC Chex list 'Does pull'. Youth savings offer is on the same personal side but not specifically covered. One comment reports OOS approval with Chex frozen for a non-bonus account. Secondary reported screening, not a bank guarantee.","$30.00: Combined opening amount = $25 checking plus $5 share; membership is separate retained balance. $5.00: Share savings minimum maintained at all times. Opening and retained share verified, but required purchase dollar amount and funding overlap are unspecified. Total remains unknown; $30 is opening-only, not complete capital.","https://redfcu.org/JOIN475/","2026-09-22"
"redstone-rewards-checking-475","Redstone Federal Credit Union","Rewards Checking","checking","false","47500","Open primary Share Savings and checking same day June2-October3 2026 with JOIN475; savings requires$5 maintained at all times, checking$25 opening. Log in online banking at least once and make5 POS debit purchases within60 days; ATM withdrawals excluded. Keep both open/good standing through payout within150 days, no later than March2 2027.","https://redfcu.org/content/dam/rfcu/pdfs/2026_Summer_NewMbr_Promo_475_TCS.pdf","https://redfcu.org/JOIN475/","2026-10-03","800","Waive with one DD or4 POS purchases/month; no monthly fee if primary24 or younger.","Age13+; new primary membership/checking, none in1826 days (five years); joint member first primary may qualify. One/member, max2 promo codes/household; employees/family excluded. Must remain in qualifying county through payout. AL Cullman Jackson Limestone Marshall DeKalb Lawrence Morgan; TN Bedford Cannon Lincoln Moore Rutherford Davidson Williamson; additional ZIP subsets in linked legal PDF.","2026-09-09","","","","","No DD or promotional minimum balance, but$5 membership share held and five purchases with unspecified amount prevent deposit ROI denominator. Checking$25 plus savings$5 opening user funds recorded as$30. Share savings0.25% APY as of2026-06-01 is not checking rate, not applied. Same $475 bonus alternatives, do not stack.","3000","online","","included_states","AL;TN","Must live in a qualifying county through payout: AL Cullman, Jackson, Limestone, Marshall, DeKalb, Lawrence, Morgan; TN Bedford, Cannon, Lincoln, Moore, Rutherford, Davidson, Williamson; additional ZIP subsets per legal PDF.","","unknown","","","","","","","yes","https://www.doctorofcredit.com/al-tn-redstone-federal-credit-union-600-checking-bonus-direct-deposit-not-required/","2026-09-24","ChexSystems: Yes, not sensitive DoC article ChexSystems field, 2026-06-06. DoC checking article says Yes; also on DoC Chex list 'Does pull'. Youth savings offer is on the same personal side but not specifically covered. One comment reports OOS approval with Chex frozen for a non-bonus account. Secondary reported screening, not a bank guarantee.","$30.00: Combined opening amount = $25 checking plus $5 share; membership is separate retained balance. $5.00: Share savings minimum maintained at all times. Opening and retained share verified, but required purchase dollar amount and funding overlap are unspecified. Total remains unknown; $30 is opening-only, not complete capital.","https://redfcu.org/JOIN475/","2026-09-22"
"redstone-safeguard-checking-475","Redstone Federal Credit Union","Safeguard Checking","checking","false","47500","Open primary Share Savings and checking same day June2-October3 2026 with JOIN475; savings requires$5 maintained at all times, checking$25 opening. Log in online banking at least once and make5 POS debit purchases within60 days; ATM withdrawals excluded. Keep both open/good standing through payout within150 days, no later than March2 2027.","https://redfcu.org/content/dam/rfcu/pdfs/2026_Summer_NewMbr_Promo_475_TCS.pdf","https://redfcu.org/JOIN475/","2026-10-03","1000","$8 with eStatements; no monthly fee if primary24 or younger.","Age13+; new primary membership/checking, none in1826 days (five years); joint member first primary may qualify. One/member, max2 promo codes/household; employees/family excluded. Must remain in qualifying county through payout. AL Cullman Jackson Limestone Marshall DeKalb Lawrence Morgan; TN Bedford Cannon Lincoln Moore Rutherford Davidson Williamson; additional ZIP subsets in linked legal PDF.","2026-09-09","","","","","No DD or promotional minimum balance, but$5 membership share held and five purchases with unspecified amount prevent deposit ROI denominator. Checking$25 plus savings$5 opening user funds recorded as$30. Share savings0.25% APY as of2026-06-01 is not checking rate, not applied. Same $475 bonus alternatives, do not stack.","3000","online","","included_states","AL;TN","Must live in a qualifying county through payout: AL Cullman, Jackson, Limestone, Marshall, DeKalb, Lawrence, Morgan; TN Bedford, Cannon, Lincoln, Moore, Rutherford, Davidson, Williamson; additional ZIP subsets per legal PDF.","","unknown","","","","","","","yes","https://www.doctorofcredit.com/al-tn-redstone-federal-credit-union-600-checking-bonus-direct-deposit-not-required/","2026-09-24","ChexSystems: Yes, not sensitive DoC article ChexSystems field, 2026-06-06. DoC checking article says Yes; also on DoC Chex list 'Does pull'. Youth savings offer is on the same personal side but not specifically covered. One comment reports OOS approval with Chex frozen for a non-bonus account. Secondary reported screening, not a bank guarantee.","$30.00: Combined opening amount = $25 checking plus $5 share; membership is separate retained balance. $5.00: Share savings minimum maintained at all times. Opening and retained share verified, but required purchase dollar amount and funding overlap are unspecified. Total remains unknown; $30 is opening-only, not complete capital.","https://redfcu.org/JOIN475/","2026-09-22"
"redstone-youth-savings-200","Redstone Federal Credit Union","Youth Savings (maximum matching bonus)","savings","false","20000","Open first share savings August4-October31 2026 with YOUTH26. Redstone matches first30 days average daily deposit balance, up to$200. Maintain$5 share minimum at all times; account open/good standing until payout within60 days. A level$200 qualifying balance earns maximum; smaller average gets matching smaller bonus, not a fixed$200 award.","https://redfcu.org/content/dam/rfcu/pdfs/agreements/TC_Youth_fall_2026.pdf","https://redfcu.org/youth/","2026-10-31","","","Age0-17, no RFCU savings in1826 days; age0-15 requires parent/legal guardian joint. One/member, no combining with$475 or other promo. Employee/family excluded. AL Madison,Cullman,Jackson,Limestone,Marshall,DeKalb,Lawrence,Morgan; TN Bedford,Cannon,Lincoln,Moore,Rutherford,Davidson,Williamson; additional ZIP subsets in legal PDF. Remain in eligible county through payout.","2026-09-09","0.25","","https://redfcu.org/content/dam/rfcu/pdfs/agreements/TC_Youth_fall_2026.pdf","2026-08-01","Linked DoC youth cash offer independently verified, not stacked with adult$475. Average-balance matching, not fixed deposit tier; $200 model assumes level qualifying average. No unique latest funding or safe full withdrawal because weighted deposits possible and permanent$5 membership share remains. Endpoints unknown, bonus-only lower bound. Live marketing latest payout Dec31 conflicts with PDFDec30; conservative PDF quoted.","500","online","","included_states","AL;TN","Must live in an eligible county through payout: AL Madison, Cullman, Jackson, Limestone, Marshall, DeKalb, Lawrence, Morgan; TN Bedford, Cannon, Lincoln, Moore, Rutherford, Davidson, Williamson; additional ZIP subsets per legal PDF.","","","","","","","","","yes","https://www.doctorofcredit.com/al-tn-redstone-federal-credit-union-600-checking-bonus-direct-deposit-not-required/","2026-09-24","ChexSystems: Yes, not sensitive DoC article ChexSystems field, 2026-06-06. DoC checking article says Yes; also on DoC Chex list 'Does pull'. Youth savings offer is on the same personal side but not specifically covered. One comment reports OOS approval with Chex frozen for a non-bonus account. Secondary reported screening, not a bank guarantee.","","",""
"first-merchants-mi-400","First Merchants Bank","Prosper Checking","checking","false","40000","Open March1-December31 2026 using MIPROSPER online or banker enrollment. Receive one qualifying employer/outside-agency DD of$500 or more within90 days; multiple smaller deposits do not qualify; transfers,Zelle,branch/ATM excluded. Reward in sixth month after opening. Closure within6 months may reclaim full bonus plus$50 fee.","https://www.firstmerchants.com/switch-mi","https://www.firstmerchants.com/switch-mi","2026-12-31","1000","One$500 DD or$1,000 combined personal balances; student under25 or senior62+.","Michigan primary residence; age18+; new FMB personal checking. Source says prior-account exclusion within12 months and literally on/after3/2/26 (conflicting wording preserved). Employees,public funds,estates,government/banks excluded; one/client.","2026-09-09","","account_opening","","","Live browser/HTTP blocked. Exact-campaign issuer indexed legal disclosure fills truncated extraction. Cumulative$500 DD modeled0% seven days; opening deposit unknown.","","online","","included_states","MI","","186","","","","","","","","yes","https://www.doctorofcredit.com/mi-first-merchants-bank-400-600-checking-bonus/","2026-09-24","ChexSystems: Yes DoC article ChexSystems field, 2026-05-23. DoC article for the same MI $400/$600 checking offer; comments corroborate (Chex-based denials). Secondary reported screening, not a bank guarantee.","","",""
"first-merchants-mi-600","First Merchants Bank","Prosper Plus Checking","checking","false","60000","Open March1-December31 2026 using MIPROSPER online or banker enrollment. Deposit$25,000 new money within7 calendar days and maintain minimum daily$25,000 from day8 through day90 after opening. Reward in sixth month after opening. Closure within6 months may reclaim full bonus plus$50 fee.","https://www.firstmerchants.com/switch-mi","https://www.firstmerchants.com/switch-mi","2026-12-31","2500","One$1,500 DD or$20,000 combined personal balances.","Michigan primary residence; age18+; new FMB personal checking. Source says prior-account exclusion within12 months and literally on/after3/2/26 (conflicting wording preserved). Employees,public funds,estates,government/banks excluded; one/client.","2026-09-09","","account_opening","","","Live browser/HTTP blocked. Exact-campaign issuer indexed legal disclosure fills truncated extraction. Latest fundingday7 to first withdrawalday91=84 modeled days, bank maintenance days8-90; keep account open6 months separate. Applicable APY not verified after product lookup; bonus-only lower bound, never invented0%.","","online","","included_states","MI","","186","","","","","","","","yes","https://www.doctorofcredit.com/mi-first-merchants-bank-400-600-checking-bonus/","2026-09-24","ChexSystems: Yes DoC article ChexSystems field, 2026-05-23. DoC article for the same MI $400/$600 checking offer; comments corroborate (Chex-based denials). Secondary reported screening, not a bank guarantee.","","",""
"first-commonwealth-fcu-cashback-400","First Commonwealth Federal Credit Union","Cashback Checking","checking","false","40000","Open Regular Share and Cashback Checking same day March2-September30 2026 using EARN400; $5 membership savings. Enroll Digital Banking; receive at least$1,000 qualifying DD per month for two consecutive months within90 days. No cash,check,internal transfer orP2P. Payout first two weeks of month approximately30 days after qualification; account open active good standing.","https://www.firstcomcu.org/EARN400.html","https://www.firstcomcu.org/EARN400.html","2026-09-30","0","","New member age18+; no ownership/account/membership in prior6 months; one/member; PA/NJ membership eligibility. Employees/volunteers/immediate family may be excluded; no stacking.","2026-09-09","","account_opening","","","Cumulative$2,000 DD, user0% seven days each. $1,000 is monthly aggregate, not per-deposit minimum; fixed count not inferred. $5 membership share ancillary. Ongoing cashback/loan rebates not signup bonus tiers.","500","online","","unknown","","","","","","","","","","","yes","https://www.doctorofcredit.com/pa-nj-only-first-commonwealth-federal-credit-union-300-checking-bonus/","2026-09-24","ChexSystems: Yes DoC article ChexSystems field, 2026-06-06. DoC personal checking article lists ChexSystems: Yes; comments report denials due to Chex (one 2026 DP saw no pull). Secondary reported screening, not a bank guarantee.","","",""
"byline-simple-checking-150","Byline Bank","Simple Checking (1 qualifying monthly cycles)","checking","false","15000","Open August4-November30 2026 with WELCOME450 and$100. During statement cycles2-4 earn$150 for each cycle with at least$1,000 cumulative qualifying DD; up to3 eligible cycles/$450. Receive reward on last day of qualifying cycle; total payout may take130 days. Transfers from other bank/brokerage orP2P not eligible. Remain open/not default; zero balance may close.","https://welcome.bylinebank.com/simple-checking/","https://welcome.bylinebank.com/simple-checking/","2026-11-30","","Minimum balance can waive service fee; current amount/threshold not in campaign.","Original mailer addressee only; nontransferable; one code/customer; open online or branch; no combining. IL/WI region from discovery; verify service address.","2026-09-09","","","","","Explicit partial monthly reward permitted: meeting month1 but not2/3 still earns$150. Model cumulative 1000 qualifying DD at0% seven days each; monthly aggregate not per-deposit minimum. Statement cycles not guessed as calendar-day window. Targets retained, no unsupported public eligibility. All rows are alternative totals, do not add.","10000","online","","unknown","","","","","","","","","","","yes","https://www.doctorofcredit.com/il-wi-only-byline-bank-450-checking-bonus/","2026-09-24","ChexSystems: Yes DoC article ChexSystems field, 2026-08-08. DoC personal checking article says Yes; recent comments report Chex-based rejections. Secondary reported screening, not a bank guarantee.","","",""
"byline-simple-checking-300","Byline Bank","Simple Checking (2 qualifying monthly cycles)","checking","false","30000","Open August4-November30 2026 with WELCOME450 and$100. During statement cycles2-4 earn$150 for each cycle with at least$1,000 cumulative qualifying DD; up to3 eligible cycles/$450. Receive reward on last day of qualifying cycle; total payout may take130 days. Transfers from other bank/brokerage orP2P not eligible. Remain open/not default; zero balance may close.","https://welcome.bylinebank.com/simple-checking/","https://welcome.bylinebank.com/simple-checking/","2026-11-30","","Minimum balance can waive service fee; current amount/threshold not in campaign.","Original mailer addressee only; nontransferable; one code/customer; open online or branch; no combining. IL/WI region from discovery; verify service address.","2026-09-09","","","","","Explicit partial monthly reward permitted: meeting month1 but not2/3 still earns$150. Model cumulative 2000 qualifying DD at0% seven days each; monthly aggregate not per-deposit minimum. Statement cycles not guessed as calendar-day window. Targets retained, no unsupported public eligibility. All rows are alternative totals, do not add.","10000","online","","unknown","","","","","","","","","","","yes","https://www.doctorofcredit.com/il-wi-only-byline-bank-450-checking-bonus/","2026-09-24","ChexSystems: Yes DoC article ChexSystems field, 2026-08-08. DoC personal checking article says Yes; recent comments report Chex-based rejections. Secondary reported screening, not a bank guarantee.","","",""
"byline-simple-checking-450","Byline Bank","Simple Checking (3 qualifying monthly cycles)","checking","false","45000","Open August4-November30 2026 with WELCOME450 and$100. During statement cycles2-4 earn$150 for each cycle with at least$1,000 cumulative qualifying DD; up to3 eligible cycles/$450. Receive reward on last day of qualifying cycle; total payout may take130 days. Transfers from other bank/brokerage orP2P not eligible. Remain open/not default; zero balance may close.","https://welcome.bylinebank.com/simple-checking/","https://welcome.bylinebank.com/simple-checking/","2026-11-30","","Minimum balance can waive service fee; current amount/threshold not in campaign.","Original mailer addressee only; nontransferable; one code/customer; open online or branch; no combining. IL/WI region from discovery; verify service address.","2026-09-09","","","","","Explicit partial monthly reward permitted: meeting month1 but not2/3 still earns$150. Model cumulative 3000 qualifying DD at0% seven days each; monthly aggregate not per-deposit minimum. Statement cycles not guessed as calendar-day window. Targets retained, no unsupported public eligibility. All rows are alternative totals, do not add.","10000","online","","unknown","","","","","","","","","","","yes","https://www.doctorofcredit.com/il-wi-only-byline-bank-450-checking-bonus/","2026-09-24","ChexSystems: Yes DoC article ChexSystems field, 2026-08-08. DoC personal checking article says Yes; recent comments report Chex-based rejections. Secondary reported screening, not a bank guarantee.","","",""
"wsecu-cash-back-checking-500","WSECU","Cash Back Checking","checking","false","50000","Eligible new members open Cash Back Checking May15-December31 2026, set up qualifying payroll/government/retirement DD in first90 days of$1,000 or more per month, complete25 eligible debit transactions in first90 days. Bonus within14 days after all requirements; checking open good standing.","https://wsecu.org/seattle-movers","https://wsecu.org/seattle-movers","2026-12-31","","","New members; live,work,worship or study in WA membership route; Greater Seattle campaign.","2026-09-09","","account_opening","","","Issuer says$1,000 or more per month in first90 days without explicit number of qualifying months/first partial-month treatment. Cumulative capital and deposit count therefore blank, not automatically$3,000. Debit transaction dollar minimum absent. DD model0% seven days per deposit once exact cumulative amount supplied.","","online","","included_states","WA","Membership: live, work, worship or study in WA; Greater Seattle campaign.","","unknown","","","","","","","yes","https://www.doctorofcredit.com/wa-only-wsecu-300-checking-bonus/#comment-2383425","2026-09-24","Chex was pulled, approved with Chex: 2/1, 3/2, 4/12. DoC reader datapoints (article field unknown or absent), 2026-08-05. DoC article field says 'Unknown, sensitive'; multiple 2026 comments report Chex pulls and Chex-based denials, and that frozen Chex must be lifted. Secondary reported screening, not a bank guarantee.","$1,000.00: $1,000 or more per month; recurring qualification month count not stated, not whole-window total or per-item minimum. Monthly DD threshold verified, but count of required months and complete cumulative DD total unstated; 90 days is not proof of three monthly cycles. Share/opening funding and debit dollars incomplete; keep total unknown.","https://wsecu.org/seattle-movers","2026-09-22"
"oneaz-free-checking-375","OneAZ Credit Union","Free Checking","checking","false","37500","New membership with Share Savings and new checking byOctober31 2026 using CHK-227 (automatic through campaign link). Make25 qualifying debit purchases of$5 or more, posted and cleared within60 days. Bonus within15 business days after completion; checking open good standing positive. Closure within6 months reclaims bonus.","https://www.oneazcu.com/300-checking/","https://www.oneazcu.com/300-checking/","2026-10-31","0","","Permanent AZ resident,18+; new member, no membership closed within12 months; one bonus/member/year; nontransferable/no combining.","2026-09-09","","","","","Live $375 supersedes DoC$300 and extracted$350. At least$125 cumulative purchases consumes capital, not balance funding; required_funding blank. Opening share amount unknown; positive balance required. No DD; no fixed interest duration.","","online","","included_states","AZ","","186","unknown","","","","","","","yes","https://www.doctorofcredit.com/az-only-oneaz-credit-union-300-checking-bonus/#comment-2305895","2026-09-24","Confirmed today that chex needs to be unfrozen DoC reader datapoints (article field unknown or absent), 2026-04-22. DoC article field says ChexSystems: Unknown; April 2026 comments say OneAZ requires Chex to be unfrozen to process the application, and older comments say they look at Chex. Secondary reported screening, not a bank guarantee.","$5.00: 25 qualifying debit purchases, each at least $5, posted/cleared within 60 days. $125.00: Arithmetic lower bound 25 × $5; not full funding. $5.00: Share Savings $5 opening/maintenance is separate from debit spend. Verified debit-spend lower bound and separate $5 membership balance. Checking must be positive at payout; unspecified reserve and share release/overlap keep total capital unknown. Do not substitute $125 spend for complete funding.","https://www.oneazcu.com/300-checking/","2026-09-22"
"keypoint-money4me-50","KeyPoint Credit Union","Money4Me (1 consecutive DD months)","checking","false","5000","Open June1-December31 2026 with NM26 and$10. First recurring qualifying payroll/pension/government direct deposit within60 days; each consecutive month with at least$1,000 DD earns$50, up to6 months/$300. All payments within9 months; interruption forfeits remaining payments. External bank transfers,P2P,card credits not eligible.","https://kpcu.com/about/membership/current-deals","https://kpcu.com/about/membership/current-deals","2026-12-31","0","","New members18+, no KeyPoint accounts in previous2 years; membership required; student/kids accounts excluded; employees/officials/immediate family excluded; cannot combine promotions.","2026-09-09","","","","","Explicit monthly cash installments are alternative cumulative totals, never stack rows. Full$300 requires$6,000 cumulative DD at0% seven days each.60-day deadline applies only FIRST DD, not entire six-month campaign, so dd_window_days blank. Original MB50 redirects home; current NM26 verified live. Referral RAF26 independently published but not added to public NM26 payout.","1000","online","","unknown","","","","","","","","","","","yes","https://www.doctorofcredit.com/ca-only-keypoint-credit-union-200-checking-bonus/#comment-2265557","2026-09-24","They pull Chex. DoC reader datapoints (article field unknown or absent), 2026-02-26. Article field reads 'Unknown, sensitive'; multiple comments confirm Chex pulls and ~6-in-3-months inquiry limit. Evidence is from the adult checking post; applied to Money4Me on the same personal side. Secondary reported screening, not a bank guarantee.","","",""
"keypoint-money4me-100","KeyPoint Credit Union","Money4Me (2 consecutive DD months)","checking","false","10000","Open June1-December31 2026 with NM26 and$10. First recurring qualifying payroll/pension/government direct deposit within60 days; each consecutive month with at least$1,000 DD earns$50, up to6 months/$300. All payments within9 months; interruption forfeits remaining payments. External bank transfers,P2P,card credits not eligible.","https://kpcu.com/about/membership/current-deals","https://kpcu.com/about/membership/current-deals","2026-12-31","0","","New members18+, no KeyPoint accounts in previous2 years; membership required; student/kids accounts excluded; employees/officials/immediate family excluded; cannot combine promotions.","2026-09-09","","","","","Explicit monthly cash installments are alternative cumulative totals, never stack rows. Full$300 requires$6,000 cumulative DD at0% seven days each.60-day deadline applies only FIRST DD, not entire six-month campaign, so dd_window_days blank. Original MB50 redirects home; current NM26 verified live. Referral RAF26 independently published but not added to public NM26 payout.","1000","online","","unknown","","","","","","","","","","","yes","https://www.doctorofcredit.com/ca-only-keypoint-credit-union-200-checking-bonus/#comment-2265557","2026-09-24","They pull Chex. DoC reader datapoints (article field unknown or absent), 2026-02-26. Article field reads 'Unknown, sensitive'; multiple comments confirm Chex pulls and ~6-in-3-months inquiry limit. Evidence is from the adult checking post; applied to Money4Me on the same personal side. Secondary reported screening, not a bank guarantee.","","",""
"keypoint-money4me-150","KeyPoint Credit Union","Money4Me (3 consecutive DD months)","checking","false","15000","Open June1-December31 2026 with NM26 and$10. First recurring qualifying payroll/pension/government direct deposit within60 days; each consecutive month with at least$1,000 DD earns$50, up to6 months/$300. All payments within9 months; interruption forfeits remaining payments. External bank transfers,P2P,card credits not eligible.","https://kpcu.com/about/membership/current-deals","https://kpcu.com/about/membership/current-deals","2026-12-31","0","","New members18+, no KeyPoint accounts in previous2 years; membership required; student/kids accounts excluded; employees/officials/immediate family excluded; cannot combine promotions.","2026-09-09","","","","","Explicit monthly cash installments are alternative cumulative totals, never stack rows. Full$300 requires$6,000 cumulative DD at0% seven days each.60-day deadline applies only FIRST DD, not entire six-month campaign, so dd_window_days blank. Original MB50 redirects home; current NM26 verified live. Referral RAF26 independently published but not added to public NM26 payout.","1000","online","","unknown","","","","","","","","","","","yes","https://www.doctorofcredit.com/ca-only-keypoint-credit-union-200-checking-bonus/#comment-2265557","2026-09-24","They pull Chex. DoC reader datapoints (article field unknown or absent), 2026-02-26. Article field reads 'Unknown, sensitive'; multiple comments confirm Chex pulls and ~6-in-3-months inquiry limit. Evidence is from the adult checking post; applied to Money4Me on the same personal side. Secondary reported screening, not a bank guarantee.","","",""
"keypoint-money4me-200","KeyPoint Credit Union","Money4Me (4 consecutive DD months)","checking","false","20000","Open June1-December31 2026 with NM26 and$10. First recurring qualifying payroll/pension/government direct deposit within60 days; each consecutive month with at least$1,000 DD earns$50, up to6 months/$300. All payments within9 months; interruption forfeits remaining payments. External bank transfers,P2P,card credits not eligible.","https://kpcu.com/about/membership/current-deals","https://kpcu.com/about/membership/current-deals","2026-12-31","0","","New members18+, no KeyPoint accounts in previous2 years; membership required; student/kids accounts excluded; employees/officials/immediate family excluded; cannot combine promotions.","2026-09-09","","","","","Explicit monthly cash installments are alternative cumulative totals, never stack rows. Full$300 requires$6,000 cumulative DD at0% seven days each.60-day deadline applies only FIRST DD, not entire six-month campaign, so dd_window_days blank. Original MB50 redirects home; current NM26 verified live. Referral RAF26 independently published but not added to public NM26 payout.","1000","online","","unknown","","","","","","","","","","","yes","https://www.doctorofcredit.com/ca-only-keypoint-credit-union-200-checking-bonus/#comment-2265557","2026-09-24","They pull Chex. DoC reader datapoints (article field unknown or absent), 2026-02-26. Article field reads 'Unknown, sensitive'; multiple comments confirm Chex pulls and ~6-in-3-months inquiry limit. Evidence is from the adult checking post; applied to Money4Me on the same personal side. Secondary reported screening, not a bank guarantee.","","",""
"keypoint-money4me-250","KeyPoint Credit Union","Money4Me (5 consecutive DD months)","checking","false","25000","Open June1-December31 2026 with NM26 and$10. First recurring qualifying payroll/pension/government direct deposit within60 days; each consecutive month with at least$1,000 DD earns$50, up to6 months/$300. All payments within9 months; interruption forfeits remaining payments. External bank transfers,P2P,card credits not eligible.","https://kpcu.com/about/membership/current-deals","https://kpcu.com/about/membership/current-deals","2026-12-31","0","","New members18+, no KeyPoint accounts in previous2 years; membership required; student/kids accounts excluded; employees/officials/immediate family excluded; cannot combine promotions.","2026-09-09","","","","","Explicit monthly cash installments are alternative cumulative totals, never stack rows. Full$300 requires$6,000 cumulative DD at0% seven days each.60-day deadline applies only FIRST DD, not entire six-month campaign, so dd_window_days blank. Original MB50 redirects home; current NM26 verified live. Referral RAF26 independently published but not added to public NM26 payout.","1000","online","","unknown","","","","","","","","","","","yes","https://www.doctorofcredit.com/ca-only-keypoint-credit-union-200-checking-bonus/#comment-2265557","2026-09-24","They pull Chex. DoC reader datapoints (article field unknown or absent), 2026-02-26. Article field reads 'Unknown, sensitive'; multiple comments confirm Chex pulls and ~6-in-3-months inquiry limit. Evidence is from the adult checking post; applied to Money4Me on the same personal side. Secondary reported screening, not a bank guarantee.","","",""
"keypoint-money4me-300","KeyPoint Credit Union","Money4Me (6 consecutive DD months)","checking","false","30000","Open June1-December31 2026 with NM26 and$10. First recurring qualifying payroll/pension/government direct deposit within60 days; each consecutive month with at least$1,000 DD earns$50, up to6 months/$300. All payments within9 months; interruption forfeits remaining payments. External bank transfers,P2P,card credits not eligible.","https://kpcu.com/about/membership/current-deals","https://kpcu.com/about/membership/current-deals","2026-12-31","0","","New members18+, no KeyPoint accounts in previous2 years; membership required; student/kids accounts excluded; employees/officials/immediate family excluded; cannot combine promotions.","2026-09-09","","","","","Explicit monthly cash installments are alternative cumulative totals, never stack rows. Full$300 requires$6,000 cumulative DD at0% seven days each.60-day deadline applies only FIRST DD, not entire six-month campaign, so dd_window_days blank. Original MB50 redirects home; current NM26 verified live. Referral RAF26 independently published but not added to public NM26 payout.","1000","online","","unknown","","","","","","","","","","","yes","https://www.doctorofcredit.com/ca-only-keypoint-credit-union-200-checking-bonus/#comment-2265557","2026-09-24","They pull Chex. DoC reader datapoints (article field unknown or absent), 2026-02-26. Article field reads 'Unknown, sensitive'; multiple comments confirm Chex pulls and ~6-in-3-months inquiry limit. Evidence is from the adult checking post; applied to Money4Me on the same personal side. Secondary reported screening, not a bank guarantee.","","",""
"union-savings-basic-450","Union Savings Bank","Basic Business Checking","checking","true","45000","Open in branch August1-October31 2026 with$100. Maintain average monthly balance of$2500 from first complete monthly statement through third complete monthly statement. Complete15 qualifying ACH,ATM,debit,check,billpay,wire deposit/withdrawal transactions during that interval. Bonus paidDecember15 2026-February16 2027; open good standing through payout.","https://www.unionsavings.com/business-checking/bonus-450-new-accounts/","https://www.unionsavings.com/business-checking/bonus-450-new-accounts/","2026-10-31","750","$500 minimum daily balance; first2 months free.","New USB business checking customer by unique taxID; no account closed within12 months; one/business; sole proprietors NOT eligible. CT in-branch.","2026-09-09","","","","","Average monthly balance requirement, NOT daily hold. First full statement to third full statement requires actual statement dates; no guessed90-day offsets. APY unverified after account page/search, left blank. Fee source verified live business-account comparison in doc-123. Opening funds can contribute balance.","10000","branch_only","","unknown","","","","","","","","","","","unknown","","","","","",""
"union-savings-relationship-450","Union Savings Bank","Business Relationship Checking","checking","true","45000","Open in branch August1-October31 2026 with$100. Maintain average monthly balance of$15000 from first complete monthly statement through third complete monthly statement. Bonus paidDecember15 2026-February16 2027; open good standing through payout.","https://www.unionsavings.com/business-checking/bonus-450-new-accounts/","https://www.unionsavings.com/business-checking/bonus-450-new-accounts/","2026-10-31","1200","$25,000 minimum daily balance; first2 months free.","New USB business checking customer by unique taxID; no account closed within12 months; one/business; sole proprietors NOT eligible. CT in-branch.","2026-09-09","","","","","Average monthly balance requirement, NOT daily hold. First full statement to third full statement requires actual statement dates; no guessed90-day offsets. APY unverified after account page/search, left blank. Fee source verified live business-account comparison in doc-123. Opening funds can contribute balance.","10000","branch_only","","unknown","","","","","","","","","","","unknown","","","","","",""
"flagstar-ready-checking-400","Flagstar Bank","Ready Checking","checking","false","40000","Open new eligible checking with$50 via campaign. Within90 days receive qualifying monthly recurring income ACH deposits totaling$500 per month for each of3 calendar months following account opening ($1500 cumulative). Bonus day91-104; early closure within180 days may incur fee and bonus reclamation.","https://www.flagstar.com/personal/bank/promo/checking/cash-offer.html","https://www.flagstar.com/personal/bank/promo/checking/cash-offer.html","","1000","Choose2 to waive,1 to reduce to$5: $500 DD per cycle,eStatements,$1,000 average balance,age24or younger.","New personal checking; one promotion/household; any signer previously paid checking cash bonus ineligible; employees excluded; no combining. Primary address FL MI OH only.","2026-09-09","","account_opening","","","Current official extraction includes September1 2026 app-rating date, complete terms and geographic restriction. Browser/HTTP blocked. Monthly aggregate DD not per-deposit minimum; full cumulative$1500 at0% seven days each. Three following calendar months and90-day wording must both be observed; no expiry stated.","5000","online","","included_states","FL;MI;OH","","180","","","","","","","","yes","https://www.doctorofcredit.com/az-ca-fl-in-mi-nj-ny-oh-wi-flagstar-bank-250-350-checking-bonus/","2026-09-24","ChexSystems: Yes DoC article ChexSystems field, 2026-09-15. DoC fine print for the current checking bonus; many Sept 2026 comments report denials due to Chex. Secondary reported screening, not a bank guarantee.","","",""
"flagstar-elite-checking-500","Flagstar Bank","Elite Checking","checking","false","50000","Open new eligible checking with$50 via campaign. Within90 days receive qualifying monthly recurring income ACH deposits totaling$2500 per month for each of3 calendar months following account opening ($7500 cumulative). Bonus day91-104; early closure within180 days may incur fee and bonus reclamation.","https://www.flagstar.com/personal/bank/promo/checking/cash-offer.html","https://www.flagstar.com/personal/bank/promo/checking/cash-offer.html","","1500","Active military/veteran OR$25,000 combined linked personal deposit/wealth average daily balances.","New personal checking; one promotion/household; any signer previously paid checking cash bonus ineligible; employees excluded; no combining. Area restrictions may apply; do not assume Ready restriction universally applies to Elite.","2026-09-09","","account_opening","","","Current official extraction includes September1 2026 app-rating date, complete terms and geographic restriction. Browser/HTTP blocked. Monthly aggregate DD not per-deposit minimum; full cumulative$7500 at0% seven days each. Three following calendar months and90-day wording must both be observed; no expiry stated.","5000","branch_only","","unknown","","","180","","","","","","","","yes","https://www.doctorofcredit.com/az-ca-fl-in-mi-nj-ny-oh-wi-flagstar-bank-250-350-checking-bonus/","2026-09-24","ChexSystems: Yes DoC article ChexSystems field, 2026-09-15. DoC fine print for the current checking bonus; many Sept 2026 comments report denials due to Chex. Secondary reported screening, not a bank guarantee.","","",""
"santander-simply-right-300","Santander","Simply Right Checking","checking","false","30000","Obtain promo code and open in branch by 2026-12-18. At least one qualifying payroll/pension/government direct deposit and $2,000 average daily balance over first 90 days. Period begins opening day or next business day for weekend/holiday opening. Remain open 90 days and until payout within 30 days thereafter. Disclosure also says complete qualifying activities by 12/18/2026; confirm cutoff.","https://www.santanderbank.com/pages/personal/checking-accounts-bau-a","https://www.santanderbank.com/pages/personal/checking-accounts-bau-a","2026-12-18","1000","One posted financial transaction monthly or any owner under 26. Paper statements $3; paperless $0.","18+; NH MA RI CT DE NY NJ PA and FL Miami-Dade/Monroe/Broward or Collier ZIP 34141. No Santander checking currently or prior 12 months; one same-ownership bonus; no combination.","2026-09-09","0","","https://www.santanderbank.com/personal/checking/simply-right-checking","","Average balance is not a constant daily hold. DD minimum unspecified, combined capital unknown. Simply Right explicitly not interest bearing, 0% APY; $25 opening verified; no invented endpoints. DD model: cumulative capital at 0% APY for seven days per required deposit; no recycling. Ancillary opening funds/spending separate, overlap not established. Gross before fees.","2500","branch_only","","included_states","CT;DE;FL;MA;NH;NJ;NY;PA;RI","FL limited to Miami-Dade, Monroe or Broward counties, or Collier ZIP 34141.","90","unknown","","","","","","","yes","https://www.doctorofcredit.com/nh-ma-ri-ct-de-ny-nj-pa-or-fl-in-branch-santander-400-checking-bonus/","2026-09-24","ChexSystems: Yes DoC article ChexSystems field, 2026-09-02. DoC personal checking article says Yes; consistent across older Santander articles and DoC's list. Secondary reported screening, not a bank guarantee.","$25.00: Simply Right account minimum, not promotional balance. $2,000.00: Average daily balance over first 90 days, not constant daily minimum. Live browser supports $300/$500 tiers but extraction serves a conflicting $400 campaign at the same URL; retained as unresolved. In either version DD amount is unspecified; no complete DD/balance denominator or overlap inferred. Preserve existing deadlines despite activity-cutoff ambiguity.","https://www.santanderbank.com/pages/personal/checking-accounts-bau-a","2026-09-22"
"santander-simply-right-500","Santander","Simply Right Checking","checking","false","50000","Obtain promo code and open in branch by 2026-12-18. At least one qualifying payroll/pension/government direct deposit and $5,000 average daily balance over first 90 days. Period begins opening day or next business day for weekend/holiday opening. Remain open 90 days and until payout within 30 days thereafter. Disclosure also says complete qualifying activities by 12/18/2026; confirm cutoff.","https://www.santanderbank.com/pages/personal/checking-accounts-bau-a","https://www.santanderbank.com/pages/personal/checking-accounts-bau-a","2026-12-18","1000","One posted financial transaction monthly or any owner under 26. Paper statements $3; paperless $0.","18+; NH MA RI CT DE NY NJ PA and FL Miami-Dade/Monroe/Broward or Collier ZIP 34141. No Santander checking currently or prior 12 months; one same-ownership bonus; no combination.","2026-09-09","0","","https://www.santanderbank.com/personal/checking/simply-right-checking","","Average balance is not a constant daily hold. DD minimum unspecified, combined capital unknown. Simply Right explicitly not interest bearing, 0% APY; $25 opening verified; no invented endpoints. DD model: cumulative capital at 0% APY for seven days per required deposit; no recycling. Ancillary opening funds/spending separate, overlap not established. Gross before fees.","2500","branch_only","","included_states","CT;DE;FL;MA;NH;NJ;NY;PA;RI","FL limited to Miami-Dade, Monroe or Broward counties, or Collier ZIP 34141.","90","unknown","","","","","","","yes","https://www.doctorofcredit.com/nh-ma-ri-ct-de-ny-nj-pa-or-fl-in-branch-santander-400-checking-bonus/","2026-09-24","ChexSystems: Yes DoC article ChexSystems field, 2026-09-02. DoC personal checking article says Yes; consistent across older Santander articles and DoC's list. Secondary reported screening, not a bank guarantee.","$25.00: Simply Right account minimum, not promotional balance. $5,000.00: Average daily balance over first 90 days, not constant daily minimum. Live browser supports $300/$500 tiers but extraction serves a conflicting $400 campaign at the same URL; retained as unresolved. In either version DD amount is unspecified; no complete DD/balance denominator or overlap inferred. Preserve existing deadlines despite activity-cutoff ambiguity.","https://www.santanderbank.com/pages/personal/checking-accounts-bau-a","2026-09-22"
"equity-begin-checking-savings-400","Equity Bank","Checking + Savings (BEGIN)","other","false","40000","Use BEGIN; open/fund new checking AND savings within 45 days of each other and both by September 30, 2026. Receive $1,000 combined qualifying direct deposits in checking and activate/use debit card within 45 days of checking opening. Accounts active/good standing for approximately day-45 payout.","https://www.equitybank.com/begin/","https://www.equitybank.com/begin/","2026-09-30","","","One/new household; no ownership of open consumer checking/savings/money-market within 180 days. Employees/households excluded. Verify geography; DoC discovery KS/MO/AR/OK/NE.","2026-09-09","","account_opening","","","Bank says $100 minimum MAY be required for checking and savings; exact ancillary funds unresolved. DD model: cumulative capital at 0% APY for seven days per required deposit; no recycling. Ancillary opening funds/spending separate, overlap not established. Gross before fees. Quality review: $1,000 cumulative DD; required savings funding and debit-use amounts not fully specified. Known deposit leg retained in requirements; complete mixed capital denominator left blank rather than assuming spending can be covered without additional capital.","","online","","unknown","","","","unknown","","","","","","","yes","https://www.doctorofcredit.com/ks-mo-ar-ok-ne-equity-bank-400-checking-bonus/#comment-2322632","2026-09-24","Chex 1/1 2/3 8/6 14/12, pulled but not mentioned DoC reader datapoints (article field unknown or absent), 2026-05-15. Article field is Unknown; comment reports Chex was pulled for a 2026 in-branch opening and DoC Chex list shows 2 'Does pull' DPs. One commenter opened in branch with Chex frozen, so sensitivity/enforcement may vary. Secondary reported screening, not a bank guarantee.","$100.00: Verified checking account minimum. Savings campaign says $100 may be required; product-specific selection matters. $1,000.00: Combined DD within qualification window, no required per-item minimum/count. Live campaign now ends December 31 whereas assigned record ends September 30: campaign conflict, unresolved and deadlines unchanged. $100 checking opening confirmed; savings minimum selected-product applicability and DD/opening/spend overlap not fully established. Archived-looking 2025 deposit chart not used to certify current savings.","https://www.equitybank.com/begin/","2026-09-22"
"air-academy-rewards-250","Air Academy Credit Union","Cash Back Rewards Checking","checking","false","25000","Mention LOCALBONUS when opening (online representative confirmation required). Open with $200; recurring DD totaling $1,500 and one cleared Visa debit purchase within 90 days. Bonus within 60 business days of requirements.","https://www.aacu.com/local.html","https://www.aacu.com/local.html","","0","","Colorado residents; one/member; no existing Rewards checking, closure within 180 days, negative closure within 3 years or prior AACU checking bonus. $25 closure fee before 180 days. No combination.","2026-09-09","","account_opening","","","DD model: cumulative capital at 0% APY for seven days per required deposit; no recycling. Ancillary opening funds/spending separate, overlap not established. Gross before fees. Quality review: $1,500 cumulative DD and $200 opening; mandatory debit-purchase amount unspecified. Known deposit leg retained in requirements; complete mixed capital denominator left blank rather than assuming spending can be covered without additional capital.","20000","online","","included_states","CO","","","unknown","","","","","","","yes","https://www.doctorofcredit.com/co-only-air-academy-credit-union-250-checking-bonus/","2026-09-24","ChexSystems: Yes DoC article ChexSystems field, 2024-03-26. DoC personal checking article field; comments corroborate with multiple Chex-based denials. Secondary reported screening, not a bank guarantee.","$200.00: Campaign-specific opening funds $1,500.00: Recurring qualifying DD cumulative within 90 days, not per-item minimum Opening $200 and recurring cumulative DD $1,500 confirmed. Recurring item count and mandatory debit-purchase dollars unstated; no complete mixed denominator. Product generic no-opening-minimum language does not override $200 campaign opening condition.","https://www.aacu.com/local.html","2026-09-22"
"pecu-atx-flex-200","PECU","ATX Flex Rewards Checking","checking","false","20000","Register online banking; open savings with $10 ($5 share plus $5 membership fee); open ATX Flex Rewards checking and make five signature debit purchases of $10+ within 60 days. Bonus within 60 days of completion. Bonus deducted if checking closes before 180 days.","https://www.pecutx.org/community-impact.html","https://www.pecutx.org/community-impact.html","","","","18+; new PECU members only; membership eligibility applies, Texas footprint per discovery; ChexSystems screened.","2026-09-09","","","","","Known $50 cumulative purchases, $5 membership share and $5 nonrefundable membership fee. Total funding/holding denominator unknown; purchases consume capital. Conditional 6% rewards APY not applied to unknown capital. No fixed expiry.","2500","online","","unknown","","","180","unknown","","","","","","","yes","https://www.doctorofcredit.com/tx-pecu-200-checking-bonus-direct-deposit-not-required/","2026-09-24","New accounts screened through ChexSystems DoC ChexSystems do/don't-pull list or quoted bank terms, 2026-01-20. Promo terms quoted in the DoC PECU article state new accounts are screened through ChexSystems; DoC's list also has PECU under 'Does pull'. Secondary reported screening, not a bank guarantee.","$25.00: ATX Flex checking opening minimum. $5.00: Refundable share capital portion of savings opening. $5.00: Non-capital fee portion; no cost fields changed. $50.00: Five signature purchases with $10 minimum each. Known opening/share/spend legs verified (including newly found $25 checking opening), but reuse/retention of opening funds versus purchase funds is not expressly established; do not assign complete total from guessed overlap. Savings $10 includes $5 fee and must not be treated as $10 retained capital.","https://www.pecutx.org/community-impact.html","2026-09-22"
"old-second-total-50","Old Second National Bank","O2 Checking","checking","false","5000","Use PK2; activate debit card and enroll eStatements within 90 days; positive checking balance at least $0.01 and active card/eStatements on day 90. O2 Checking $50 opening. Bonuses paid by day 100; closure within 180 days may incur $50 fee and forfeiture. Total-reward alternative, not additive with other rows.","https://www.oldsecond.com/personal-banking/checking-300","https://www.oldsecond.com/personal-banking/checking-300","2026-12-31","","","No existing checking or checking in prior 12 months; no checking-related bonus in prior 24 months; one/primary owner; personal only. Illinois footprint per discovery; verify address.","2026-09-09","","account_opening","","","Savings opening $1,000 counts within $5,000. Savings opening deadline relative to checking not explicit; precise latest funding/first safe withdrawal endpoints unverified. APY applies only savings, not mixed capital. Checking opening/residual separate. DD model: cumulative required deposits at 0% APY for seven days each; no recycling. Ancillary opening funds/spending separate; overlap not established. Gross before fees.","5000","online","","unknown","","","180","5000","","","","","","","yes","https://www.doctorofcredit.com/il-only-old-second-bank-300-checking-bonus/#comment-2246637","2026-09-24","Chex inquiry sensitive. Got denied due to Chex trying to go for this bonus. DoC reader datapoints (article field unknown or absent), 2026-02-03. Article field is Unknown; comments report Chex-based denials and DoC Chex list lists Old Second under 'Does pull'. Secondary reported screening, not a bank guarantee.","$50.00: O2 checking opening minimum, not bonus amount. $0.01: Positive checking balance on day 90; not a $0.01 total-capital denominator. O2 $50 opening minimum and $0.01 positive balance on day 90 verified. This base $50-reward tier does not require DD or savings. $50 opening capital can satisfy its own later positive-balance condition; no additional deposit leg specified. No hold duration invented.","https://www.oldsecond.com/personal-banking/checking-300","2026-09-22"
"old-second-total-150","Old Second National Bank","O2 Checking","checking","false","15000","Use PK2; activate debit card and enroll eStatements within 90 days; positive checking balance at least $0.01 and active card/eStatements on day 90. O2 Checking $50 opening. At least two qualifying direct deposits totaling $500 within 90 days. Bonuses paid by day 100; closure within 180 days may incur $50 fee and forfeiture. Total-reward alternative, not additive with other rows.","https://www.oldsecond.com/personal-banking/checking-300","https://www.oldsecond.com/personal-banking/checking-300","2026-12-31","","","No existing checking or checking in prior 12 months; no checking-related bonus in prior 24 months; one/primary owner; personal only. Illinois footprint per discovery; verify address.","2026-09-09","","account_opening","","","Savings opening $1,000 counts within $5,000. Savings opening deadline relative to checking not explicit; precise latest funding/first safe withdrawal endpoints unverified. APY applies only savings, not mixed capital. Checking opening/residual separate. DD model: cumulative required deposits at 0% APY for seven days each; no recycling. Ancillary opening funds/spending separate; overlap not established. Gross before fees.","5000","online","","unknown","","","180","","","","","","","","yes","https://www.doctorofcredit.com/il-only-old-second-bank-300-checking-bonus/#comment-2246637","2026-09-24","Chex inquiry sensitive. Got denied due to Chex trying to go for this bonus. DoC reader datapoints (article field unknown or absent), 2026-02-03. Article field is Unknown; comments report Chex-based denials and DoC Chex list lists Old Second under 'Does pull'. Secondary reported screening, not a bank guarantee.","","",""
"old-second-total-200","Old Second National Bank","O2 Checking + Money Builder Savings","other","false","20000","Use PK2; activate debit card and enroll eStatements within 90 days; positive checking balance at least $0.01 and active card/eStatements on day 90. O2 Checking $50 opening. Open Money Builder Savings with $1,000 and reach $5,000 balance on day 90 relative to checking opening. Bonuses paid by day 100; closure within 180 days may incur $50 fee and forfeiture. Total-reward alternative, not additive with other rows.","https://www.oldsecond.com/personal-banking/checking-300","https://www.oldsecond.com/personal-banking/checking-300","2026-12-31","","","No existing checking or checking in prior 12 months; no checking-related bonus in prior 24 months; one/primary owner; personal only. Illinois footprint per discovery; verify address.","2026-09-09","","account_opening","https://www.oldsecond.com/personal-banking/checking-300","2026-03-31","Savings opening $1,000 counts within $5,000. Savings opening deadline relative to checking not explicit; precise latest funding/first safe withdrawal endpoints unverified. APY applies only savings, not mixed capital. Checking opening/residual separate. DD model: cumulative required deposits at 0% APY for seven days each; no recycling. Ancillary opening funds/spending separate; overlap not established. Gross before fees. Quality review: 0.02% is verified for savings leg only, not a single rate over combined account capital; APY field cleared.","5000","online","","unknown","","","180","500000","","","","","","","yes","https://www.doctorofcredit.com/il-only-old-second-bank-300-checking-bonus/#comment-2246637","2026-09-24","Chex inquiry sensitive. Got denied due to Chex trying to go for this bonus. DoC reader datapoints (article field unknown or absent), 2026-02-03. Article field is Unknown; comments report Chex-based denials and DoC Chex list lists Old Second under 'Does pull'. Secondary reported screening, not a bank guarantee.","","",""
"old-second-total-300","Old Second National Bank","O2 Checking + Money Builder Savings","other","false","30000","Use PK2; activate debit card and enroll eStatements within 90 days; positive checking balance at least $0.01 and active card/eStatements on day 90. O2 Checking $50 opening. At least two qualifying direct deposits totaling $500 within 90 days. Open Money Builder Savings with $1,000 and reach $5,000 balance on day 90 relative to checking opening. Bonuses paid by day 100; closure within 180 days may incur $50 fee and forfeiture. Total-reward alternative, not additive with other rows.","https://www.oldsecond.com/personal-banking/checking-300","https://www.oldsecond.com/personal-banking/checking-300","2026-12-31","","","No existing checking or checking in prior 12 months; no checking-related bonus in prior 24 months; one/primary owner; personal only. Illinois footprint per discovery; verify address.","2026-09-09","","account_opening","https://www.oldsecond.com/personal-banking/checking-300","2026-03-31","Savings opening $1,000 counts within $5,000. Savings opening deadline relative to checking not explicit; precise latest funding/first safe withdrawal endpoints unverified. APY applies only savings, not mixed capital. Checking opening/residual separate. DD model: cumulative required deposits at 0% APY for seven days each; no recycling. Ancillary opening funds/spending separate; overlap not established. Gross before fees. Quality review: 0.02% is verified for savings leg only, not a single rate over combined account capital; APY field cleared.","5000","online","","unknown","","","180","550000","","","","","","","yes","https://www.doctorofcredit.com/il-only-old-second-bank-300-checking-bonus/#comment-2246637","2026-09-24","Chex inquiry sensitive. Got denied due to Chex trying to go for this bonus. DoC reader datapoints (article field unknown or absent), 2026-02-03. Article field is Unknown; comments report Chex-based denials and DoC Chex list lists Old Second under 'Does pull'. Secondary reported screening, not a bank guarantee.","","",""
"oostburg-checking-300","Oostburg State Bank","Personal Checking","checking","false","30000","Open on/after December 1, 2024; qualifying DD at least $500 each month for six consecutive months AND average monthly balance $750 or more for six months. Bonus six months after opening if all requirements met.","https://www.oostburgstate.bank/checking-reward","https://www.oostburgstate.bank/checking-reward","","","","18+; one/SSN; no active personal checking in twelve months before December 1, 2024 as primary/secondary. Eligible Now Interest, Personal, Power Up, Senior checking. WI footprint per discovery.","2026-09-09","","","","","Cumulative DD monthly totals $3,000. Balance overlap not explicit; combined capital unknown. Monthly $500 total is not per-deposit minimum. Months not converted to fixed day count. APY and endpoints unverified. DD model: cumulative required deposits at 0% APY for seven days each; no recycling. Ancillary opening funds/spending separate; overlap not established. Gross before fees. Issuer footnote expressly requires a qualifying direct deposit each month of at least $500; six consecutive months. Combined average-balance capital remains unresolved.","","","","unknown","","","","unknown","","","","","","","no","https://www.doctorofcredit.com/wi-only-oostburg-state-bank-300-checking-bonus/","2026-09-24","ChexSystems: No DoC article ChexSystems field, 2025-07-08. Comment 2025-08-06 agrees: no hard pull nor Chex pull. Secondary reported screening, not a bank guarantee.","$500.00: Qualifying DD each month / statement cycle; not unambiguously a per-deposit minimum. $750.00: Average monthly checking balance for six consecutive months. Original URL now 404; recovered issuer campaign at /personal-banking/checking/new-checking-reward. Monthly DD and six-month balance verified; opening funding, exact DD aggregation/per-item interpretation and overlap not established. Existing 30-day approximations/deadlines preserved by task scope, not independently certified.","https://www.oostburgstate.bank/checking-reward","2026-09-22"
"vantage-checking-250","Vantage Credit Union","Personal Checking","checking","false","25000","Open as primary owner during 2026 with code LOU132. Remain open, good standing, zero-or-positive balance and no court orders through payout within 180 days. No minimum balance, DD or debit minimum for bonus.","https://www.vcu.com/ln-checking-offer","https://www.vcu.com/ln-checking-offer","2026-12-31","","","New members; no primary ownership of open VCU account or account closed within 12 months. St Louis metro membership subject to eligibility. No combination.","2026-09-09","","","","","Product opening/share capital unverified; total denominator blank, not invented zero. APY varies by usage/product; no specific rate selected.","","online","","unknown","","","","","","","","","","","yes","https://www.doctorofcredit.com/mo-ilvantage-credit-union-250-checking-bonus-direct-deposit-not-required/#comment-2093265","2026-09-24","chex pull hard pull transunion DoC reader datapoints (article field unknown or absent), 2025-07-06. Article field Unknown; comment datapoints report a Chex pull and DoC's ChexSystems list shows Vantage Credit Union as does pull. Secondary reported screening, not a bank guarantee.","$0.00: Campaign explicitly permits zero balance and no checking balance requirement; not proof of zero membership capital. LOU132 campaign has no DD/debit or checking balance minimum. Extractor serves a June 2020 rate page stating $5 membership share, but live exact URL is Page Not Found. Current membership funding not recertified; do not assert total zero or import stale $5 as verified current funding.","https://www.vcu.com/ln-checking-offer","2026-09-22"
"westmark-true-blue-25","Westmark Credit Union","True Blue Spend","checking","false","2500","Open new True Blue checking; $25 deposited immediately. These are cumulative total alternatives, not additive rewards.","https://www.westmark.org/accounts/checking-new.shtml","https://www.westmark.org/accounts/checking-new.shtml","","0","","Must not have existing Westmark checking; membership eligibility required. Idaho footprint per discovery. Online opening deposits may take three business days.","2026-09-09","","","","","Live replacement is $150 total not discovery $250. Deposit is not specified as direct deposit. Minimum purchase amounts, opening/share funds, APY and interest endpoints unknown. Promotional funding for $150 is known $1,000; no claim this covers all ancillary capital.","","online","","unknown","","","","unknown","","","","","","","yes","https://www.doctorofcredit.com/id-only-westmark-credit-union-250-checking-bonus-direct-deposit-not-required/#comment-2187740","2026-09-24","And they pull chex. DoC reader datapoints (article field unknown or absent), 2025-11-12. DoC article (Nov 2025) field says ChexSystems: Unknown; 2025 comments state Westmark pulls Chex. Comment-based. Secondary reported screening, not a bank guarantee.","$5.00: Required Primary Savings for new members; not a checking opening amount Required $5 Primary Savings share discovered. Checking opening minimum not quantified by no-minimum-balance language. Complete capital unresolved; do not equate promotional bank-paid $25 to user funding.","https://www.westmark.org/accounts/checking-new.shtml","2026-09-22"
"westmark-true-blue-50","Westmark Credit Union","True Blue Spend","checking","false","5000","Open new True Blue checking; $25 deposited immediately. Complete 15 debit transactions within 90 days for another $25. These are cumulative total alternatives, not additive rewards.","https://www.westmark.org/accounts/checking-new.shtml","https://www.westmark.org/accounts/checking-new.shtml","","0","","Must not have existing Westmark checking; membership eligibility required. Idaho footprint per discovery. Online opening deposits may take three business days.","2026-09-09","","","","","Live replacement is $150 total not discovery $250. Deposit is not specified as direct deposit. Minimum purchase amounts, opening/share funds, APY and interest endpoints unknown. Promotional funding for $150 is known $1,000; no claim this covers all ancillary capital.","","online","","unknown","","","","unknown","","","","","","","yes","https://www.doctorofcredit.com/id-only-westmark-credit-union-250-checking-bonus-direct-deposit-not-required/#comment-2187740","2026-09-24","And they pull chex. DoC reader datapoints (article field unknown or absent), 2025-11-12. DoC article (Nov 2025) field says ChexSystems: Unknown; 2025 comments state Westmark pulls Chex. Comment-based. Secondary reported screening, not a bank guarantee.","$5.00: Required Primary Savings for new members; not a checking opening amount Required $5 Primary Savings share discovered. Checking opening minimum not quantified by no-minimum-balance language. Debit-purchase dollars unspecified. Complete capital unresolved; do not equate promotional bank-paid $25 to user funding.","https://www.westmark.org/accounts/checking-new.shtml","2026-09-22"
"westmark-true-blue-150","Westmark Credit Union","True Blue Spend","checking","false","15000","Open new True Blue checking; $25 deposited immediately. Complete 15 debit transactions within 90 days for another $25. Deposit $1,000+ AND complete 15 transactions within 90 days for another $100. These are cumulative total alternatives, not additive rewards.","https://www.westmark.org/accounts/checking-new.shtml","https://www.westmark.org/accounts/checking-new.shtml","","0","","Must not have existing Westmark checking; membership eligibility required. Idaho footprint per discovery. Online opening deposits may take three business days.","2026-09-09","","","","","Live replacement is $150 total not discovery $250. Deposit is not specified as direct deposit. Minimum purchase amounts, opening/share funds, APY and interest endpoints unknown. Promotional funding for $150 is known $1,000; no claim this covers all ancillary capital. Quality review: $1,000 ordinary deposits plus 15 required debit transactions with unspecified spending. Known deposit leg retained in requirements; complete mixed capital denominator left blank rather than assuming spending can be covered without additional capital.","","online","","unknown","","","","unknown","","","","","","","yes","https://www.doctorofcredit.com/id-only-westmark-credit-union-250-checking-bonus-direct-deposit-not-required/#comment-2187740","2026-09-24","And they pull chex. DoC reader datapoints (article field unknown or absent), 2025-11-12. DoC article (Nov 2025) field says ChexSystems: Unknown; 2025 comments state Westmark pulls Chex. Comment-based. Secondary reported screening, not a bank guarantee.","$5.00: Required Primary Savings for new members; not a checking opening amount $1,000.00: Ordinary $1,000+ deposit, not payroll DD; relationship to membership share not established Required $5 Primary Savings share discovered. Checking opening minimum not quantified by no-minimum-balance language. Debit-purchase dollars unspecified. Complete capital unresolved; do not equate promotional bank-paid $25 to user funding.","https://www.westmark.org/accounts/checking-new.shtml","2026-09-22"
"safe1-checking-200","Safe 1 Credit Union","Free Checking","checking","false","20000","Open checking ONLINE using SAFE1!, have/open regular share savings with $5; enroll eDocuments and either recurring DD of $500+ per month OR at least ten debit transactions within 60 days. Bonus into share savings within 60 days of opening.","https://www.safe1.org/checking-account-promotion/","https://www.safe1.org/checking-account-promotion/","","0","","Must reside Kern/Kings/Tulare/Fresno County CA; membership and checking approval required.","2026-09-09","","","","","No-DD debit route has unspecified purchase dollar minimum; total capital unresolved. Alternate DD route requires recurring $500/month but count of required calendar months unclear; no invented $500 or $1,000 total. Separate $5 share required. Checking 0.05% APY only at $5,000+, not applicable to unverified capital.","0","online","","included_states","CA","Must reside in Kern, Kings, Tulare or Fresno County","","unknown","","","","","","","yes","https://www.doctorofcredit.com/ca-safe-1-credit-union-200-checking-bonus-no-direct-deposit-required/#comment-2092798","2026-09-24","Denied – Chex cited. DoC reader datapoints (article field unknown or absent), 2025-07-05. DoC article lists ChexSystems: Unknown; multiple July 2025 commenters report Chex pulled at application and a Chex-cited denial. Secondary reported screening, not a bank guarantee.","$0.00: Checking opening minimum explicitly $0; does not include required membership savings. $5.00: Separate required regular share savings minimum initial deposit. $500.00: Alternative recurring monthly DD; number of required months unspecified. Chosen ten-debit route has no transaction dollar minimum; required $5 savings is not complete capital. Alternative $500 monthly DD has unknown recurrence count; do not invent two months from 60 days.","https://www.safe1.org/checking-account-promotion/","2026-09-22"
"first-national-texas-power-300","First National Bank Texas","Power Checking","checking","false","30000","Open online with prefilled MC300 July 15–September 15, 2026. Receive $2,500 cumulative eligible ACH DD within 60 BANKING days. Bonus at 120 BANKING days; account open/good standing, not sustained negative or zero.","https://1stnb.com/mc-offer-300mt","https://1stnb.com/mc-offer-300mt","2026-09-15","1200","Waived with $500 daily balance OR $500 monthly qualifying deposits OR twelve debit purchases per cycle; verify account schedule.","No existing checking relationship; SSN/ITIN required; one/account; no combination; offer nontransferable. TX/AZ/AR/NM footprint per discovery; verify address.","2026-09-09","","account_opening","","","Do not encode 60 banking days as dd_window_days (calendar). DD model: cumulative required deposits at 0% APY for seven days each; no recycling. Ancillary opening funds/spending separate; overlap not established. Gross before fees.","","online","","unknown","","","","","","","","","","","no","https://www.doctorofcredit.com/tx-only-first-national-bank-texas-300-checking-bonus/","2026-09-24","ChexSystems: No. Not sensitive DoC article ChexSystems field, 2026-09-16. DoC article for the MC300 Power Checking offer (now expired, updated Sept 2026) lists ChexSystems: No; Aug-Sep 2026 comments report approvals with Chex frozen and no Chex pull. Secondary reported screening, not a bank guarantee.","","",""
"greater-nevada-greaterperks-250","Greater Nevada Credit Union","First Checking (GreaterPerks)","checking","false","25000","Request GreaterPerks at opening; within 60 days receive at least one DD, enroll Digital Banking and eStatements; keep all accounts good standing. Payout first two weeks of third calendar month after opening and after 60-day period.","https://www.gncu.org/Resources/GreaterPerks","https://www.gncu.org/Resources/GreaterPerks","","","","Only employees of participating companies or students at University of Nevada Reno/Western Nevada College. No existing checking or checking closed within 12 months. Membership NV live/work or immediate family; $5 application fee and $5 savings share required; no combining.","2026-09-09","","account_opening","","","No numeric DD minimum, denominator unknown; $5 share plus $5 application fee ancillary. Separate $250 auto-loan incentive requires borrowing and is not included or stacked. DD model: cumulative required deposits at 0% APY for seven days each; no recycling. Ancillary opening funds/spending separate; overlap not established. Gross before fees.","","online","","included_states","NV","Only employees of participating companies or University of Nevada Reno/Western Nevada College students; membership: live/work in Nevada or immediate family","","unknown","","","","","","","unknown","","","","$5.00: Required minimum savings balance $5.00: Cost, not retained capital Membership share $5 is known and separate from $5 application fee. Checking bonus requires establishing DD with no numeric minimum; no-minimum-balance language cannot make DD funding zero. Total unresolved.","https://www.gncu.org/Resources/GreaterPerks","2026-09-22"
"inova-checking-250","INOVA Federal Credit Union","New Checking","checking","false","25000","Open with $10; receive at least one DD of $200+ and make eight debit transactions within 60 days. Bonus within 14 days of completing requirements.","https://www.inovafederal.org/personal/personal-checking/financial-freedom.html","https://www.inovafederal.org/personal/personal-checking/financial-freedom.html","2026-11-30","","","18+, membership required, new checking holder; new/existing members allowed except account closed within 90 days or negative closure. One/household; maximum two checking bonus payments lifetime. Indiana footprint per discovery; verify membership.","2026-09-09","","account_opening","","","DD model: cumulative required deposits at 0% APY for seven days each; no recycling. Ancillary opening funds/spending separate; overlap not established. Gross before fees. Quality review: one $200 minimum DD and $10 opening plus eight required debit transactions with unspecified spending. Known deposit leg retained in requirements; complete mixed capital denominator left blank rather than assuming spending can be covered without additional capital.","1000","online","","unknown","","","","unknown","","","","","","","yes","https://www.doctorofcredit.com/in-only-inova-federal-credit-union-250-checking-bonus/","2026-09-24","ChexSystems: Yes DoC article ChexSystems field, 2026-08-10. DoC fine print for the IN-only INOVA $250 checking bonus. Secondary reported screening, not a bank guarantee.","$10.00: Checking minimum opening deposit. $200.00: At least one qualifying DD of at least $200, not merely $200 cumulative small deposits. Opening and one-DD minimum verified. Eight debit transactions have no published funding amount; opening/DD/spend overlap and any selected-product additional requirements unresolved, so no complete capital total. Unrelated November expiry not proposed for change.","https://www.inovafederal.org/personal/personal-checking/financial-freedom.html","2026-09-22"
"wecu-spend-plus-400","WECU","Spend Plus Checking","checking","false","40000","Open online and receive a DD of $1,000+ within 60 days; bonus day 65 when requirements met.","https://www.wecu.com/offer/","https://www.wecu.com/offer/","2026-12-31","500","Waived with monthly DD greater than $100.","No membership in last 12 months and no prior new-member bonus; one/person; tax-reporting owner with TIN; cannot combine. Membership eligibility applies; WA footprint per discovery.","2026-09-09","0.05","account_opening","https://www.wecu.com/offer/","2024-01-31","Verified unconditional base APY 0.05%; conditional 8% requires extra debit/eStatement actions not required for bonus. DD model: cumulative required deposits at 0% APY for seven days each, no recycling. Ancillary opening funds and spending separate; overlap not established. Gross before fees.","100","online","","included_states","WA","Membership: live, work, worship or attend school in Washington, or family of a member","","","","","","","","","yes","https://www.doctorofcredit.com/wa-only-wecu-250-checking-bonus/#comment-2149875","2026-09-24","I got opened WECU account and ChexSystems pull on 08/21/25 DoC reader datapoints (article field unknown or absent), 2025-09-20. Article field is Unknown; multiple 2025 comments report Chex pulls on opening. Secondary reported screening, not a bank guarantee.","","",""
"columbia-nj-advantage-dd-500","Columbia Bank (NJ)","Advantage Plus Checking (DD only)","checking","false","50000","Receive ACH credits totaling $2,000 within 60 days. Bonus within 120 days after determination. Internal transfers excluded; keep open for payout.","https://www.columbiabankonline.com/personal-banking/personal-checking/advantage-plus-checking","https://www.columbiabankonline.com/personal-banking/personal-checking/advantage-plus-checking","","1000","ACH credits greater than $1,000 or three bill pays/external ACH debits per cycle; primary owners <=22 exempt. $5 paper fee avoid with eStatements.","New-account $500 excludes anyone ever paid bank checking/savings opening bonus (joint primary tax owner tested). Balance Build one/customer/account including joint/trust accounts. Keep open for payout. NJ footprint per discovery; verify.","2026-09-09","0","account_opening","https://www.columbiabankonline.com/personal-banking/personal-checking/advantage-plus-checking","","Non-interest-bearing account. DD model: cumulative required deposits at 0% APY for seven days each, no recycling. Ancillary opening funds and spending separate; overlap not established. Gross before fees.","1","online","","unknown","","","","","","","","","","","yes","https://www.doctorofcredit.com/nj-columbia-bank-200-chehking-account-bonus/#comment-2415487","2026-09-24","I can confirm that they pulled chex. DoC reader datapoints (article field unknown or absent), 2026-09-17. DoC article lists ChexSystems: Unknown; multiple recent (Aug-Sep 2026) comments report Chex pulls and Chex-based online denials. Secondary reported screening, not a bank guarantee.","","",""
"columbia-nj-balance-build-250","Columbia Bank (NJ)","Advantage Plus Checking (Balance Build only)","checking","false","25000","Deposit $5,000 new money not previously held by Columbia Bank within 15 calendar days. Maintain for additional 120-day seasoning period after funding period. Bonus within 30 days after seasoning; keep open. Balance Build only; do not add combined row again.","https://www.columbiabankonline.com/personal-banking/personal-checking/advantage-plus-checking","https://www.columbiabankonline.com/personal-banking/personal-checking/advantage-plus-checking","","1000","","New-account $500 excludes anyone ever paid bank checking/savings opening bonus (joint primary tax owner tested). Balance Build one/customer/account including joint/trust accounts. Keep open for payout. NJ footprint per discovery; verify.","2026-09-09","0","account_opening","https://www.columbiabankonline.com/personal-banking/personal-checking/advantage-plus-checking","","Non-interest-bearing. Latest funding day15 to first safe withdrawal day136 =121 modeled interest days; maintenance itself120 days. APY effective date not disclosed.","1","online","","unknown","","","","","","","","","","","yes","https://www.doctorofcredit.com/nj-columbia-bank-200-chehking-account-bonus/#comment-2415487","2026-09-24","I can confirm that they pulled chex. DoC reader datapoints (article field unknown or absent), 2026-09-17. DoC article lists ChexSystems: Unknown; multiple recent (Aug-Sep 2026) comments report Chex pulls and Chex-based online denials. Secondary reported screening, not a bank guarantee.","","",""
"columbia-nj-combined-750","Columbia Bank (NJ)","Advantage Plus Checking (DD + Balance Build)","checking","false","75000","Deposit $5,000 new money not previously held by Columbia Bank within 15 calendar days. Maintain for additional 120-day seasoning period after funding period. Bonus within 30 days after seasoning; keep open. Balance Build only; do not add combined row again. ALSO receive $2,000 ACH credits within first 60 days; $500 DD component paid within 120 days of determination. Total includes both components.","https://www.columbiabankonline.com/personal-banking/personal-checking/advantage-plus-checking","https://www.columbiabankonline.com/personal-banking/personal-checking/advantage-plus-checking","","1000","","New-account $500 excludes anyone ever paid bank checking/savings opening bonus (joint primary tax owner tested). Balance Build one/customer/account including joint/trust accounts. Keep open for payout. NJ footprint per discovery; verify.","2026-09-09","0","account_opening","https://www.columbiabankonline.com/personal-banking/personal-checking/advantage-plus-checking","","Combined DD/new-money overlap not expressly resolved; do not silently add or reuse capital, total denominator blank. Balance leg fully verified as stated; interest zero for checking. DD model: cumulative required deposits at 0% APY for seven days each, no recycling. Ancillary opening funds and spending separate; overlap not established. Gross before fees.","1","online","","unknown","","","","unknown","","","","","","","yes","https://www.doctorofcredit.com/nj-columbia-bank-200-chehking-account-bonus/#comment-2415487","2026-09-24","I can confirm that they pulled chex. DoC reader datapoints (article field unknown or absent), 2026-09-17. DoC article lists ChexSystems: Unknown; multiple recent (Aug-Sep 2026) comments report Chex pulls and Chex-based online denials. Secondary reported screening, not a bank guarantee.","$0.01: One-cent account opening minimum. $5,000.00: New money balance seasoned for 120 days after 15-day funding period. $2,000.00: Cumulative ACH credits; neither per-deposit minimum nor payroll-only requirement. All published leg amounts verified, but whether the $2,000 ACH credits count within retained new-money balance is not expressly resolved. Do not sum or take max to invent total capital; classify broad ACH funding as deposit rather than payroll DD.","https://www.columbiabankonline.com/personal-banking/personal-checking/advantage-plus-checking","2026-09-22"
"columbia-nj-balance-build-500","Columbia Bank (NJ)","Advantage Plus Checking (Balance Build only)","checking","false","50000","Deposit $10,000 new money not previously held by Columbia Bank within 15 calendar days. Maintain for additional 120-day seasoning period after funding period. Bonus within 30 days after seasoning; keep open. Balance Build only; do not add combined row again.","https://www.columbiabankonline.com/personal-banking/personal-checking/advantage-plus-checking","https://www.columbiabankonline.com/personal-banking/personal-checking/advantage-plus-checking","","1000","","New-account $500 excludes anyone ever paid bank checking/savings opening bonus (joint primary tax owner tested). Balance Build one/customer/account including joint/trust accounts. Keep open for payout. NJ footprint per discovery; verify.","2026-09-09","0","account_opening","https://www.columbiabankonline.com/personal-banking/personal-checking/advantage-plus-checking","","Non-interest-bearing. Latest funding day15 to first safe withdrawal day136 =121 modeled interest days; maintenance itself120 days. APY effective date not disclosed.","1","online","","unknown","","","","","","","","","","","yes","https://www.doctorofcredit.com/nj-columbia-bank-200-chehking-account-bonus/#comment-2415487","2026-09-24","I can confirm that they pulled chex. DoC reader datapoints (article field unknown or absent), 2026-09-17. DoC article lists ChexSystems: Unknown; multiple recent (Aug-Sep 2026) comments report Chex pulls and Chex-based online denials. Secondary reported screening, not a bank guarantee.","","",""
"columbia-nj-combined-1000","Columbia Bank (NJ)","Advantage Plus Checking (DD + Balance Build)","checking","false","100000","Deposit $10,000 new money not previously held by Columbia Bank within 15 calendar days. Maintain for additional 120-day seasoning period after funding period. Bonus within 30 days after seasoning; keep open. Balance Build only; do not add combined row again. ALSO receive $2,000 ACH credits within first 60 days; $500 DD component paid within 120 days of determination. Total includes both components.","https://www.columbiabankonline.com/personal-banking/personal-checking/advantage-plus-checking","https://www.columbiabankonline.com/personal-banking/personal-checking/advantage-plus-checking","","1000","","New-account $500 excludes anyone ever paid bank checking/savings opening bonus (joint primary tax owner tested). Balance Build one/customer/account including joint/trust accounts. Keep open for payout. NJ footprint per discovery; verify.","2026-09-09","0","account_opening","https://www.columbiabankonline.com/personal-banking/personal-checking/advantage-plus-checking","","Combined DD/new-money overlap not expressly resolved; do not silently add or reuse capital, total denominator blank. Balance leg fully verified as stated; interest zero for checking. DD model: cumulative required deposits at 0% APY for seven days each, no recycling. Ancillary opening funds and spending separate; overlap not established. Gross before fees.","1","online","","unknown","","","","unknown","","","","","","","yes","https://www.doctorofcredit.com/nj-columbia-bank-200-chehking-account-bonus/#comment-2415487","2026-09-24","I can confirm that they pulled chex. DoC reader datapoints (article field unknown or absent), 2026-09-17. DoC article lists ChexSystems: Unknown; multiple recent (Aug-Sep 2026) comments report Chex pulls and Chex-based online denials. Secondary reported screening, not a bank guarantee.","$0.01: One-cent account opening minimum. $10,000.00: New money balance seasoned for 120 days after 15-day funding period. $2,000.00: Cumulative ACH credits; neither per-deposit minimum nor payroll-only requirement. All published leg amounts verified, but whether the $2,000 ACH credits count within retained new-money balance is not expressly resolved. Do not sum or take max to invent total capital; classify broad ACH funding as deposit rather than payroll DD.","https://www.columbiabankonline.com/personal-banking/personal-checking/advantage-plus-checking","2026-09-22"
"freedom-pa-referred-member-200","Freedom Credit Union (PA)","Referred New Membership","other","false","20000","Enter referring member name on membership application; open/maintain $5 Primary Savings; complete required criteria within 60 days including two payroll DD totaling at least $100 for full incentive. Both members good standing; paid first day after 60-day period. Confirm all base membership/account criteria before opening; current page does not itemize lower-tier activities.","https://freedomcu.org/refer-a-member/","https://freedomcu.org/refer-a-member/","","","","18+; new member only, not existing/joint members; new member once; no retroactive referral; membership eligibility required; no combination. PA counties per discovery, verify membership.","2026-09-09","","account_opening","","","Full $200 first-party maximum and $100 cumulative DD verified; separate $5 required savings maintained. Base-tier $100 amount not stated on current page; no separate lower tier asserted. Total denominator and exact balance endpoints unresolved; savings APY0.10% stated but effective date unspecified, not applied to combined funds. Recipient bonus only; valid referrer required.","","online","","included_states","PA","Membership: live, work, worship, volunteer or go to school in Bucks, Chester, Delaware, Montgomery or Philadelphia County","","unknown","","","","","","","yes","https://www.doctorofcredit.com/pa-freedom-credit-union-100-checking-bonus-100-per-person-refer/#comment-1785558","2026-09-24","Immediate Chexsystems pull notification from OnAlert. DoC reader datapoints (article field unknown or absent), 2024-01-25. Article has no Chex field; comment datapoint on the referral checking post reports a Chex pull, and another reports Chex sensitivity. Uncontradicted. Secondary reported screening, not a bank guarantee.","$5.00: Required opening and maintained Primary Savings. $100.00: Two payroll deposits totaling $100, not $100 each. Two payroll DD totaling $100 and $5 maintained Primary Savings verified. Page does not itemize all base activities for full up-to-$200 tier, so complete tier funding remains unresolved.","https://freedomcu.org/refer-a-member/","2026-09-22"
"cibc-us-ican-200","CIBC Bank USA","iCan Checking","checking","false","20000","Open new account with $50 for promotion; within 120-day qualification period receive DD totaling $500+ each month for three consecutive calendar months AFTER opening month; enroll eStatements. Bonus within 30 days after 120-day period; remain open.","https://us.cibc.com/en/personal/checking.html","https://us.cibc.com/en/personal/checking.html","","0","","One consumer checking bonus/person regardless accounts; conversions ineligible. IL/MI/MO/FL/CA/WI footprint from discovery, verify enrollment eligibility.","2026-09-09","","account_opening","","","Three monthly $500 totals = $1,500 cumulative DD, not single $500. $25 product minimum conflicts with explicit promo $50 opening, use $50 promotion condition. Three deposits minimum implied by three distinct monthly periods; no per-deposit minimum. Product APY not verified for iCan. DD model: cumulative required deposits at 0% APY for seven days each, no recycling. Ancillary opening funds and spending separate; overlap not established. Gross before fees.","5000","online","","unknown","","","","","","","","","","","yes","https://www.doctorofcredit.com/il-mi-mo-wi-cibc-us-200-checking-bonus-in-branch-only/","2026-09-24","ChexSystems: Yes DoC article ChexSystems field, 2026-06-02. DoC fine print for the iCan checking bonus; comments confirm pulls for new customers, though existing Agility savings customers report approval without a Chex pull. Secondary reported screening, not a bank guarantee.","","",""
"keybank-key-smart-checking-300","KeyBank","Key Smart Checking","checking","false","30000","Open with KDMA0526 by December 11, 2026 and $10 minimum opening. Receive $2,000 eligible ACH payroll/pension/government DD within 90 days; bonus within 60 days of requirements, remain open.","https://www.key.com/personal/checking/checking-account-bonus-offers.html","https://www.key.com/personal/checking/checking-account-bonus-offers.html","2026-12-11","0","Select waivers include $3,000 eligible DD per statement or $15,000 combined balances; exact monthly fee not extracted.","No primary personal-checking owner in last 12 months; one gift/individual/account; employees excluded; geographic restrictions apply; verify state eligibility and online-only terms.","2026-09-09","","account_opening","","","Generic official page current; query-string extraction stale December2025. Browser HTTP2 errors but current generic first-party extract confirms2026 terms. DD model: cumulative required deposits at 0% APY for seven days each, no recycling. Ancillary opening funds and spending separate; overlap not established. Gross before fees.","1000","online","","unknown","","","","","","","","","","","unknown","https://www.doctorofcredit.com/unknown-location-restrictions-keybank-200-checking-bonus/","2026-09-23","Hard/soft pull: Soft pull · ChexSystems: Mixed DP, most likely does. Also reports of being ChexSystems sensitive.  Mixed reports remain unknown even though author says most likely does and reports inquiry sensitivity. Article has old terms alongside a December 2026 extension. Neither probability nor sensitivity is an unqualified yes.","","",""
"keybank-key-select-checking-500","KeyBank","Key Select Checking","checking","false","50000","Open with KDMB0526 by December 11, 2026 and $50 minimum opening. Receive $5,000 eligible ACH payroll/pension/government DD within 90 days; bonus within 60 days of requirements, remain open.","https://www.key.com/personal/checking/checking-account-bonus-offers.html","https://www.key.com/personal/checking/checking-account-bonus-offers.html","2026-12-11","","Select waivers include $3,000 eligible DD per statement or $15,000 combined balances; exact monthly fee not extracted.","No primary personal-checking owner in last 12 months; one gift/individual/account; employees excluded; geographic restrictions apply; verify state eligibility and online-only terms.","2026-09-09","0.05","account_opening","https://www.key.com/personal/checking/checking-account-bonus-offers.html","2026-09-01","Generic official page current; query-string extraction stale December2025. Browser HTTP2 errors but current generic first-party extract confirms2026 terms. DD model: cumulative required deposits at 0% APY for seven days each, no recycling. Ancillary opening funds and spending separate; overlap not established. Gross before fees.","5000","online","","unknown","","","","","","","","","","","unknown","https://www.doctorofcredit.com/unknown-location-restrictions-keybank-200-checking-bonus/","2026-09-23","Hard/soft pull: Soft pull · ChexSystems: Mixed DP, most likely does. Also reports of being ChexSystems sensitive.  Mixed reports remain unknown even though author says most likely does and reports inquiry sensitivity. Article has old terms alongside a December 2026 extension. Neither probability nor sensitivity is an unqualified yes.","","",""
"keybank-select-annual-100","KeyBank","Key Select Checking (annual activity bonus)","checking","false","10000","Receive cumulative eligible DD $60,000 during 12-calendar-month evaluation starting first day of second full month after new account opening. At least one qualifying DD in final two months. Bonus within30 days after period; remain Select/open/non-dormant.","https://www.key.com/personal/checking/checking-account-bonus-offers.html","https://www.key.com/personal/checking/checking-account-bonus-offers.html","","","","Annual account activity reward, NOT extra opening tier; do not automatically stack with opening offer without accounting for overlap. Personal eligible Select holders.","2026-09-09","0.05","","https://www.key.com/personal/checking/checking-account-bonus-offers.html","2026-09-01","Additional cash annual reward explicitly surfaced by first-party terms; distinct timing. No fixed opening-relative days invented for calendar months. DD model: cumulative required deposits at 0% APY for seven days each, no recycling. Ancillary opening funds and spending separate; overlap not established. Gross before fees.","","online","","unknown","","","","","","","","","","","unknown","","","","","",""
"heritage-community-opening-100","Heritage Community Credit Union","New Checking (opening)","checking","false","10000","Open checking using 5002026CK with $25 by September 30, 2026 for $100 opening bonus. Bonuses within 30 days of applicable requirements; open, active, unrestricted through payout. Total alternative includes opening bonus, not additive with other rows.","https://www.heritageccu.com/lp/winner.html","https://www.heritageccu.com/lp/winner.html","2026-09-30","","","No existing HCCU checking or closure within 90 days or negative closure. Membership eligibility applies; CA footprint per discovery.","2026-09-09","","account_opening","","","Recurring $500/month count not specified; cumulative DD unresolved. Purchase dollar minimum unspecified. Opening-only $25 capital known, APY/endpoints unknown. DD model: cumulative required deposits at 0% APY for seven days each; no recycling. Ancillary opening funds/spending separate; overlap not established. Gross before fees.","2500","online","","unknown","","","","","","","","","","","unknown","","","","","",""
"heritage-community-debit-300","Heritage Community Credit Union","New Checking (debit)","checking","false","30000","Open checking using 5002026CK with $25 by September 30, 2026 for $100 opening bonus. Make 40 qualifying debit purchases within 60 days for additional $200. Bonuses within 30 days of applicable requirements; open, active, unrestricted through payout. Total alternative includes opening bonus, not additive with other rows.","https://www.heritageccu.com/lp/winner.html","https://www.heritageccu.com/lp/winner.html","2026-09-30","","","No existing HCCU checking or closure within 90 days or negative closure. Membership eligibility applies; CA footprint per discovery.","2026-09-09","","account_opening","","","Recurring $500/month count not specified; cumulative DD unresolved. Purchase dollar minimum unspecified. Opening-only $25 capital known, APY/endpoints unknown. DD model: cumulative required deposits at 0% APY for seven days each; no recycling. Ancillary opening funds/spending separate; overlap not established. Gross before fees.","2500","online","","unknown","","","","unknown","","","","","","","unknown","","","","$25.00: Checking opening deposit; separate from membership savings. $25.00: Basic Savings establishes membership and requires $25 to open; not assumed reusable as checking/DD capital. Checking $25 and separate Basic Savings $25 opening requirements verified. Forty debit purchases have no stated dollar threshold. Funding overlap/retention incomplete; total unknown.","https://www.heritageccu.com/lp/winner.html","2026-09-22"
"heritage-community-dd-300","Heritage Community Credit Union","New Checking (dd)","checking","false","30000","Open checking using 5002026CK with $25 by September 30, 2026 for $100 opening bonus. Receive recurring ACH payroll/pension/government DD totaling $500/month within 60 days for additional $200. Bonuses within 30 days of applicable requirements; open, active, unrestricted through payout. Total alternative includes opening bonus, not additive with other rows.","https://www.heritageccu.com/lp/winner.html","https://www.heritageccu.com/lp/winner.html","2026-09-30","","","No existing HCCU checking or closure within 90 days or negative closure. Membership eligibility applies; CA footprint per discovery.","2026-09-09","","account_opening","","","Recurring $500/month count not specified; cumulative DD unresolved. Purchase dollar minimum unspecified. Opening-only $25 capital known, APY/endpoints unknown. DD model: cumulative required deposits at 0% APY for seven days each; no recycling. Ancillary opening funds/spending separate; overlap not established. Gross before fees.","2500","online","","unknown","","","","unknown","","","","","","","unknown","","","","$25.00: Checking opening deposit; separate from membership savings. $25.00: Basic Savings establishes membership and requires $25 to open; not assumed reusable as checking/DD capital. $500.00: Recurring ACH payroll/pension/government deposits totaling $500 per month; cycle count unstated, not a per-deposit minimum. Checking $25 and separate Basic Savings $25 opening requirements verified. Recurring DD monthly total known but number of months unspecified. Funding overlap/retention incomplete; total unknown.","https://www.heritageccu.com/lp/winner.html","2026-09-22"
"heritage-community-combined-500","Heritage Community Credit Union","New Checking (combined)","checking","false","50000","Open checking using 5002026CK with $25 by September 30, 2026 for $100 opening bonus. Make 40 qualifying debit purchases within 60 days for additional $200. Receive recurring ACH payroll/pension/government DD totaling $500/month within 60 days for additional $200. Bonuses within 30 days of applicable requirements; open, active, unrestricted through payout. Total alternative includes opening bonus, not additive with other rows.","https://www.heritageccu.com/lp/winner.html","https://www.heritageccu.com/lp/winner.html","2026-09-30","","","No existing HCCU checking or closure within 90 days or negative closure. Membership eligibility applies; CA footprint per discovery.","2026-09-09","","account_opening","","","Recurring $500/month count not specified; cumulative DD unresolved. Purchase dollar minimum unspecified. Opening-only $25 capital known, APY/endpoints unknown. DD model: cumulative required deposits at 0% APY for seven days each; no recycling. Ancillary opening funds/spending separate; overlap not established. Gross before fees.","2500","online","","unknown","","","","unknown","","","","","","","unknown","","","","$25.00: Checking opening deposit; separate from membership savings. $25.00: Basic Savings establishes membership and requires $25 to open; not assumed reusable as checking/DD capital. $500.00: Recurring ACH payroll/pension/government deposits totaling $500 per month; cycle count unstated, not a per-deposit minimum. Checking $25 and separate Basic Savings $25 opening requirements verified. Recurring DD monthly total known but number of months unspecified. Forty debit purchases have no stated dollar threshold. Funding overlap/retention incomplete; total unknown.","https://www.heritageccu.com/lp/winner.html","2026-09-22"
"bok-financial-college-access-300","BOK Financial","College Access Checking","checking","false","30000","Open Access Checking; within 90 days deposit $200 total from any source and make ten debit transactions (not ATM/returns/refunds). Provide school acceptance/enrollment at branch/phone opening, or email proof/account number within 90 days for online opening. Evaluated after 90 days, paid within 30; open/good standing.","https://www.bokfinancial.com/personal/products-and-services/personal-banking/checking-accounts/college-access-checking","https://www.bokfinancial.com/personal/products-and-services/personal-banking/checking-accounts/college-access-checking","2026-12-31","0","$3 paper statement fee avoided by online-only.","College/university/trade/vocational student primary holder; no current primary checking or primary holder within 180 days; one/customer; subject to approval. BOK/Bank of Oklahoma/Bank of Texas/Bank of Albuquerque family, not independently stackable; verify service-state eligibility.","2026-09-09","","account_opening","","","Ordinary cumulative deposits, not DD. Purchase dollar minimum unknown. No balance hold/APY/safe withdrawal asserted. $200 promotional deposit capital known; ancillary capital separate. Quality review: $200 ordinary deposits plus ten required debit transactions with unspecified spending. Known deposit leg retained in requirements; complete mixed capital denominator left blank rather than assuming spending can be covered without additional capital.","5000","online","","unknown","","","","unknown","","","","","","","unknown","","","","$50.00: Explicit opening deposit. $200.00: One or multiple deposits totaling $200 from any source; not DD. Newly verified $50 opening minimum. $200 cumulative any-source deposits and ten debit transactions verified. Complete funding/transaction overlap not quantified; do not replace explicit unknown total with deposit threshold.","https://www.bokfinancial.com/personal/products-and-services/personal-banking/checking-accounts/college-access-checking","2026-09-22"
"mcu-everyday-hero-150","Municipal Credit Union","Everyday Hero Checking","checking","false","15000","Open April 6–December 31, 2026. Receive three or more qualifying recurring payroll/pension/government ACH DD totaling $1,000 within 90 days, at least one every 30 days. Tier determined after 90 days. Payout per source monthly schedule, remain open/good standing.","https://www.nymcu.org/personal-banking/everyday-hero","https://www.nymcu.org/personal-banking/everyday-hero","2026-12-31","0","","New/existing member without Everyday Hero as of April 5, 2026; no MCU checking bonus within 24 months; one/member; no combination. Live/work/worship/study NYC, NY-based state/federal employee, immediate family/household of member. Hero Savings $0.01 share required.","2026-09-09","","account_opening","","","No per-deposit minimum; total tier plus deposit every30 days. Separate $0.01 share. DD model: cumulative required deposits at 0% APY for seven days each; no recycling. Ancillary opening funds/spending separate; overlap not established. Gross before fees.","","online","","included_states","NY","Membership: live, work, worship or study in NYC, NY-based state/federal employee, or immediate family/household of a member","","","","","","","","","yes","https://www.doctorofcredit.com/nyc-muncipal-credit-union-100-checking-bonus/","2026-09-24","ChexSystems: Yes DoC article ChexSystems field, 2026-08-11. DoC article for the MCU $350 checking offer; comments corroborate Chex pulls. Secondary reported screening, not a bank guarantee.","","",""
"mcu-everyday-hero-250","Municipal Credit Union","Everyday Hero Checking","checking","false","25000","Open April 6–December 31, 2026. Receive three or more qualifying recurring payroll/pension/government ACH DD totaling $2,000 within 90 days, at least one every 30 days. Tier determined after 90 days. Payout per source monthly schedule, remain open/good standing.","https://www.nymcu.org/personal-banking/everyday-hero","https://www.nymcu.org/personal-banking/everyday-hero","2026-12-31","0","","New/existing member without Everyday Hero as of April 5, 2026; no MCU checking bonus within 24 months; one/member; no combination. Live/work/worship/study NYC, NY-based state/federal employee, immediate family/household of member. Hero Savings $0.01 share required.","2026-09-09","","account_opening","","","No per-deposit minimum; total tier plus deposit every30 days. Separate $0.01 share. DD model: cumulative required deposits at 0% APY for seven days each; no recycling. Ancillary opening funds/spending separate; overlap not established. Gross before fees.","","online","","included_states","NY","Membership: live, work, worship or study in NYC, NY-based state/federal employee, or immediate family/household of a member","","","","","","","","","yes","https://www.doctorofcredit.com/nyc-muncipal-credit-union-100-checking-bonus/","2026-09-24","ChexSystems: Yes DoC article ChexSystems field, 2026-08-11. DoC article for the MCU $350 checking offer; comments corroborate Chex pulls. Secondary reported screening, not a bank guarantee.","","",""
"mcu-everyday-hero-350","Municipal Credit Union","Everyday Hero Checking","checking","false","35000","Open April 6–December 31, 2026. Receive three or more qualifying recurring payroll/pension/government ACH DD totaling $3,000 within 90 days, at least one every 30 days. Tier determined after 90 days. Payout per source monthly schedule, remain open/good standing.","https://www.nymcu.org/personal-banking/everyday-hero","https://www.nymcu.org/personal-banking/everyday-hero","2026-12-31","0","","New/existing member without Everyday Hero as of April 5, 2026; no MCU checking bonus within 24 months; one/member; no combination. Live/work/worship/study NYC, NY-based state/federal employee, immediate family/household of member. Hero Savings $0.01 share required.","2026-09-09","","account_opening","","","No per-deposit minimum; total tier plus deposit every30 days. Separate $0.01 share. DD model: cumulative required deposits at 0% APY for seven days each; no recycling. Ancillary opening funds/spending separate; overlap not established. Gross before fees.","","online","","included_states","NY","Membership: live, work, worship or study in NYC, NY-based state/federal employee, or immediate family/household of a member","","","","","","","","","yes","https://www.doctorofcredit.com/nyc-muncipal-credit-union-100-checking-bonus/","2026-09-24","ChexSystems: Yes DoC article ChexSystems field, 2026-08-11. DoC article for the MCU $350 checking offer; comments corroborate Chex pulls. Secondary reported screening, not a bank guarantee.","","",""
"seacoast-checking-400","Seacoast Bank","Consumer Checking","checking","false","40000","Open eligible checking with CON600 by December31,2026. Establish recurring payroll/pension/benefit DD $1,000+ within90 days. Bonus within95 days of opening if requirements met.","https://www.seacoastbank.com/switch600","https://www.seacoastbank.com/switch600","2026-12-31","","","CON600 exclusive recipient; FL/GA residents 18+; no existing personal checking/savings or closure within12 months; one/new household; associates excluded; no combination; remain open/good standing.","2026-09-09","","account_opening","","","Recurring deposit count unspecified; cumulative capital unknown, not assumed one $1,000. DD model: cumulative required deposits at 0% APY for seven days each; no recycling. Ancillary opening funds/spending separate; overlap not established. Gross before fees. Bank does not clearly distinguish per-deposit versus recurring aggregate $1,000, so per-deposit minimum also blank.","5000","online","","included_states","FL;GA","","","unknown","","","","","","","yes","https://www.doctorofcredit.com/fl-in-branch-only-seacoast-bank-350-checking-150-savings-bonus/#comment-2372431","2026-09-24","I unfroze my Chex and applied and it got approved instantly and they did pull my Chex. DoC reader datapoints (article field unknown or absent), 2026-07-21. Article field is Unknown; recent comments report Chex pulls and requests to unfreeze Chex; DoC Chex list lists Seacoast under 'Does pull'. Secondary reported screening, not a bank guarantee.","$1,000.00: Recurring direct deposits of $1,000 or more; no count or unambiguous aggregate. $50.00: Minimum account opening; savings also states its own $50 minimum. Recurring $1,000 DD wording gives neither required count nor unambiguous per-item versus aggregate threshold. Cannot certify cumulative DD or mixed total. Savings $15,000 balance is independently known. $50 checking opening and separate savings opening cannot be silently treated as DD.","https://www.seacoastbank.com/switch600","2026-09-22"
"seacoast-premier-savings-200","Seacoast Bank","Premier Savings","savings","false","20000","Open with CON600 by December31,2026; deposit $15,000 new money within10 BUSINESS days and maintain minimum $15,000 for90 days. Bonus within95 days of opening when requirements met; remain open/good standing.","https://www.seacoastbank.com/switch600","https://www.seacoastbank.com/switch600","2026-12-31","1500","Waived with $2,500 minimum daily balance.","CON600 exclusive recipient; FL/GA residents 18+; no existing personal checking/savings or closure within12 months; one/new household; associates excluded; no combination; remain open/good standing.","2026-09-09","0.50","","https://www.seacoastbank.com/switch600","2026-08-10","Verified 0.50% APY below $50,000, not headline3.25%. Ten business-day funding not ten calendar days.90-day maintenance anchor not explicit; exact interest endpoints unresolved.","5000","online","","included_states","FL;GA","","","","","","","","","","yes","https://www.doctorofcredit.com/fl-in-branch-only-seacoast-bank-350-checking-150-savings-bonus/#comment-2372431","2026-09-24","I unfroze my Chex and applied and it got approved instantly and they did pull my Chex. DoC reader datapoints (article field unknown or absent), 2026-07-21. Article field is Unknown; recent comments report Chex pulls and requests to unfreeze Chex; DoC Chex list lists Seacoast under 'Does pull'. Secondary reported screening, not a bank guarantee.","","",""
"seacoast-bundle-600","Seacoast Bank","Checking + Premier Savings","other","false","60000","Open both with CON600 by December31,2026. Checking recurring DD $1,000+ within90 days; savings $15,000 new money within10 business days maintained90 days. Total$600 includes$400 checking+$200 savings, not additive. Payout within95 days subject to requirements.","https://www.seacoastbank.com/switch600","https://www.seacoastbank.com/switch600","2026-12-31","","","CON600 exclusive recipient; FL/GA residents 18+; no existing personal checking/savings or closure within12 months; one/new household; associates excluded; no combination; remain open/good standing.","2026-09-09","","","https://www.seacoastbank.com/switch600","2026-08-10","DD count unspecified; combined capital unknown.0.50% applies savings only. Funding/withdrawal endpoints unresolved due business-day funding and ambiguous90-day anchor. Quality review: 0.50% is verified for savings leg only, not a single rate over combined account capital; APY field cleared.","","online","","included_states","FL;GA","","","unknown","","","","","","","yes","https://www.doctorofcredit.com/fl-in-branch-only-seacoast-bank-350-checking-150-savings-bonus/#comment-2372431","2026-09-24","I unfroze my Chex and applied and it got approved instantly and they did pull my Chex. DoC reader datapoints (article field unknown or absent), 2026-07-21. Article field is Unknown; recent comments report Chex pulls and requests to unfreeze Chex; DoC Chex list lists Seacoast under 'Does pull'. Secondary reported screening, not a bank guarantee.","$1,000.00: Recurring direct deposits of $1,000 or more; no count or unambiguous aggregate. $50.00: Minimum account opening; savings also states its own $50 minimum. $15,000.00: Savings new-money balance, not DD. Recurring $1,000 DD wording gives neither required count nor unambiguous per-item versus aggregate threshold. Cannot certify cumulative DD or mixed total. Savings $15,000 balance is independently known. $50 checking opening and separate savings opening cannot be silently treated as DD.","https://www.seacoastbank.com/switch600","2026-09-22"
"everwise-simply-checking-250","Everwise Credit Union","Simply Checking","checking","false","25000","Use GET250 online/in branch. Within60 days enroll eStatements, make ten Debit Mastercard purchases and $500 total qualifying electronic deposits. Bonus by end of next full statement after requirements.","https://www.everwisecu.com/get250-em","https://www.everwisecu.com/get250-em","","0","","No existing checking or closure within12 months; never previously received new-checking bonus; one/member; membership eligibility applies. IN/MI per discovery.","2026-09-09","","account_opening","","","Electronic deposits include payroll/Social Security/pension/investment-brokerage examples; not all ordinary transfers asserted eligible. Debit purchase dollars unspecified. DD model: cumulative required deposits at 0% APY for seven days each; no recycling. Ancillary opening funds/spending separate; overlap not established. Gross before fees. Quality review: $500 qualifying electronic deposits plus ten required debit purchases with unspecified spending. Known deposit leg retained in requirements; complete mixed capital denominator left blank rather than assuming spending can be covered without additional capital.","","online","","unknown","","","","unknown","","","","","","","yes","https://www.doctorofcredit.com/in-mi-everwise-credit-union-250-checking-bonus-direct-deposit-not-required/","2026-09-24","ChexSystems: Yes DoC article ChexSystems field, 2025-11-23. DoC fine print for the Everwise $250 checking bonus. Secondary reported screening, not a bank guarantee.","$500.00: Recurring payroll or ACH from institution/fintech/digital wallet; opening funding, internal transfers and other single funding excluded. Not DD-only. $5.00: Separate initial Primary Savings deposit; $7 membership fee is cost, not principal. Recurring electronic funding and separate share verified, but deposit item count, ten debit purchases dollar amount and membership release/overlap unknown. Current legal broadens eligible ACH versus retained prose; preserve unrelated terms and flag for parent reconciliation.","https://www.everwisecu.com/get250-em","2026-09-22"
"credit-human-checking-300","Credit Human","Free Checking","checking","false","30000","Use CheckingPromo2026. $5 membership share and $25 checking opening; open before December31,2026. Remain open at least90 days; two recurring DD $500 each; ten POS purchases$10+ each; digital banking/eStatements. Payout within90 days contingent on requirements/good standing.","https://www.credithuman.com/checking-promo-2026","https://www.credithuman.com/checking-promo-2026","2026-12-31","0","","Headline San Antonio TX/New Orleans LA; detailed terms add Houston TX, verify Houston. New/nonmembers or existing without checking; one/primary member/household. Previous incentives may disqualify. Minors/business/employees excluded; no combination.","2026-09-09","","account_opening","","","Two$500 DD=$1,000 cumulative; $100 consumed purchases plus separate$5 membership share.90-day keep-open/payout wording does not state an independent DD deadline; field blank. DD model: cumulative required deposits at 0% APY for seven days each; no recycling. Ancillary opening funds/spending separate; overlap not established. Gross before fees. Quality review: $1,000 cumulative DD, $100 cumulative required purchases, $25 checking opening and $5 share; overlap of deposit and consumed-spend capital not established. Known deposit leg retained in requirements; complete mixed capital denominator left blank rather than assuming spending can be covered without additional capital.","2500","online","","included_states","LA;TX","Residents of San Antonio TX, Houston TX or New Orleans LA only","90","unknown","","","","","","","yes","https://www.doctorofcredit.com/tx-la-credit-human-300-checking-bonus/","2026-09-24","ChexSystems: Yes, sensitive DoC article ChexSystems field, 2026-03-27. DoC fine print for the TX/LA Credit Human $300 checking bonus. Secondary reported screening, not a bank guarantee.","$25.00: Most checking accounts minimum, as already modeled; separate share $5. $5.00: Membership establishment deposit. $1,000.00: Two recurring DD of $500 each. $500.00: Explicit minimum per deposit, not only cumulative $1,000. $100.00: Ten POS transactions at least $10 each. Known $1,000 DD, $100 consumed spend, $5 membership share and most-accounts $25 opening cannot be arbitrarily summed or overlapped. Complete user-funded capital remains unknown; preserve nonfunding terms.","https://www.credithuman.com/checking-promo-2026","2026-09-22"
"broadway-free-checking-300","Broadway Bank","Free Checking","checking","false","30000","Use CKPR at opening with$25. Two or more employer/payroll/benefit ACH deposits totaling$2,000 and fifteen qualifying debit purchases within90 days. Open/good standing at least90 days, positive/open/active at payout within30 days of requirements.","https://broadway.bank/landing-pages/300-offer","https://broadway.bank/landing-pages/300-offer","","0","","No primary personal checking currently or within12 months; excludes closed/reopened/existing/converted/repurposed accounts; directors excluded; one/customer; one deposit campaign at a time. TX footprint.","2026-09-09","","account_opening","","","No fixed expiry stated; debit dollar minimum unknown. DD model: cumulative required deposits at 0% APY for seven days each; no recycling. Ancillary opening funds/spending separate; overlap not established. Gross before fees. Quality review: $2,000 cumulative DD plus fifteen required purchases with unspecified spending. Known deposit leg retained in requirements; complete mixed capital denominator left blank rather than assuming spending can be covered without additional capital.","2500","online","","unknown","","","90","unknown","","","","","","","no","https://www.doctorofcredit.com/tx-only-broadway-bank-200-checking-bonus/#comment-2271855","2026-09-24","kept Chex frozen, no pull attempted DoC reader datapoints (article field unknown or absent), 2026-03-07. DoC article lists ChexSystems: Unknown; several consistent 2026 commenters report no Chex pull (online or by phone). A later 'Chex hit' comment in the thread refers to a different bank (Texana). Secondary reported screening, not a bank guarantee.","$25.00: Free Checking minimum $2,000.00: At least two deposits; not $2,000 each Opening $25 and two-or-more DD totaling $2,000 verified; 15 purchase dollars are unstated. Browser repeatedly returned temporary service interruption; one alternate extraction recovered full legal including positive balance at payout, while subsequent extractions truncated. Keep explicit unknown total; no invented reserve or spending. Fees/APY/deadlines unchanged.","https://broadway.bank/landing-pages/300-offer","2026-09-22"
"st-bank-checking-300","S&T Bank","Select Banking","checking","false","30000","Open July 1–September 30, 2026 with STAOC3Q26. Receive at least two $500 qualifying payroll/pension/Social Security direct deposits within 90 days. Checking must never be overdrawn and remain open with positive balance January 8, 2027. Incentive payout January 14, 2027.","https://www.stbank.com/specials/q326-aoc/","https://www.stbank.com/specials/q326-aoc/","2026-09-30","0","","PA/OH discovery footprint; offers vary by region/product. Savings new customers only; no savings/signing authority or savings closed within 12 months. Bank may limit one account gift per rolling 12 months across deposit relationships; reconfirm checking-specific eligibility.","2026-09-09","","account_opening","","","Live Q3 campaign replaces older $300/$400/$500 campaigns. Cumulative required direct deposits are modeled at 0% APY for seven days each; not a bank-imposed hold. Ancillary opening/share funds are disclosed separately unless explicitly required promotional capital.","","online","","unknown","","","","","","","","","","","yes","https://www.doctorofcredit.com/pa-oh-st-bank-350-checking-bonus-no-direct-deposit/#comment-2113954","2026-09-24","Just a note, they are definitely pulling chex. DoC reader datapoints (article field unknown or absent), 2025-08-07. Article field is Unknown; comments from 2025-2026 report Chex pulls and DoC Chex list lists S&T under 'Does pull'. Secondary reported screening, not a bank guarantee.","","",""
"st-bank-checking-350","S&T Bank","Preferred Banking","checking","false","35000","Open July 1–September 30, 2026 with STAOC3Q26. Receive at least two $500 qualifying payroll/pension/Social Security direct deposits within 90 days. Checking must never be overdrawn and remain open with positive balance January 8, 2027. Incentive payout January 14, 2027.","https://www.stbank.com/specials/q326-aoc/","https://www.stbank.com/specials/q326-aoc/","2026-09-30","","","PA/OH discovery footprint; offers vary by region/product. Savings new customers only; no savings/signing authority or savings closed within 12 months. Bank may limit one account gift per rolling 12 months across deposit relationships; reconfirm checking-specific eligibility.","2026-09-09","","account_opening","","","Live Q3 campaign replaces older $300/$400/$500 campaigns. Cumulative required direct deposits are modeled at 0% APY for seven days each; not a bank-imposed hold. Ancillary opening/share funds are disclosed separately unless explicitly required promotional capital.","","online","","unknown","","","","","","","","","","","yes","https://www.doctorofcredit.com/pa-oh-st-bank-350-checking-bonus-no-direct-deposit/#comment-2113954","2026-09-24","Just a note, they are definitely pulling chex. DoC reader datapoints (article field unknown or absent), 2025-08-07. Article field is Unknown; comments from 2025-2026 report Chex pulls and DoC Chex list lists S&T under 'Does pull'. Secondary reported screening, not a bank guarantee.","","",""
"st-bank-combined-400","S&T Bank","Select Banking + Statement Savings","other","false","40000","Open July 1–September 30, 2026 with STAOC3Q26. Receive at least two $500 qualifying payroll/pension/Social Security direct deposits within 90 days. Checking must never be overdrawn and remain open with positive balance January 8, 2027. Incentive payout January 14, 2027. Also open and fund Statement Savings by September 30 with $2,000 new money (not held at S&T in past 30 days); maintain at least that balance on January 8, 2027. Total includes checking plus 100 savings reward; do not add component bonuses again.","https://www.stbank.com/specials/q326-aoc/","https://www.stbank.com/specials/q326-aoc/","2026-09-30","","","PA/OH discovery footprint; offers vary by region/product. Savings new customers only; no savings/signing authority or savings closed within 12 months. Bank may limit one account gift per rolling 12 months across deposit relationships; reconfirm checking-specific eligibility.","2026-09-09","","","https://www.stbank.com/specials/q326-aoc/","2026-07-01","APY/endpoints apply to savings leg only; mixed-leg interest must not apply savings APY to checking DD. Savings rewards are conditional on qualifying checking; represented as combined tiers, not standalone savings. Cumulative required direct deposits are modeled at 0% APY for seven days each; not a bank-imposed hold. Ancillary opening/share funds are disclosed separately unless explicitly required promotional capital. Quality review: 0.01% is verified for savings leg only, not a single rate over combined account capital; APY field cleared.","","online","","unknown","","","","300000","","","","","","","yes","https://www.doctorofcredit.com/pa-oh-st-bank-350-checking-bonus-no-direct-deposit/#comment-2113954","2026-09-24","Just a note, they are definitely pulling chex. DoC reader datapoints (article field unknown or absent), 2025-08-07. Article field is Unknown; comments from 2025-2026 report Chex pulls and DoC Chex list lists S&T under 'Does pull'. Secondary reported screening, not a bank guarantee.","","",""
"st-bank-combined-500","S&T Bank","Preferred Banking + Preferred Savings","other","false","50000","Open July 1–September 30, 2026 with STAOC3Q26. Receive at least two $500 qualifying payroll/pension/Social Security direct deposits within 90 days. Checking must never be overdrawn and remain open with positive balance January 8, 2027. Incentive payout January 14, 2027. Also open and fund Preferred Savings by September 30 with $5,000 new money (not held at S&T in past 30 days); maintain at least that balance on January 8, 2027. Total includes checking plus 150 savings reward; do not add component bonuses again.","https://www.stbank.com/specials/q326-aoc/","https://www.stbank.com/specials/q326-aoc/","2026-09-30","","","PA/OH discovery footprint; offers vary by region/product. Savings new customers only; no savings/signing authority or savings closed within 12 months. Bank may limit one account gift per rolling 12 months across deposit relationships; reconfirm checking-specific eligibility.","2026-09-09","","","https://www.stbank.com/specials/q326-aoc/","2026-07-01","APY/endpoints apply to savings leg only; mixed-leg interest must not apply savings APY to checking DD. Savings rewards are conditional on qualifying checking; represented as combined tiers, not standalone savings. Cumulative required direct deposits are modeled at 0% APY for seven days each; not a bank-imposed hold. Ancillary opening/share funds are disclosed separately unless explicitly required promotional capital. Quality review: 0.05% is verified for savings leg only, not a single rate over combined account capital; APY field cleared.","","online","","unknown","","","","600000","","","","","","","yes","https://www.doctorofcredit.com/pa-oh-st-bank-350-checking-bonus-no-direct-deposit/#comment-2113954","2026-09-24","Just a note, they are definitely pulling chex. DoC reader datapoints (article field unknown or absent), 2025-08-07. Article field is Unknown; comments from 2025-2026 report Chex pulls and DoC Chex list lists S&T under 'Does pull'. Secondary reported screening, not a bank guarantee.","","",""
"st-bank-combined-600","S&T Bank","Preferred Banking + Preferred Savings","other","false","60000","Open July 1–September 30, 2026 with STAOC3Q26. Receive at least two $500 qualifying payroll/pension/Social Security direct deposits within 90 days. Checking must never be overdrawn and remain open with positive balance January 8, 2027. Incentive payout January 14, 2027. Also open and fund Preferred Savings by September 30 with $10,000 new money (not held at S&T in past 30 days); maintain at least that balance on January 8, 2027. Total includes checking plus 250 savings reward; do not add component bonuses again.","https://www.stbank.com/specials/q326-aoc/","https://www.stbank.com/specials/q326-aoc/","2026-09-30","","","PA/OH discovery footprint; offers vary by region/product. Savings new customers only; no savings/signing authority or savings closed within 12 months. Bank may limit one account gift per rolling 12 months across deposit relationships; reconfirm checking-specific eligibility.","2026-09-09","","","https://www.stbank.com/specials/q326-aoc/","2026-07-01","APY/endpoints apply to savings leg only; mixed-leg interest must not apply savings APY to checking DD. Savings rewards are conditional on qualifying checking; represented as combined tiers, not standalone savings. Cumulative required direct deposits are modeled at 0% APY for seven days each; not a bank-imposed hold. Ancillary opening/share funds are disclosed separately unless explicitly required promotional capital. Quality review: 0.05% is verified for savings leg only, not a single rate over combined account capital; APY field cleared.","","online","","unknown","","","","1100000","","","","","","","yes","https://www.doctorofcredit.com/pa-oh-st-bank-350-checking-bonus-no-direct-deposit/#comment-2113954","2026-09-24","Just a note, they are definitely pulling chex. DoC reader datapoints (article field unknown or absent), 2025-08-07. Article field is Unknown; comments from 2025-2026 report Chex pulls and DoC Chex list lists S&T under 'Does pull'. Secondary reported screening, not a bank guarantee.","","",""
"tower-free-checking-300","Tower Federal Credit Union","Free Checking","checking","false","30000","Open by September 30, 2026 using ORIOLES or BALTIMORE; $10 opening deposit. Receive recurring payroll/pension/government direct deposits of $1,000 or more each within 90 days. Continue qualifying recurring deposits and keep checking open for six months or bonus may be recouped. Payout within 60 days after qualifications; open/good standing at payout.","https://www.towerfcu.org/checking300","https://www.towerfcu.org/checking300","2026-09-30","0","","MD residents OR DoD personnel/families OR Tower members as of June 15, 2026; membership required. No current checking, checking closed within 90 days/negative within 3 years, or checking bonus within 48 months. One per household.","2026-09-09","0.15","account_opening","https://www.towerfcu.org/checking300","2026-09-09","Original $100 no-requirements offer unavailable. Recurrence frequency/count is not fixed; no invented two-deposit denominator. Cumulative required direct deposits are modeled at 0% APY for seven days each; not a bank-imposed hold. Ancillary opening/share funds are disclosed separately unless explicitly required promotional capital.","1000","online","","unknown","","","186","","","","","","","","yes","https://www.doctorofcredit.com/md-dc-de-pa-va-wv-tower-federal-credit-union-300-checking-bonus/","2026-09-24","ChexSystems: Yes DoC article ChexSystems field, 2026-08-18. DoC Tower FCU checking article lists ChexSystems: Yes; 2025 comments confirm Chex pulls. Secondary reported screening, not a bank guarantee.","","",""
"orange-county-checking-100","Orange County’s Federal Credit Union","Access or Pacific Checking","checking","false","10000","Open eligible Everyday, Access or Pacific Checking in branch using MY100 by December 31, 2026. Enroll eStatements, qualify for debit card and receive direct deposit within 60 days; Social Security qualifies. Keep account open and eStatement preference 90 days; bonus within 90 days. $25 opening deposit.","https://www.orangecountyscu.org/landing/get-checking-and-$100/","https://www.orangecountyscu.org/landing/get-checking-and-$100/","2026-12-31","","","New member never owner/signer on any account/loan. Membership eligibility required; branch only; cannot combine offers.","2026-09-09","0","account_opening","https://www.orangecountyscu.org/landing/get-checking-and-$100/","","No numeric direct-deposit minimum; denominator unknown. Access/Pacific explicitly do not earn dividends; Everyday differs. Separate referral $50 not stacked. Cumulative required direct deposits are modeled at 0% APY for seven days each; not a bank-imposed hold. Ancillary opening/share funds are disclosed separately unless explicitly required promotional capital.","2500","branch_only","","unknown","","","90","unknown","","","","","","","yes","https://www.doctorofcredit.com/orange-countys-credit-union-100-checking-bonus-direct-deposit-not-required-ca/","2026-09-24","They also do pull Chex DoC reader datapoints (article field unknown or absent), 2023-02-27. Older comment (2023); the article field says Unknown. DoC's current Chex list also has 'Orange County Credit Union' under 'Does pull'. Secondary reported screening, not a bank guarantee.","$25.00: Checking minimum opening deposit. Campaign $25 opening verified but no DD dollar minimum disclosed; neither opening amount nor $1,400 dividend threshold is bonus total capital. Additional membership/disclosure conditions remain manual.","https://www.orangecountyscu.org/landing/get-checking-and-$100/","2026-09-22"
"horizon-checking-200","Horizon Credit Union","Replenish Checking","checking","false","20000","Use get200. Fund at least $250 within five business days; within first 60 days complete 15 debit card transactions, elect electronic statements, and keep account open/good standing for 60 days. Bonus within 60 days of all qualifications; remain open for payout.","https://www.hzcu.org/personal-accounts/checking/checking-offer/","https://www.hzcu.org/personal-accounts/checking/checking-offer/","","0","","Age over 18; no Horizon checking now or in previous five years; youth/business excluded. One per household; residence/membership verified, fee may apply. Discovery footprint WA/ID/MT/OR.","2026-09-09","","","","","Known $250 initial funding, but debit-spend total and overlap unknown, so total capital blank. Five business days not converted into calendar-day offset; no full-balance 60-day hold stated.","25000","online","","unknown","","","60","unknown","","","","","","","yes","https://www.doctorofcredit.com/wa-id-mt-or-horizon-credit-union-200-checking-bonus-direct-deposit-not-required/#comment-2102320","2026-09-24","Experian and Chex hard pulls. DoC reader datapoints (article field unknown or absent), 2025-07-18. Older article (2023-06) field is Unknown; comments from 2023 and 2025 explicitly report a Chex pull plus Experian hard pull. Secondary reported screening, not a bank guarantee.","$250.00: Fund within five business days; not opening minimum. $5.00: Value Shares savings only; separate ancillary disclosure, not checked as campaign-wide minimum. Verified $250 promotional checking funding, not opening minimum or payroll DD; 15 debit purchases lack dollar minimum. Savings disclosure shows $5 Value Shares opening but campaign membership applicability/retained share and purchase funding overlap remain incomplete, so total remains unknown.","https://www.hzcu.org/personal-accounts/checking/checking-offer/","2026-09-22"
"aaacu-adult-member-250","Alpena Alcona Area Credit Union","Adult checking + reward CD","other","false","25000","New adult membership with checking/debit card, eStatements and Savvy Money Credit Score enrollment; satisfy criteria within two weeks. $250 reward deposited in seven-month CD; no early withdrawals; early closure forfeits reward and earnings.","https://www.aaacu.com/become-a-member","https://www.aaacu.com/become-a-member","","","","Age 18+; new consumer memberships only, no membership in past 12 months; no combining deposit rewards. MI membership eligibility.","2026-09-09","","","","","Reward CD principal is bank-funded cash, not user capital. User opening/share requirement and CD rate unspecified; do not model bank-funded $250 as user denominator.","","online","","unknown","","","217","unknown","","","","","","","unknown","","","","$5.00: Required regular share deposit. $0.00: Standard checking has no minimum balance; this is not explicit proof of zero opening deposit. $250.00: Issuer-funded reward; adult reward placed in 7-month CD, youth reward available after 30 days; neither is customer funding. Required $5 share newly verified. Checking has no minimum ongoing balance but explicit opening minimum not established. Do not infer complete $5 total from silence; adult reward CD is issuer-funded, not customer deposit.","https://www.aaacu.com/become-a-member","2026-09-22"
"aaacu-youth-member-100","Alpena Alcona Area Credit Union","Youth checking","checking","false","10000","Open new membership with checking, debit card and eStatements. $100 paid as dividends at opening and available after 30 days; remain in good standing.","https://www.aaacu.com/become-a-member","https://www.aaacu.com/become-a-member","","","","Ages 13–17; memberships opened after December 1, 2025; no membership in past 12 months; valid US taxpayer ID; MI eligibility; no combining new-member offers.","2026-09-09","","","","","User opening/share funding unspecified. Thirty days restricts bank-funded reward, not established user capital hold.","","online","","unknown","","","","unknown","","","","","","","unknown","","","","$5.00: Required regular share deposit. $0.00: Standard checking has no minimum balance; this is not explicit proof of zero opening deposit. $100.00: Issuer-funded reward; adult reward placed in 7-month CD, youth reward available after 30 days; neither is customer funding. Required $5 share newly verified. Checking has no minimum ongoing balance but explicit opening minimum not established. Do not infer complete $5 total from silence; adult reward CD is issuer-funded, not customer deposit.","https://www.aaacu.com/become-a-member","2026-09-22"
"northwest-affinity-checking-400","Northwest Bank","Affinity Checking","checking","false","40000","Open with GET400 by December 31, 2026. Receive qualifying direct deposits totaling $1,000 or more within one single statement cycle among first three cycles. ACH credits may include payroll/pension/government payments. Keep open for bonus typically within 30 days after qualifying statement cycle.","https://www.northwest.bank/personal/checking/get-400/","https://www.northwest.bank/personal/checking/get-400/","2026-12-31","0","","No existing Northwest checking or checking closed within 12 months; one new-account bonus per calendar year; employees excluded; cannot combine offers. Verify regional eligibility.","2026-09-09","","","","","Three statement cycles not converted to days; no per-deposit amount/count specified. Cumulative required direct deposits are modeled at 0% APY for seven days each; not a bank-imposed hold. Ancillary opening/share funds are disclosed separately unless explicitly required promotional capital.","","online","","unknown","","","","","","","","","","","yes","https://www.doctorofcredit.com/pa-northwest-bank-160-checking-bonus/#comment-2378650","2026-09-24","Agent said I had to many inquiries on my chex report in a 12 month period (10/12). DoC reader datapoints (article field unknown or absent), 2026-07-30. Article field Unknown, but many 2026 comments report Chex pulls and Chex-based denials; DoC's list shows 6 'does pull' datapoints. Secondary reported screening, not a bank guarantee.","","",""
"st-marys-checking-300","St. Mary’s Bank","Checking + required savings","checking","false","30000","Use GET500; open new personal checking and savings together. Receive at least two recurring payroll/pension/government DD totaling $1,000 within 90 calendar days after opening (next business day if day90 is nonbusiness). $300 deposited in savings within 30 days after qualifying; all accounts open/good standing.","https://www.stmarysbank.com/for-you/join/account-offers","https://www.stmarysbank.com/for-you/join/account-offers","","","","Membership open with purchase of $5 capital stock. Checking offer first checking; no primary/joint checking within 90 days. Limit one $300 and/or $200 per primary member. Local NH discovery; issuer says membership open to anyone.","2026-09-09","","account_opening","","","Two deposits total $1,000; separate $10 per account plus $5 capital stock. Cumulative required DD modeled at 0% APY for seven days each, not a bank-imposed hold. Ancillary opening/share funding separately disclosed.","2000","online","","unknown","","","","","","","","","","","yes","https://www.doctorofcredit.com/st-marys-bank-300-checking-bonus/#comment-1881468","2026-09-24","Based on information received in your chexsystems report, we are not able to open this account electronically DoC reader datapoints (article field unknown or absent), 2024-07-24. Article field Unknown; comments (2024-2025) report Chex-based denials and in-branch questioning about Chex inquiries. Secondary reported screening, not a bank guarantee.","","",""
"st-marys-savings-200","St. Mary’s Bank","Beyond Savings (requires checking)","savings","false","20000","Open new savings excluding CDs/IRAs, have active or new checking, fund savings with $2,000 new money within 30 days; establish recurring monthly deposit of at least $25 within 30 days and maintain six consecutive months; maintain $2,000 minimum average daily balance six consecutive months. Bonus within 30 days after qualification.","https://www.stmarysbank.com/for-you/join/account-offers","https://www.stmarysbank.com/for-you/join/account-offers","","","","Membership open with purchase of $5 capital stock. Checking offer first checking; no primary/joint checking within 90 days. Limit one $300 and/or $200 per primary member. Local NH discovery; issuer says membership open to anyone.","2026-09-09","0.05","account_opening","https://www.stmarysbank.com/for-you/join/account-offers","2026-08-17","Beyond Savings all balances 0.05% APY as of August 17, 2026; no assumed high-yield savings qualifying DD. Six calendar months not converted to 180 days; exact maintenance anchor/withdrawal date unspecified. $25 monthly transfers for six months may overlap $2,000 balance; total cumulative savings capital unresolved. Separate $10 per account opening and $5 capital stock.","1000","online","","unknown","","","","unknown","","","","","","","yes","https://www.doctorofcredit.com/st-marys-bank-300-checking-bonus/#comment-1881468","2026-09-24","Based on information received in your chexsystems report, we are not able to open this account electronically DoC reader datapoints (article field unknown or absent), 2024-07-24. Article field Unknown; comments (2024-2025) report Chex-based denials and in-branch questioning about Chex inquiries. Secondary reported screening, not a bank guarantee.","$2,000.00: New savings funding within 30 days and minimum average daily balance for six consecutive months. $25.00: Recurring monthly savings deposit for six consecutive months; not payroll DD. $5.00: One capital stock share required for membership, separate from savings/checking funding. $10.00: Minimum each for checking and example eligible savings; combined opening total not inferred. Savings balance and recurring deposits verified, with separate $5 membership stock and checking requirement. Overlap of monthly savings deposits, opening money and maintained balance is not explicitly established; combined tier also has DD. Preserve unknown rather than add the legs.","https://www.stmarysbank.com/for-you/join/account-offers","2026-09-22"
"st-marys-combined-500","St. Mary’s Bank","Checking + Beyond Savings combined","other","false","50000","Use GET500; open new personal checking and savings together. Receive at least two recurring payroll/pension/government DD totaling $1,000 within 90 calendar days after opening (next business day if day90 is nonbusiness). $300 deposited in savings within 30 days after qualifying; all accounts open/good standing. Open new savings excluding CDs/IRAs, have active or new checking, fund savings with $2,000 new money within 30 days; establish recurring monthly deposit of at least $25 within 30 days and maintain six consecutive months; maintain $2,000 minimum average daily balance six consecutive months. Bonus within 30 days after qualification. Total $500 includes both components, not extra reward.","https://www.stmarysbank.com/for-you/join/account-offers","https://www.stmarysbank.com/for-you/join/account-offers","","","","Membership open with purchase of $5 capital stock. Checking offer first checking; no primary/joint checking within 90 days. Limit one $300 and/or $200 per primary member. Local NH discovery; issuer says membership open to anyone.","2026-09-09","","account_opening","https://www.stmarysbank.com/for-you/join/account-offers","2026-08-17","Beyond Savings all balances 0.05% APY as of August 17, 2026; no assumed high-yield savings qualifying DD. Six calendar months not converted to 180 days; exact maintenance anchor/withdrawal date unspecified. $25 monthly transfers for six months may overlap $2,000 balance; total cumulative savings capital unresolved. Separate $10 per account opening and $5 capital stock. Cumulative required DD modeled at 0% APY for seven days each, not a bank-imposed hold. Ancillary opening/share funding separately disclosed. Quality review: 0.05% is verified for savings leg only, not a single rate over combined account capital; APY field cleared.","","online","","unknown","","","","","","","","","","","yes","https://www.doctorofcredit.com/st-marys-bank-300-checking-bonus/#comment-1881468","2026-09-24","Based on information received in your chexsystems report, we are not able to open this account electronically DoC reader datapoints (article field unknown or absent), 2024-07-24. Article field Unknown; comments (2024-2025) report Chex-based denials and in-branch questioning about Chex inquiries. Secondary reported screening, not a bank guarantee.","$2,000.00: New savings funding within 30 days and minimum average daily balance for six consecutive months. $25.00: Recurring monthly savings deposit for six consecutive months; not payroll DD. $5.00: One capital stock share required for membership, separate from savings/checking funding. $10.00: Minimum each for checking and example eligible savings; combined opening total not inferred. $1,000.00: At least two recurring qualifying checking DD within 90 days; $1,000 total, not each. Savings balance and recurring deposits verified, with separate $5 membership stock and checking requirement. Overlap of monthly savings deposits, opening money and maintained balance is not explicitly established; combined tier also has DD. Preserve unknown rather than add the legs.","https://www.stmarysbank.com/for-you/join/account-offers","2026-09-22"
"monterra-premium-checking-150","Monterra Credit Union","Premium Checking","checking","false","15000","Open new Premium Checking with $20. Exact checking150 campaign says open by September 15, 2026; generic Premium Checking page says December 31, 2026 for the same $150 reward. Confirm enrollment cutoff. Complete ten debit and/or same-membership credit purchases, one DD/payroll/external ACH (no amount specified), and eStatements during the qualifying full calendar month. Headline says month after opening; legal wording says ""full calendar month immediately following the month after account opening""; confirm precise month. Bonus within 31 days after qualification, positive balance at payout.","https://www.monterra.org/checking150","https://www.monterra.org/checking150","2026-09-15","0","","Premium Checking only; membership eligibility required (CA discovery). Joint card purchases can aggregate under same membership. Offer subject to change.","2026-09-09","3.50","","https://www.monterra.org/checking150","2026-09-08","Same $150 Premium Checking campaign as doc-242, not stackable. September 15 cutoff from exact /checking150 landing page conflicts with December 31 generic /personal/checking/premium-checking disclosure; neither silently superseded. Review browser Cloudflare-blocked, full first-party extracts retained. Conditional 3.50% APY on any balance, 0% when monthly activity not met; exact campaign rate effective 2026-09-08 versus generic 2026-06-15. $20 opening is not full capital: deposit and purchase minimums unspecified; no invented denominator or endpoints.","2000","online","","unknown","","","","","","","","","","","yes","https://www.doctorofcredit.com/ca-only-san-mateo-credit-union-100-checking-bonus-direct-deposit-not-required/","2026-09-24","Requires Chex and soft pull at Experian. DoC reader datapoints (article field unknown or absent), 2025-11-22. DoC field is Unknown (the article is listed as Monterra/San Mateo Credit Union); this comment says Chex is required, and none contradict it. Secondary reported screening, not a bank guarantee.","","",""
"california-cu-echecking-250","California Credit Union","eChecking","checking","false","25000","New member opens eChecking with $25. Enroll Digital Banking/eStatements within 120 days of account opening. Establish recurring DD of at least $400 monthly within 120 days of membership opening, and receive three months of deposits. Bonus first week of month after qualification. Keep account open six months or forfeit bonus. Required membership share $0.01.","https://www.ccu.com/echecking-offer/","https://www.ccu.com/echecking-offer/","","","$2 monthly paper statement fee waived with eStatements or $400 monthly DD or age exemption.","New eChecking/new members only; one bonus/member; account/membership approval required. CA/North Island membership eligibility.","2026-09-09","0","","https://www.ccu.com/echecking-offer/","","Three monthly aggregate minimums = $1,200; do not set per-deposit minimum because monthly aggregate can be split. 120-day deadline only establishes DD; monthly calendar qualification retained in prose. Account explicitly does not accrue dividends. Cumulative required DD modeled at 0% APY for seven days each, not a bank-imposed hold. Ancillary opening/share funding separately disclosed.","2500","online","","unknown","","","186","","","","","","","","yes","https://www.doctorofcredit.com/ca-only-california-credit-union-100-checking-bonus/#comment-2388401","2026-09-24","They ran my chexsystem inquiry 3 times for some reason… DoC reader datapoints (article field unknown or absent), 2026-08-12. Article field reads 'Unknown, sensitive'; multiple recent comments explicitly report Chex pulls (incl. one noting an initial Chex pull plus later soft pulls). Secondary reported screening, not a bank guarantee.","","",""
"wintrust-total-access-300","Wintrust Community Banks","Total Access Checking ($500 monthly DD tier)","checking","false","30000","Open May 13–November 3, 2026 through offer or with Builder code. Receive qualifying DD totaling $500 each of two consecutive calendar months after account-opening month. Enroll online banking and eStatements within same qualification period. Positive balance/open at period end; bonus within 30 calendar days afterward. $100 to open.","https://www.wintrust.com/solutions-and-services/community-banking/total-access-checking.html","https://www.wintrust.com/solutions-and-services/community-banking/total-access-checking.html","2026-11-03","0","","No existing OR previously closed personal checking anywhere in Wintrust group; no employees; one bonus/customer. Regional Wintrust footprint; locate eligible community bank. May combine savings offer but none added here.","2026-09-09","","","","","Two calendar-month aggregate DD requirements; no invented per-deposit minimum or fixed-day window. Cumulative required DD modeled at 0% APY for seven days each, not a bank-imposed hold. Ancillary opening/share funding separately disclosed.","10000","online","","unknown","","","","","","","","","","","yes","https://www.doctorofcredit.com/il-only-wintrust-bank-300-checking-bonus/","2026-09-24","ChexSystems: Yes DoC article ChexSystems field, 2025-11-07. DoC fine print; 2026 comments suggest returning customers are sometimes approved without a Chex pull. Secondary reported screening, not a bank guarantee.","","",""
"wintrust-total-access-500","Wintrust Community Banks","Total Access Checking ($2,000 monthly DD tier)","checking","false","50000","Open May 13–November 3, 2026 through offer or with Builder code. Receive qualifying DD totaling $2,000 each of two consecutive calendar months after account-opening month. Enroll online banking and eStatements within same qualification period. Positive balance/open at period end; bonus within 30 calendar days afterward. $100 to open.","https://www.wintrust.com/solutions-and-services/community-banking/total-access-checking.html","https://www.wintrust.com/solutions-and-services/community-banking/total-access-checking.html","2026-11-03","0","","No existing OR previously closed personal checking anywhere in Wintrust group; no employees; one bonus/customer. Regional Wintrust footprint; locate eligible community bank. May combine savings offer but none added here.","2026-09-09","","","","","Two calendar-month aggregate DD requirements; no invented per-deposit minimum or fixed-day window. Cumulative required DD modeled at 0% APY for seven days each, not a bank-imposed hold. Ancillary opening/share funding separately disclosed.","10000","online","","unknown","","","","","","","","","","","yes","https://www.doctorofcredit.com/il-only-wintrust-bank-300-checking-bonus/","2026-09-24","ChexSystems: Yes DoC article ChexSystems field, 2025-11-07. DoC fine print; 2026 comments suggest returning customers are sometimes approved without a Chex pull. Secondary reported screening, not a bank guarantee.","","",""
"addition-free-checking-200","Addition Financial","Free Checking","checking","false","20000","Campaign available as of 2026-03-02; no stated expiration; may change/end without notice. New member opens Share Savings and Free Checking on the same day using promo code FREE200. Recurring verified regularly scheduled electronic payroll/pension/government-benefit direct deposits totaling $1000 monthly must continue for three consecutive months within the first 90 days. No debit transactions required for bonus. Incentive within 30 days after account has been open 90 days and qualifying DD activity is met. Keep accounts open through payout; confirm closure/forfeiture terms before closing.","https://pages.additionfi.com/checking-400","https://pages.additionfi.com/checking-400","","0","No checking monthly service fee. $10 one-time membership fee plus $5 Share Savings minimum balance; students offered fee/share assistance, not assumed. Share Savings $7.50 monthly fee waived with active checking (other options in fee schedule). Choose free electronic statements instead of $5 mailed statements. No EATF listed in current linked personal fee PDF (effective 2024-11-15); this does not disprove DoC 180-day bonus-forfeiture claim.","New members opening first checking account; FL or GA residence plus county membership connection. One promotional offer per individual; no combining promotional offers. Three checking tiers are mutually exclusive, not additive. Membership source https://additionfi.com/personal/get-started/addition-financial-membership.","2026-09-15","","account_opening","","","Live campaign checked 2026-09-15 explicitly resolves recurring DD to THREE consecutive months; total DD $3000. DoC https://www.doctorofcredit.com/fl-addition-financial-300-checking-bonus/ retains stale lower-tier fine print and 180 days forfeiture claim, not found in current campaign/fee schedule; keep_open_days unknown. Qualification by day 90; payout within 30 days after day 90, not 30 business days. Exact calendar-month boundaries unspecified: no fabricated day30/day60 deadlines. No promotional funds hold stated; membership share maintained separately. MODEL ONLY: each monthly DD at 0% for seven days, withdrawal actual deposit + seven days is not a bank guarantee; keep accounts open through payout. Conditional nonstudent 4.00% simple comparison: three DD tranches plus $5 share at 0% assumed for 120 days; $10 membership fee; all monthly fees waived and e-statements; opportunity cost $2.37; net $187.63; annualized net ROI 317.06%. Unrounded arithmetic; excludes taxes/effort. Additional payout-month DD is another seven-day tranche; fees and longer share/closure exposure lower net. Complete net ROI/gate unknown; runtime mixed-capital denominator intentionally unknown, not DD-only false precision. Gaps: fee-cycle dates; safe closure/180-day forfeiture; share release date; applicant waiver eligibility.","500","online","","included_states","FL;GA","Membership additionally requires live/work/worship/school/vocational training or educational-institution alumni connection in FL: Alachua; Bay; Brevard; Calhoun; Clay; Columbia; Duval; Flagler; Franklin; Gadsden; Hamilton; Hernando; Highlands; Hillsborough; Holmes; Indian River; Jackson; Jefferson; Lake; Leon; Liberty; Madison; Manatee; Marion; Martin; Okaloosa; Okeechobee; Orange; Osceola; Pasco; Pinellas; Polk; Putman (issuer spelling); Sarasota; Seminole; St. Lucie; St. Johns; Sumter; Suwannee; Volusia; Wakulla; Walton; Washington. GA: Brooks; Decatur; Grady; Mitchell; Thomas. Campaign separately requires FL or GA residence; verify individual membership acceptance.","","unknown","","","","","","","no","https://www.doctorofcredit.com/fl-addition-financial-300-checking-bonus/","2026-09-24","ChexSystems: No DoC article ChexSystems field, 2026-09-15. DoC personal checking article (FL/GA $400) lists ChexSystems: No; recent comments are consistent (a Sept 2026 denial was attributed to an Experian pull, not Chex). Secondary reported screening, not a bank guarantee.","$1,000.00: Required in each of three consecutive months within first 90 days; not per-deposit minimum or exact deposit count. $5.00: Separate Share Savings opening and maintained minimum; not checking DD capital. Membership fee is a cost, not principal. Monthly DD and separate $5 share are verified. Exact DD item count, share release and overlap remain unspecified; complete mixed capital stays unknown. Do not sum three monthly DD tranches with share or invent deposit count.","https://pages.additionfi.com/checking-400","2026-09-22"
"addition-classic-checking-300","Addition Financial","Classic Checking","checking","false","30000","Campaign available as of 2026-03-02; no stated expiration; may change/end without notice. New member opens Share Savings and Classic Checking on the same day using promo code CLASSIC300. Recurring verified regularly scheduled electronic payroll/pension/government-benefit direct deposits totaling $1000 monthly must continue for three consecutive months within the first 90 days. No debit transactions required for bonus. Incentive within 30 days after account has been open 90 days and qualifying DD activity is met. Keep accounts open through payout; confirm closure/forfeiture terms before closing.","https://pages.additionfi.com/checking-400","https://pages.additionfi.com/checking-400","","500","$5 checking monthly service fee waived by $1000 cumulative monthly DD or 10 monthly debit transactions of at least $10 each. Continue monthly waiver through payout; initial/last partial-cycle exposure unresolved. $10 one-time membership fee plus $5 Share Savings minimum balance; students offered fee/share assistance, not assumed. Share Savings $7.50 monthly fee waived with active checking (other options in fee schedule). Choose free electronic statements instead of $5 mailed statements. No EATF listed in current linked personal fee PDF (effective 2024-11-15); this does not disprove DoC 180-day bonus-forfeiture claim.","New members opening first checking account; FL or GA residence plus county membership connection. One promotional offer per individual; no combining promotional offers. Three checking tiers are mutually exclusive, not additive. Membership source https://additionfi.com/personal/get-started/addition-financial-membership.","2026-09-15","","account_opening","","","Live campaign checked 2026-09-15 explicitly resolves recurring DD to THREE consecutive months; total DD $3000. DoC https://www.doctorofcredit.com/fl-addition-financial-300-checking-bonus/ retains stale lower-tier fine print and 180 days forfeiture claim, not found in current campaign/fee schedule; keep_open_days unknown. Qualification by day 90; payout within 30 days after day 90, not 30 business days. Exact calendar-month boundaries unspecified: no fabricated day30/day60 deadlines. No promotional funds hold stated; membership share maintained separately. MODEL ONLY: each monthly DD at 0% for seven days, withdrawal actual deposit + seven days is not a bank guarantee; keep accounts open through payout. Conditional nonstudent 4.00% simple comparison: three DD tranches plus $5 share at 0% assumed for 120 days; $10 membership fee; all monthly fees waived and e-statements; opportunity cost $2.37; net $287.63; annualized net ROI 486.05%. Unrounded arithmetic; excludes taxes/effort. Additional payout-month DD is another seven-day tranche; fees and longer share/closure exposure lower net. Complete net ROI/gate unknown; runtime mixed-capital denominator intentionally unknown, not DD-only false precision. Gaps: fee-cycle dates; safe closure/180-day forfeiture; share release date; applicant waiver eligibility.","500","online","","included_states","FL;GA","Membership additionally requires live/work/worship/school/vocational training or educational-institution alumni connection in FL: Alachua; Bay; Brevard; Calhoun; Clay; Columbia; Duval; Flagler; Franklin; Gadsden; Hamilton; Hernando; Highlands; Hillsborough; Holmes; Indian River; Jackson; Jefferson; Lake; Leon; Liberty; Madison; Manatee; Marion; Martin; Okaloosa; Okeechobee; Orange; Osceola; Pasco; Pinellas; Polk; Putman (issuer spelling); Sarasota; Seminole; St. Lucie; St. Johns; Sumter; Suwannee; Volusia; Wakulla; Walton; Washington. GA: Brooks; Decatur; Grady; Mitchell; Thomas. Campaign separately requires FL or GA residence; verify individual membership acceptance.","","unknown","","","","","","","no","https://www.doctorofcredit.com/fl-addition-financial-300-checking-bonus/","2026-09-24","ChexSystems: No DoC article ChexSystems field, 2026-09-15. DoC personal checking article (FL/GA $400) lists ChexSystems: No; recent comments are consistent (a Sept 2026 denial was attributed to an Experian pull, not Chex). Secondary reported screening, not a bank guarantee.","$1,000.00: Required in each of three consecutive months within first 90 days; not per-deposit minimum or exact deposit count. $5.00: Separate Share Savings opening and maintained minimum; not checking DD capital. Membership fee is a cost, not principal. Monthly DD and separate $5 share are verified. Exact DD item count, share release and overlap remain unspecified; complete mixed capital stays unknown. Do not sum three monthly DD tranches with share or invent deposit count.","https://pages.additionfi.com/checking-400","2026-09-22"
"addition-benefits-checking-400","Addition Financial","Benefits Checking","checking","false","40000","Campaign available as of 2026-03-02; no stated expiration; may change/end without notice. New member opens Share Savings and Benefits Checking on the same day using promo code BENEFITS400. Recurring verified regularly scheduled electronic payroll/pension/government-benefit direct deposits totaling $2000 monthly must continue for three consecutive months within the first 90 days. No debit transactions required for bonus. Incentive within 30 days after account has been open 90 days and qualifying DD activity is met. Keep accounts open through payout; confirm closure/forfeiture terms before closing.","https://pages.additionfi.com/checking-400","https://pages.additionfi.com/checking-400","","1500","$15 checking monthly service fee waived by $2000 cumulative monthly DD or 20 monthly debit transactions of at least $10 each. Continue monthly waiver through payout; initial/last partial-cycle exposure unresolved. $10 one-time membership fee plus $5 Share Savings minimum balance; students offered fee/share assistance, not assumed. Share Savings $7.50 monthly fee waived with active checking (other options in fee schedule). Choose free electronic statements instead of $5 mailed statements. No EATF listed in current linked personal fee PDF (effective 2024-11-15); this does not disprove DoC 180-day bonus-forfeiture claim.","New members opening first checking account; FL or GA residence plus county membership connection. One promotional offer per individual; no combining promotional offers. Three checking tiers are mutually exclusive, not additive. Membership source https://additionfi.com/personal/get-started/addition-financial-membership.","2026-09-15","0.05","account_opening","https://www.additionfi.com/personal/rate/checking","2025-02-27","Live campaign checked 2026-09-15 explicitly resolves recurring DD to THREE consecutive months; total DD $6000. DoC https://www.doctorofcredit.com/fl-addition-financial-300-checking-bonus/ retains stale lower-tier fine print and 180 days forfeiture claim, not found in current campaign/fee schedule; keep_open_days unknown. Qualification by day 90; payout within 30 days after day 90, not 30 business days. Exact calendar-month boundaries unspecified: no fabricated day30/day60 deadlines. No promotional funds hold stated; membership share maintained separately. MODEL ONLY: each monthly DD at 0% for seven days, withdrawal actual deposit + seven days is not a bank guarantee; keep accounts open through payout. Conditional nonstudent 4.00% simple comparison: three DD tranches plus $5 share at 0% assumed for 120 days; $10 membership fee; all monthly fees waived and e-statements; opportunity cost $4.67; net $385.33; annualized net ROI 330.15%. Unrounded arithmetic; excludes taxes/effort. Additional payout-month DD is another seven-day tranche; fees and longer share/closure exposure lower net. Complete net ROI/gate unknown; runtime mixed-capital denominator intentionally unknown, not DD-only false precision. Gaps: fee-cycle dates; safe closure/180-day forfeiture; share release date; applicant waiver eligibility. Benefits APY table current as of 2025-02-27: $1000-9999.99 0.05%; $10000-99999.99 0.75%; $100000-249999.99 1.01%; $250000-999999.99 1.31%; $1000000+ 1.51%. $1000 minimum daily balance to earn dividends, not bonus hold. DD model assumes 0% regardless; no interest double count.","0","online","","included_states","FL;GA","Membership additionally requires live/work/worship/school/vocational training or educational-institution alumni connection in FL: Alachua; Bay; Brevard; Calhoun; Clay; Columbia; Duval; Flagler; Franklin; Gadsden; Hamilton; Hernando; Highlands; Hillsborough; Holmes; Indian River; Jackson; Jefferson; Lake; Leon; Liberty; Madison; Manatee; Marion; Martin; Okaloosa; Okeechobee; Orange; Osceola; Pasco; Pinellas; Polk; Putman (issuer spelling); Sarasota; Seminole; St. Lucie; St. Johns; Sumter; Suwannee; Volusia; Wakulla; Walton; Washington. GA: Brooks; Decatur; Grady; Mitchell; Thomas. Campaign separately requires FL or GA residence; verify individual membership acceptance.","","unknown","","","","","","","no","https://www.doctorofcredit.com/fl-addition-financial-300-checking-bonus/","2026-09-24","ChexSystems: No DoC article ChexSystems field, 2026-09-15. DoC personal checking article (FL/GA $400) lists ChexSystems: No; recent comments are consistent (a Sept 2026 denial was attributed to an Experian pull, not Chex). Secondary reported screening, not a bank guarantee.","$2,000.00: Required in each of three consecutive months within first 90 days; not per-deposit minimum or exact deposit count. $5.00: Separate Share Savings opening and maintained minimum; not checking DD capital. Membership fee is a cost, not principal. $0.00: Benefits Checking legal explicitly says no minimum balance required to open; existing $5 is Share Savings, not checking opening minimum. Monthly DD and separate $5 share are verified. Exact DD item count, share release and overlap remain unspecified; complete mixed capital stays unknown. Do not sum three monthly DD tranches with share or invent deposit count.","https://pages.additionfi.com/checking-400","2026-09-22"
"td-complete-checking-200","TD Bank","Complete Checking","checking","false","20000","Open through qualifying website by September 30, 2026. Payroll/pension/government DD must each be at least $250; ordinary bank/P2P transfers do not qualify. Bonus by day180; account open/unrestricted for payout. Keep accounts six months or bank may recoup reward. Receive $500 cumulative DD within 60 days.","https://www.td.com/us/en/personal-banking/checking-bonus/pso","https://www.td.com/us/en/personal-banking/checking-bonus/pso","2026-09-30","","$500 DD/cycle or $500 daily balance or $5,000 combined deposits; age 17–23 waiver.","TD footprint CT/DC/DE/FL/MD/ME/MA/NC/NH/NJ/NY/PA/RI/SC/VT/VA subject to bank approval. No existing account of relevant kind, account closed in preceding 12 months, or prior bonus of same kind ever. Employees/Canadian cross-border customers excluded.","2026-09-09","","account_opening","","","Current Complete reward $200 replaces older $150. Cumulative required DD modeled at 0% APY for seven days each, not a bank hold; no recycling. Ancillary opening/share funds separately disclosed.","","online","","unknown","","","186","","","","","","","","no","https://www.doctorofcredit.com/in-branch-nyc-only-td-bank-400-checking-1000-savings/","2026-09-24","ChexSystems: No DoC article ChexSystems field, 2026-09-07. Two 2026 DoC TD personal articles say No and DoC's list has TD under 'Doesn't pull' (4 datapoints); the general $400 checking article lists Unknown rather than contradicting. Secondary reported screening, not a bank guarantee.","","",""
"td-beyond-checking-300","TD Bank","Beyond Checking","checking","false","30000","Open through qualifying website by September 30, 2026. Payroll/pension/government DD must each be at least $250; ordinary bank/P2P transfers do not qualify. Bonus by day180; account open/unrestricted for payout. Keep accounts six months or bank may recoup reward. Receive $2,500 cumulative DD within 60 days.","https://www.td.com/us/en/personal-banking/checking-bonus/pso","https://www.td.com/us/en/personal-banking/checking-bonus/pso","2026-09-30","","$5,000 DD/cycle or $2,500 daily balance or $25,000 qualifying combined relationship.","TD footprint CT/DC/DE/FL/MD/ME/MA/NC/NH/NJ/NY/PA/RI/SC/VT/VA subject to bank approval. No existing account of relevant kind, account closed in preceding 12 months, or prior bonus of same kind ever. Employees/Canadian cross-border customers excluded.","2026-09-09","","account_opening","","","Current Complete reward $200 replaces older $150. Cumulative required DD modeled at 0% APY for seven days each, not a bank hold; no recycling. Ancillary opening/share funds separately disclosed.","","online","","unknown","","","186","","","","","","","","no","https://www.doctorofcredit.com/in-branch-nyc-only-td-bank-400-checking-1000-savings/","2026-09-24","ChexSystems: No DoC article ChexSystems field, 2026-09-07. Two 2026 DoC TD personal articles say No and DoC's list has TD under 'Doesn't pull' (4 datapoints); the general $400 checking article lists Unknown rather than contradicting. Secondary reported screening, not a bank guarantee.","","",""
"td-complete-signature-combined-400","TD Bank","Complete Checking + Signature Savings","other","false","40000","Open through qualifying website by September 30, 2026. Payroll/pension/government DD must each be at least $250; ordinary bank/P2P transfers do not qualify. Bonus by day180; account open/unrestricted for payout. Keep accounts six months or bank may recoup reward. Receive $500 checking DD within 60 days. Deposit $10,000 into new Signature Savings within 20 days; maintain at least $10,000 for 90 additional days from day20 (through day110; conservative first withdrawal day111). Account open/unrestricted at payout, by day180; retain six months to avoid clawback. Combined includes checking reward plus $200 savings; do not add components again.","https://www.td.com/us/en/personal-banking/checking-bonus/pso","https://www.td.com/us/en/personal-banking/checking-bonus/pso","2026-09-30","","","TD footprint CT/DC/DE/FL/MD/ME/MA/NC/NH/NJ/NY/PA/RI/SC/VT/VA subject to bank approval. No existing account of relevant kind, account closed in preceding 12 months, or prior bonus of same kind ever. Employees/Canadian cross-border customers excluded.","2026-09-09","","account_opening","https://www.td.com/us/en/personal-banking/savings-accounts/signature","","Savings $200 add-on retained in combined tiers. Savings rate not reliably established for required amount/location; generic 0.01% widget not attributed to savings. APY unknown; mixed savings/DD interest requires separate legs. Cumulative required DD modeled at 0% APY for seven days each, not a bank hold; no recycling. Ancillary opening/share funds separately disclosed. Correct live Signature rate page shows blank location-dependent APY/date; no location guessed. Savings monthly fee $15 waived with $10,000 daily balance or eligible linked checking.","","online","","unknown","","","186","1050000","","","","","","","no","https://www.doctorofcredit.com/in-branch-nyc-only-td-bank-400-checking-1000-savings/","2026-09-24","ChexSystems: No DoC article ChexSystems field, 2026-09-07. Two 2026 DoC TD personal articles say No and DoC's list has TD under 'Doesn't pull' (4 datapoints); the general $400 checking article lists Unknown rather than contradicting. Secondary reported screening, not a bank guarantee.","","",""
"td-beyond-signature-combined-500","TD Bank","Beyond Checking + Signature Savings","other","false","50000","Open through qualifying website by September 30, 2026. Payroll/pension/government DD must each be at least $250; ordinary bank/P2P transfers do not qualify. Bonus by day180; account open/unrestricted for payout. Keep accounts six months or bank may recoup reward. Receive $2,500 checking DD within 60 days. Deposit $10,000 into new Signature Savings within 20 days; maintain at least $10,000 for 90 additional days from day20 (through day110; conservative first withdrawal day111). Account open/unrestricted at payout, by day180; retain six months to avoid clawback. Combined includes checking reward plus $200 savings; do not add components again.","https://www.td.com/us/en/personal-banking/checking-bonus/pso","https://www.td.com/us/en/personal-banking/checking-bonus/pso","2026-09-30","","","TD footprint CT/DC/DE/FL/MD/ME/MA/NC/NH/NJ/NY/PA/RI/SC/VT/VA subject to bank approval. No existing account of relevant kind, account closed in preceding 12 months, or prior bonus of same kind ever. Employees/Canadian cross-border customers excluded.","2026-09-09","","account_opening","https://www.td.com/us/en/personal-banking/savings-accounts/signature","","Savings $200 add-on retained in combined tiers. Savings rate not reliably established for required amount/location; generic 0.01% widget not attributed to savings. APY unknown; mixed savings/DD interest requires separate legs. Cumulative required DD modeled at 0% APY for seven days each, not a bank hold; no recycling. Ancillary opening/share funds separately disclosed. Correct live Signature rate page shows blank location-dependent APY/date; no location guessed. Savings monthly fee $15 waived with $10,000 daily balance or eligible linked checking.","","online","","unknown","","","186","1250000","","","","","","","no","https://www.doctorofcredit.com/in-branch-nyc-only-td-bank-400-checking-1000-savings/","2026-09-24","ChexSystems: No DoC article ChexSystems field, 2026-09-07. Two 2026 DoC TD personal articles say No and DoC's list has TD under 'Doesn't pull' (4 datapoints); the general $400 checking article lists Unknown rather than contradicting. Secondary reported screening, not a bank guarantee.","","",""
"penn-community-checking-400-dd","Penn Community Bank","Free Checking Plus (DD route)","checking","false","40000","Open by September 12, 2026 using 400BONUS with $25. Within 60 days either receive $1,500 qualifying payroll/Social Security/pension/government DD OR complete 20 debit purchases of at least $20 each. Account open/active/good standing for bonus, paid within 45 days after qualification. Keep six months or bonus debited and termination fee may apply.","https://www.penncommunitybank.com/400bonusoffer/","https://www.penncommunitybank.com/400bonusoffer/","2026-09-12","0","","PA/NJ footprint; new checking only; no closure within preceding 12 months or prior new-checking incentive. One per household; business/municipal excluded.","2026-09-09","","account_opening","","","Alternative to debit route, not a second bonus. Cumulative required DD modeled at 0% APY for seven days each, not a bank hold; no recycling. Ancillary opening/share funds separately disclosed.","2500","online","","unknown","","","186","","","","","","","","yes","https://www.doctorofcredit.com/pa-only-penn-community-bank-350-checking-bonus-50-savings-direct-deposit-not-required/","2026-09-24","ChexSystems: Yes DoC article ChexSystems field, 2026-04-25. DoC fine print; comments report Chex denials. Secondary reported screening, not a bank guarantee.","","",""
"penn-community-checking-400-debit","Penn Community Bank","Free Checking Plus (debit route)","checking","false","40000","Open by September 12, 2026 using 400BONUS with $25. Within 60 days either receive $1,500 qualifying payroll/Social Security/pension/government DD OR complete 20 debit purchases of at least $20 each. Account open/active/good standing for bonus, paid within 45 days after qualification. Keep six months or bonus debited and termination fee may apply.","https://www.penncommunitybank.com/400bonusoffer/","https://www.penncommunitybank.com/400bonusoffer/","2026-09-12","0","","Same eligibility as DD route; one reward total, not stackable.","2026-09-09","","","","","20 purchases x $20 = $400 cumulative spending; spending consumes capital and does not establish held-principal denominator. $25 opening funding overlap not specified. No monthly-spend field used because window is 60 days, not a monthly minimum.","2500","online","","unknown","","","186","","","","","","","","yes","https://www.doctorofcredit.com/pa-only-penn-community-bank-350-checking-bonus-50-savings-direct-deposit-not-required/","2026-09-24","ChexSystems: Yes DoC article ChexSystems field, 2026-04-25. DoC fine print; comments report Chex denials. Secondary reported screening, not a bank guarantee.","","",""
"community-first-fl-checking-200","Community First Credit Union of Florida","First checking (FREECHECK)","checking","false","20000","Open first checking with FREECHECK online or mention offer in person. Deposit $1,000 or more total and complete ten qualifying debit purchases within 90 days. Keep open/good standing with at least $0.01 until reward posts around days91–97. Membership share $5.","https://www.communityfirstfl.org/offers/free-checking","https://www.communityfirstfl.org/offers/free-checking","","0","","First Community First checking ever; no existing or previously closed checking. FL county membership footprint and eligible relatives/employer groups (full issuer quote retained). One/member/account.","2026-09-09","","","","","Known $1,000 deposits; debit-spend minimum not stated; cannot establish complete capital via an assumed nominal purchase. $5 share separate; no full $1,000 hold specified.","0","online","","unknown","","","","unknown","","","","","","","yes","https://www.doctorofcredit.com/fl-only-community-first-credit-union-of-florida-100-checking-sign-up-bonus-no-bonus-requirements/#comment-2416882","2026-09-24","denies due to chex. Score: 602 DoC reader datapoints (article field unknown or absent), 2026-09-19. Article field is Unknown, but several recent comments report Chex-based denials with Chex scores cited (e.g. a 2026-03 denial email citing Chex score 784 on the older post). Secondary reported screening, not a bank guarantee.","$0.00: Checking only; excludes $5 membership share. $5.00: Separate required share savings initial deposit. $1,000.00: Total posted deposits; not payroll DD. $0.01: Checking must retain at least $0.01 through payout. Checking $0 opening, $5 required share, $1,000 deposits and $0.01 payout balance verified. Debit purchase dollars and overlap incomplete; preserve unknown total.","https://www.communityfirstfl.org/offers/free-checking","2026-09-22"
"bank-of-hawaii-convenience-100","Bank of Hawaii","Convenience Checking","checking","false","10000","Open new Convenience Checking with $500 during application; this opening deposit expressly does NOT count as qualifying DD. Receive $2,000 qualifying DD within 60 days. Convenience opening online only. Keep same product open/good standing through payout within 120 days; one checking bonus per customer, joint award counts for both. Early-closing fees within 180 days.","https://www.boh.com/personal/bank-accounts/pr/checking-offer","https://www.boh.com/personal/bank-accounts/pr/checking-offer","","500","$500 average daily ledger balance or $500 monthly DD.","New account required, no product conversion; one lifetime checking bonus per customer; cannot combine other checking promotion. Online physical-address rules and Hawaii/territory rates require confirmation.","2026-09-09","0","","https://www.boh.com/personal/bank-accounts/pr/checking-offer","2026-07-01","Live replaces stale extracted $400 Bankohana II/III with $300 Level I. Total capital explicitly includes separate $500 promotional opening deposit plus cumulative DD. Opening funds are not DD, so mixed model; opening-leg release date unknown. Bank labels opening day1; 60-day period retained in prose rather than guessed day0 offset. Cumulative required DD modeled at 0% APY for seven days each, not a bank hold; no recycling. Ancillary opening/share funds separately disclosed.","50000","online","","nationwide","","","","250000","","","","","","","yes","https://www.doctorofcredit.com/hi-bank-of-hawaii-200-savings-bonus/","2026-09-24","ChexSystems: Yes DoC article ChexSystems field, 2026-08-08. Field is from the savings bonus article; applied to the checking offers too (same personal side). DoC's ChexSystems list also lists Bank of Hawaii as does pull. Secondary reported screening, not a bank guarantee.","","",""
"bank-of-hawaii-bankohana-i-300","Bank of Hawaii","Bankohana Level I Checking","checking","false","30000","Open new Bankohana Level I Checking with $500 during application; this opening deposit expressly does NOT count as qualifying DD. Receive $3,500 qualifying DD within 60 days. Online or in branch; branch banker must opt in within 30 days. Keep same product open/good standing through payout within 120 days; one checking bonus per customer, joint award counts for both. Early-closing fees within 180 days.","https://www.boh.com/personal/bank-accounts/pr/checking-offer","https://www.boh.com/personal/bank-accounts/pr/checking-offer","","1500","$6,000 combined eligible balances.","New account required, no product conversion; one lifetime checking bonus per customer; cannot combine other checking promotion. Online physical-address rules and Hawaii/territory rates require confirmation.","2026-09-09","0.01","","https://www.boh.com/personal/bank-accounts/pr/checking-offer","2026-07-01","Live replaces stale extracted $400 Bankohana II/III with $300 Level I. Total capital explicitly includes separate $500 promotional opening deposit plus cumulative DD. Opening funds are not DD, so mixed model; opening-leg release date unknown. Bank labels opening day1; 60-day period retained in prose rather than guessed day0 offset. Cumulative required DD modeled at 0% APY for seven days each, not a bank hold; no recycling. Ancillary opening/share funds separately disclosed.","50000","online","","nationwide","","","","400000","","","","","","","yes","https://www.doctorofcredit.com/hi-bank-of-hawaii-200-savings-bonus/","2026-09-24","ChexSystems: Yes DoC article ChexSystems field, 2026-08-08. Field is from the savings bonus article; applied to the checking offers too (same personal side). DoC's ChexSystems list also lists Bank of Hawaii as does pull. Secondary reported screening, not a bank guarantee.","","",""
"arapahoe-referred-checking-100","Arapahoe Credit Union","Referred new member ($100 total)","checking","false","10000","Join via qualified member referral; open checking and debit card, make one debit transaction. Automatic review day60; may request payout after qualifying, or contact bank if qualifying after day60. Total includes base $100 and selected add-ons.","https://www.arapahoecu.org/creditunion/offers/referral.html","https://www.arapahoecu.org/creditunion/offers/referral.html","","","","CO membership eligibility; new referred members; one/person/membership; cannot combine other promotions. Existing-member referral earnings not included.","2026-09-09","","","","","Issuer explicitly authorizes these referral component combinations; not an uncertain external stack. $175 computed from $100 base+$75 DD without optional $25 app reward. Purchase and DD minimum amounts not specified, total capital unknown.","","online","","unknown","","","","unknown","","","","","","","yes","https://www.doctorofcredit.com/co-arapahoe-credit-union-200-referral-bonus/#comment-2280141","2026-09-24","Confirmed verbally with a banker that they do pull ChexSystems for new accounts. DoC reader datapoints (article field unknown or absent), 2026-03-19. DoC referral article lists ChexSystems: Unknown; single recent uncontradicted commenter datapoint (banker confirmation) says they pull Chex. Secondary reported screening, not a bank guarantee.","$5.00: Separate savings membership share, not checking opening minimum or DD. Campaign and $5 membership share verified; debit purchase dollar amount is unspecified. A complete funding total cannot be derived. Day 60 is an automatic review, not proof of funding duration; existing deadlines untouched.","https://www.arapahoecu.org/creditunion/offers/referral.html","2026-09-22"
"arapahoe-referred-checking-125","Arapahoe Credit Union","Referred new member ($125 total)","checking","false","12500","Join via qualified member referral; open checking and debit card, make one debit transaction. Fully register CardControl app for $25. Automatic review day60; may request payout after qualifying, or contact bank if qualifying after day60. Total includes base $100 and selected add-ons.","https://www.arapahoecu.org/creditunion/offers/referral.html","https://www.arapahoecu.org/creditunion/offers/referral.html","","","","CO membership eligibility; new referred members; one/person/membership; cannot combine other promotions. Existing-member referral earnings not included.","2026-09-09","","","","","Issuer explicitly authorizes these referral component combinations; not an uncertain external stack. $175 computed from $100 base+$75 DD without optional $25 app reward. Purchase and DD minimum amounts not specified, total capital unknown.","","online","","unknown","","","","unknown","","","","","","","yes","https://www.doctorofcredit.com/co-arapahoe-credit-union-200-referral-bonus/#comment-2280141","2026-09-24","Confirmed verbally with a banker that they do pull ChexSystems for new accounts. DoC reader datapoints (article field unknown or absent), 2026-03-19. DoC referral article lists ChexSystems: Unknown; single recent uncontradicted commenter datapoint (banker confirmation) says they pull Chex. Secondary reported screening, not a bank guarantee.","$5.00: Separate savings membership share, not checking opening minimum or DD. Campaign and $5 membership share verified; debit purchase dollar amount is unspecified. A complete funding total cannot be derived. Day 60 is an automatic review, not proof of funding duration; existing deadlines untouched.","https://www.arapahoecu.org/creditunion/offers/referral.html","2026-09-22"
"arapahoe-referred-checking-175","Arapahoe Credit Union","Referred new member ($175 total)","checking","false","17500","Join via qualified member referral; open checking and debit card, make one debit transaction. Receive initial electronic payroll direct deposit for $75; alternative qualifying loan not modeled. Automatic review day60; may request payout after qualifying, or contact bank if qualifying after day60. Total includes base $100 and selected add-ons.","https://www.arapahoecu.org/creditunion/offers/referral.html","https://www.arapahoecu.org/creditunion/offers/referral.html","","","","CO membership eligibility; new referred members; one/person/membership; cannot combine other promotions. Existing-member referral earnings not included.","2026-09-09","","","","","Issuer explicitly authorizes these referral component combinations; not an uncertain external stack. $175 computed from $100 base+$75 DD without optional $25 app reward. Purchase and DD minimum amounts not specified, total capital unknown. Cumulative required DD modeled at 0% APY for seven days each, not a bank hold; no recycling. Ancillary opening/share funds separately disclosed.","","online","","unknown","","","","unknown","","","","","","","yes","https://www.doctorofcredit.com/co-arapahoe-credit-union-200-referral-bonus/#comment-2280141","2026-09-24","Confirmed verbally with a banker that they do pull ChexSystems for new accounts. DoC reader datapoints (article field unknown or absent), 2026-03-19. DoC referral article lists ChexSystems: Unknown; single recent uncontradicted commenter datapoint (banker confirmation) says they pull Chex. Secondary reported screening, not a bank guarantee.","$5.00: Separate savings membership share, not checking opening minimum or DD. Campaign and $5 membership share verified; debit purchase dollar amount is unspecified and initial payroll DD amount is unspecified. A complete funding total cannot be derived. Day 60 is an automatic review, not proof of funding duration; existing deadlines untouched.","https://www.arapahoecu.org/creditunion/offers/referral.html","2026-09-22"
"arapahoe-referred-checking-200","Arapahoe Credit Union","Referred new member ($200 total)","checking","false","20000","Join via qualified member referral; open checking and debit card, make one debit transaction. Fully register CardControl app for $25. Receive initial electronic payroll direct deposit for $75; alternative qualifying loan not modeled. Automatic review day60; may request payout after qualifying, or contact bank if qualifying after day60. Total includes base $100 and selected add-ons.","https://www.arapahoecu.org/creditunion/offers/referral.html","https://www.arapahoecu.org/creditunion/offers/referral.html","","","","CO membership eligibility; new referred members; one/person/membership; cannot combine other promotions. Existing-member referral earnings not included.","2026-09-09","","","","","Issuer explicitly authorizes these referral component combinations; not an uncertain external stack. $175 computed from $100 base+$75 DD without optional $25 app reward. Purchase and DD minimum amounts not specified, total capital unknown. Cumulative required DD modeled at 0% APY for seven days each, not a bank hold; no recycling. Ancillary opening/share funds separately disclosed.","","online","","unknown","","","","unknown","","","","","","","yes","https://www.doctorofcredit.com/co-arapahoe-credit-union-200-referral-bonus/#comment-2280141","2026-09-24","Confirmed verbally with a banker that they do pull ChexSystems for new accounts. DoC reader datapoints (article field unknown or absent), 2026-03-19. DoC referral article lists ChexSystems: Unknown; single recent uncontradicted commenter datapoint (banker confirmation) says they pull Chex. Secondary reported screening, not a bank guarantee.","$5.00: Separate savings membership share, not checking opening minimum or DD. Campaign and $5 membership share verified; debit purchase dollar amount is unspecified and initial payroll DD amount is unspecified. A complete funding total cannot be derived. Day 60 is an automatic review, not proof of funding duration; existing deadlines untouched.","https://www.arapahoecu.org/creditunion/offers/referral.html","2026-09-22"
"blaze-free-checking-250","Blaze Credit Union","Free Checking","checking","false","25000","Open with $100; $250 deposited immediately. Within 60 calendar days set up automatic payment OR direct deposit and make six debit card transactions excluding ATMs. Keep account open six months or bank may reclaim $250.","https://blazecu.com/personal/spend/free-checking","https://blazecu.com/personal/spend/free-checking","","0","","No Blaze checking relationship in last 12 months; membership eligibility (MN discovery). Also offered on Pathfinder Checking for eligible teens; same bonus, not additive.","2026-09-09","0","","https://blazecu.com/personal/spend/free-checking","","Free Checking explicitly does not earn dividends. Automatic payment/debit-spend minimums unknown; do not treat $100 opening alone as total required capital or six-month full-balance hold.","10000","online","","unknown","","","186","","","","","","","","yes","https://www.doctorofcredit.com/mn-blaze-credit-union-150-checking-bonus-direct-deposit-not-required/#comment-2382936","2026-09-24","Your membership request has been declined due to recent excessive credit or ChexSystems inquiries. DoC reader datapoints (article field unknown or absent), 2026-08-05. Article field is Unknown, but many comments (2024-2026) report Chex inquiries and Chex-based denials; DoC added Blaze to its Chex-sensitive list. Secondary reported screening, not a bank guarantee.","$100.00: Checking minimum opening deposit, not DD or total capital. $10.00: Fee schedule states par value of one share $10; purchase/maintenance applicability needs membership agreement, not automatically an added balance step. Checking $100 opening verified. Automatic payment OR DD and six debit transactions have unspecified amounts; share schedule states $10 par value but full membership funding conditions not established. Opening minimum alone is not complete capital.","https://blazecu.com/personal/spend/free-checking","2026-09-22"
"ent-wings-rockon-checking-200","Wings Credit Union (dba Ent Credit Union)","No Strings Checking","checking","false","20000","Open savings with $5 minimum; open No Strings Checking using ROCKON. Within 30 days deposit $100 checking and activate debit card. Bonus to primary savings within two business days after requirements. Hold $5 savings share and remain good standing.","https://www.ent.com/campaigns/red-rocks/","https://www.ent.com/campaigns/red-rocks/","2026-12-31","0","","New/existing members 18+ primary owner, US taxpayer ID; no preexisting Wings checking or previous Wings checking reward. CO membership/branch footprint; no combining.","2026-09-09","0.05","account_opening","https://www.ent.com/rates/","","Checking and savings both 0.05% APY observed on official rates page; no rate effective date shown, apy_as_of blank. $105 total includes separate share. No full $100 hold stated, but $5 share required and exact first release date unspecified; do not equate payout or 30-day funding window to hold.","","online","","unknown","","","","10500","","","","","","","yes","https://www.doctorofcredit.com/co-only-ent-credit-union-200-checking-bonus-direct-deposit-not-required-2/","2026-09-24","ChexSystems: Yes DoC article ChexSystems field, 2026-05-30. DoC fine print for the Ent $200 checking bonus; Ent is also on DoC's does-pull list. Secondary reported screening, not a bank guarantee.","","",""
"cornerstone-community-financial-credit-union-checking-300","Cornerstone Community Financial Credit Union","Rewards Checking","checking","false","30000","Earn $100 in each of the first three full calendar months: monthly DD $500+, 10 signature debit purchases, one online/mobile login, eStatements. Each reward paid the following month.","https://www.ccfinancial.com/move","https://www.ccfinancial.com/move","","","","MI/OH discovery geography; membership eligibility required.","2026-09-09","","","","","Known cumulative DD leg $1,500; transaction spend unspecified, total capital unknown. Bonus uses 10 transactions, separate reward APY requires 18. $100/$200 are partial completion payments, not separate enrollment tiers.","","online","","unknown","","","","unknown","","","","","","","yes","https://www.doctorofcredit.com/mi-oh-cornerstone-community-financial-credit-union-300-checking-bonus/#comment-2350654","2026-09-24","I had my Chex frozen and they called and said I needed to unfreeze it to finish the application DoC reader datapoints (article field unknown or absent), 2026-06-23. DoC article field says ChexSystems: Unknown (hard pull); a June 2026 commenter was told to unfreeze Chex to finish the application. Another comment says not Chex sensitive (sensitivity, not pull). Secondary reported screening, not a bank guarantee.","$1,500.00: $500 monthly DD for first three full calendar months, cumulative $1,500. $1.00: Current savings page says start membership regular savings with $1; old indexed $10 page not used. Monthly $500 DD leg verified, but 10 monthly card transactions have unspecified dollars; checking opening minimum and share retention/overlap not established. Keep explicit unknown total.","https://www.ccfinancial.com/move","2026-09-22"
"propell-credit-union-checking-250","Propell Credit Union","iSAVE Free Checking","checking","false","25000","Match first employer/payroll/benefits ACH direct deposit up to $250 when posted within 30 days of opening. Bonus paid within 45 days of opening. iSAVE Savings required.","https://www.propellcu.org/direct-deposit-250-match","https://www.propellcu.org/direct-deposit-250-match","","","","Age 18+; no existing Propell checking. PA membership/in-branch discovery restriction requires confirmation.","2026-09-09","","account_opening","","","Maximum $250 match tier requires $250 first DD. Smaller deposits earn dollar-for-dollar smaller bonuses, not additional fixed tiers. DD modeled at 0% seven days per deposit; savings opening amount unknown.","","online","","unknown","","","","","","","","","","","yes","https://www.doctorofcredit.com/pa-only-propell-credit-union-150-checking-bonus/","2026-09-24","ChexSystems: Yes DoC article ChexSystems field, 2026-07-02. DoC fine print for the Propell $250 checking bonus. Secondary reported screening, not a bank guarantee.","","",""
"summit-wi-checking-100","Summit Credit Union","Free Checking branch opening offer","checking","false","10000","Open first checking at Howard, Oneida St-Ashwaubenon, Plover, Sheboygan, Weston or West Bend by September 30. $100 paid at opening cannot fund the account. Primary Savings required.","https://summitcreditunion.com/_docs/truth-in-savings.pdf","https://summitcreditunion.com/_docs/truth-in-savings.pdf","2026-09-30","0","","First checking; no signer with existing consumer checking, closure or promotional premium in past 24 months; no charge-offs/trust/estate; cannot combine offers.","2026-09-09","","","","","Additional $1 Primary Savings opening amount. No promotional minimum balance; do not manufacture capital or holding interval.","2500","branch_only","","unknown","","","","2600","","","","","","","unknown","","","","$25.00: Free Checking minimum; not bonus-funded. Other checking products can differ. $1.00: Required Primary Savings opening amount; $25 dividend threshold is not membership funding. $26.00: Complete opening funding for Free Checking plus required Primary Savings path; no hold period inferred. For the existing $25 Free Checking opening path, checking $25 plus mandatory Primary Savings $1 are distinct accounts. $100 bonus cannot fund account; no promotional balance required.","https://summitcreditunion.com/_docs/truth-in-savings.pdf","2026-09-22"
"summit-wi-checking-200","Summit Credit Union","Free Checking debit promotion","checking","false","20000","Open checking with debit card at participating branches or online when receiving promotional offer; make 20 qualifying debit purchases excluding ATM within 60 days. Bonus within 90 days. Primary Savings required.","https://summitcreditunion.com/_docs/truth-in-savings.pdf","https://summitcreditunion.com/_docs/truth-in-savings.pdf","","0","","WI participating branches: Black Business Hub, Brookfield, Cedarburg, Greenfield Ave-West Allis, Hartford, Howard, Kenosha, New Berlin, Oak Creek, Oneida St-Ashwaubenon, Plover, Sheboygan, Walkers Point, Wauwatosa, West Bend, Weston. First checking; no existing signer checking, closure or promotional premium past 24 months. Cannot combine $100 offer.","2026-09-09","","","","","Spend amounts unknown; additional $1 Primary Savings. PDF effective 08.18.2026; $200 promotion starts March 2, no stated end.","2500","online","","unknown","","","","unknown","","","","","","","unknown","","","","$25.00: Free Checking minimum; not bonus-funded. Other checking products can differ. $1.00: Required Primary Savings opening amount; $25 dividend threshold is not membership funding. For the existing $25 Free Checking opening path, checking $25 plus mandatory Primary Savings $1 are distinct accounts. $100 bonus cannot fund account; no promotional balance required. $200 tier also requires 20 purchases with unstated dollar amounts; total cannot be $26 or just $1.","https://summitcreditunion.com/_docs/truth-in-savings.pdf","2026-09-22"
"jovia-financial-credit-union-checking-150","Jovia Financial Credit Union","CareFree or Go Green Checking","checking","false","15000","First checking; receive three recurring qualifying DDs each at least $500 within 90 days; enroll in paperless statements. Bonus posts 30 days after requirements met.","https://www.jovia.org/personal-banking/spend-save/checking","https://www.jovia.org/personal-banking/spend-save/checking","","","","Membership eligibility; no current or prior checking; employees/volunteers/affiliates and immediate families excluded.","2026-09-09","","account_opening","","","Cash amount verified in current issuer auto-payoff article; requirements corroborated checking/promotions disclosures. Browser Cloudflare blocked. Old DoC $100 DD is not current. DD 0%, seven days each.","","online","","unknown","","","","","","","","","","","yes","https://www.doctorofcredit.com/ny-only-jovia-financial-credit-union-125-checking-bonus/","2026-09-24","I know for a fact they gobbled up my P1/P2’s Chex when we joined. DoC reader datapoints (article field unknown or absent), 2024-07-23. DoC field is Unknown. Comments report Chex pulls and denials, including a Sept 2025 denial citing Chex reasons, and DoC's Chex list has Jovia under 'Does pull'. There is one second-hand report of an opening with Chex frozen. Secondary reported screening, not a bank guarantee.","","",""
"grow-financial-federal-credit-union-checking-300","Grow Financial Federal Credit Union","CashBack or Checkless Checking","checking","false","30000","Receive two new qualifying recurring DDs each $500 within 90 days; register online and mobile banking within 90 days. Bonus within 90 days of qualifying. Basic Savings required.","https://www.growfinancial.org/checking300/?gad_source=1&gad_campaignid=23086825878","https://www.growfinancial.org/checking300/?gad_source=1&gad_campaignid=23086825878","","","","18+ primary member; no existing or previously closed Grow checking; one checking promotion per calendar year; membership required.","2026-09-09","","account_opening","","","Live browser corrected corrupt cross-bank extraction. New membership requires additional $1 Basic Savings; not recycled into DD model. DD 0%, seven days each.","","online","","unknown","","","","","","","","","","","yes","https://www.doctorofcredit.com/fl-sc-grow-financial-federal-credit-union-300-checking-bonus/","2026-09-24","Chex Inquiry : Yes DoC article ChexSystems field, 2026-01-08. DoC $300 checking article field says Yes; DoC's list also says Grow does pull per information given by the credit union. Secondary reported screening, not a bank guarantee.","","",""
"kitsap-credit-union-checking-330","Kitsap Credit Union","Peak Account","checking","false","33000","Open online July 1–December 16, 2026 with code prefix 330; eStatements and two separate qualifying ACH DDs each GREATER THAN $330 within 90 days. Bonus to primary savings within 30 business days after completion.","https://kitsapcu.org/personal/checking/peak-account-promotion/?referralsource=330","https://kitsapcu.org/personal/checking/peak-account-promotion/?referralsource=330","2026-12-16","","","No current Peak account, closure past 12 months, or Peak account previously awarded promotional credit. One per primary member; closure within 90 days may forfeit.","2026-09-09","","account_opening","","","Strict greater-than $330 means minimum $330.01 in integer cents, cumulative $660.02. DD 0% seven days each; separate $25 opening requirement. APY qualifications are separate from bonus.","2500","online","","unknown","","","90","","","","","","","","yes","https://www.doctorofcredit.com/wa-kitsap-credit-union-150-checking-bonus/#comment-1878674","2026-09-24","Yes, I can confirm that they pull Chex. DoC reader datapoints (article field unknown or absent), 2024-07-20. Both DoC articles (2023, 2026) say Unknown; comment on the older post confirms a Chex pull and 2026 comments report being asked to unfreeze Chex / Chex-related denials. Secondary reported screening, not a bank guarantee.","","",""
"cefcu-checking-200","CEFCU","Checking","checking","false","20000","Open first checking with $25 and enroll Savings eStatements by 2026-12-31. Base reward: first full calendar month meet $500 total DD OR five $15+ debit purchases OR $5,000 individual/$10,000 household balance. Reward paid to savings 4–6 weeks after applicable qualification period; account good standing at payout.","https://www.cefcu.com/promos/checkingbonus","https://www.cefcu.com/promos/checkingbonus","2026-12-31","0","","Age 13+, valid SSN/ITIN, never previously CEFCU checking; no business/specialty accounts; membership eligible. General offer; cannot stack California variant.","2026-09-09","","","","","Modeled minimum debit route; opening $25 can fund purchases, not double-counted. Alternative DD/balance routes in requirements. Base and combined rows are mutually exclusive. Live California disclosure is September–December; extractor incorrectly showed June–August.","2500","online","","unknown","","","","7500","","","","","","","yes","https://www.doctorofcredit.com/il-or-ca-only-cefcu-125-checking-bonus-direct-deposit-not-required/","2026-09-24","ChexSystems: Yes DoC article ChexSystems field, 2026-09-03. DoC fine print for the IL/CA CEFCU checking bonus (covers both IL and CA offers). Secondary reported screening, not a bank guarantee.","","",""
"cefcu-checking-225","CEFCU","Checking","checking","false","22500","Open first checking with $25 and enroll Savings eStatements by 2026-12-31. Base reward: first full calendar month meet $500 total DD OR five $15+ debit purchases OR $5,000 individual/$10,000 household balance. For additional $25 make five $15+ debit purchases in each of first three full calendar months. Reward paid to savings 4–6 weeks after applicable qualification period; account good standing at payout.","https://www.cefcu.com/promos/checkingbonus","https://www.cefcu.com/promos/checkingbonus","2026-12-31","0","","Age 13+, valid SSN/ITIN, never previously CEFCU checking; no business/specialty accounts; membership eligible. General offer; cannot stack California variant.","2026-09-09","","","","","Modeled minimum debit route; opening $25 can fund purchases, not double-counted. Alternative DD/balance routes in requirements. Base and combined rows are mutually exclusive. Live California disclosure is September–December; extractor incorrectly showed June–August.","2500","online","","unknown","","","","22500","","","","","","","yes","https://www.doctorofcredit.com/il-or-ca-only-cefcu-125-checking-bonus-direct-deposit-not-required/","2026-09-24","ChexSystems: Yes DoC article ChexSystems field, 2026-09-03. DoC fine print for the IL/CA CEFCU checking bonus (covers both IL and CA offers). Secondary reported screening, not a bank guarantee.","","",""
"cefcu-california-checking-250","CEFCU","Checking California","checking","false","25000","Open first checking with $25 and enroll Savings eStatements by 2026-12-31. Base reward: first full calendar month meet $500 total DD OR five $15+ debit purchases OR $5,000 individual/$10,000 household balance. Reward paid to savings 4–6 weeks after applicable qualification period; account good standing at payout.","https://www.cefcu.com/promos/specialpricing","https://www.cefcu.com/promos/specialpricing","2026-12-31","0","","Age 13+, valid SSN/ITIN, never previously CEFCU checking; no business/specialty accounts; membership eligible. California residents only.","2026-09-09","","","","","Modeled minimum debit route; opening $25 can fund purchases, not double-counted. Alternative DD/balance routes in requirements. Base and combined rows are mutually exclusive. Live California disclosure is September–December; extractor incorrectly showed June–August.","2500","online","","included_states","CA","","","7500","","","","","","","yes","https://www.doctorofcredit.com/il-or-ca-only-cefcu-125-checking-bonus-direct-deposit-not-required/","2026-09-24","ChexSystems: Yes DoC article ChexSystems field, 2026-09-03. DoC fine print for the IL/CA CEFCU checking bonus (covers both IL and CA offers). Secondary reported screening, not a bank guarantee.","","",""
"cefcu-california-checking-275","CEFCU","Checking California","checking","false","27500","Open first checking with $25 and enroll Savings eStatements by 2026-12-31. Base reward: first full calendar month meet $500 total DD OR five $15+ debit purchases OR $5,000 individual/$10,000 household balance. For additional $25 make five $15+ debit purchases in each of first three full calendar months. Reward paid to savings 4–6 weeks after applicable qualification period; account good standing at payout.","https://www.cefcu.com/promos/specialpricing","https://www.cefcu.com/promos/specialpricing","2026-12-31","0","","Age 13+, valid SSN/ITIN, never previously CEFCU checking; no business/specialty accounts; membership eligible. California residents only.","2026-09-09","","","","","Modeled minimum debit route; opening $25 can fund purchases, not double-counted. Alternative DD/balance routes in requirements. Base and combined rows are mutually exclusive. Live California disclosure is September–December; extractor incorrectly showed June–August.","2500","online","","included_states","CA","","","22500","","","","","","","yes","https://www.doctorofcredit.com/il-or-ca-only-cefcu-125-checking-bonus-direct-deposit-not-required/","2026-09-24","ChexSystems: Yes DoC article ChexSystems field, 2026-09-03. DoC fine print for the IL/CA CEFCU checking bonus (covers both IL and CA offers). Secondary reported screening, not a bank guarantee.","","",""
"u-of-i-community-credit-union-checking-150","U of I Community Credit Union","Checking","checking","false","15000","Open through checking-specific promotional page link April 15–September 30, 2026; 30 debit purchases and Digital Banking login within 60 days; minimum opening deposit required but not quantified. Bonus within 90 days; account good standing.","https://www.uoficreditunion.org/grad-combo-promo/","https://www.uoficreditunion.org/grad-combo-promo/","2026-09-30","","","No checking past 24 months or previously received checking promotion; one per member; membership required.","2026-09-09","","","","","Spend and minimum deposit unknown. Separate credit-card $150 and first-year $150 cashback match are not bank-account cash tiers, excluded from this bank feed.","","online","","unknown","","","","unknown","","","","","","","yes","https://www.doctorofcredit.com/il-only-u-of-i-community-credit-union-150-checking-bonus-direct-deposit-not-required/","2026-09-24","ChexSystems: Yes DoC article ChexSystems field, 2026-08-01. DoC fine print for the U of I Community CU $150 checking bonus. Secondary reported screening, not a bank guarantee.","$1.00: Share Savings $1 opening and minimum balance $0.00: Both listed checking products have no minimum opening deposit; generic offer product must be confirmed Campaign requires membership and a required minimum deposit without a number. Current rate table resolves iChecking/Loyalty checking opening minimum to zero and Share Savings opening/retained minimum to $1. Generic Checking row does not specify product, so retain its opening field pending product selection; add the required membership share. Thirty debit-purchase dollars remain unknown, so total stays unknown.","https://www.uoficreditunion.org/grad-combo-promo/","2026-09-22"
"reliant-community-credit-union-checking-150","Reliant Community Credit Union","Checking","checking","false","15000","Code RELIANT2026; open checking with $100 and maintain $100 average daily balance at least 90 days. Enroll online banking, eStatements and DD. Bonus within 100 days of account opening, provided DD is received/verified and the $100 average daily balance is maintained for at least90 days.","https://www.reliantcu.com/personal/loans/home/business-development/","https://www.reliantcu.com/personal/loans/home/business-development/","2026-12-31","","","18+ new member; no account past 24 months; one incentive; cannot combine with other offers.","2026-09-09","","","","","DD amount/count unspecified; cumulative capital unknown. Average balance timing/first safe withdrawal and APY not verified; no invented interest. Advertised DoC $25 referral stack prohibited by current cannot-combine disclosure. Quality review: payout clock is account opening, not the date requirements are verified.","10000","online","","unknown","","","","unknown","","","","","","","yes","https://www.doctorofcredit.com/ny-reliant-community-credit-union-150-checking-bonus-25-referral-bonus/#comment-2360344","2026-09-24","Does Pull Chex (1/2,2/6). DoC reader datapoints (article field unknown or absent), 2026-07-06. Article field Unknown; recent comment datapoint reports a Chex pull (an older 2020 comment also reports Chex sensitivity). Secondary reported screening, not a bank guarantee.","$100.00: Opening deposit also specified as average daily balance threshold; not two additive $100 legs. $100.00: Average daily checking balance for at least90 days. Checking opening/balance $100 verified; required DD amount unspecified and complete mixed-leg funding cannot be calculated.","https://www.reliantcu.com/personal/loans/home/business-development/","2026-09-22"
"desert-financial-credit-union-checking-100","Desert Financial Credit Union","Free Checking or Desert Connect","checking","false","10000","Obtain referral promotional link, mention offer by phone, or present completed referral form in branch. Membership Savings $25; within 90 days make 30 posted checking transactions and receive qualifying DD. Bonus no later than 10 business days in month after 90-day period.","https://www.desertfinancial.com/-/media/desert-financial/files/refer-a-friend.ashx","https://www.desertfinancial.com/-/media/desert-financial/files/refer-a-friend.ashx","","","","18+, valid US TIN/SSN; referrer membership predates new member (not same day); no existing primary/joint checking or savings, primary closure past 12 months, employees/affiliates and immediate family. No combined opening offers.","2026-09-09","","","","","Issuer PDF revision 03/06/2026 confirms $100 cash for each party; only new-member bonus counted. DD amount and transaction spend unspecified, total capital unknown.","2500","online","","unknown","","","","unknown","","","","","","","yes","https://www.doctorofcredit.com/az-only-desert-financial-credit-union-100-referral-bonus-for-both-parties/","2026-09-24","They pull Chex and EWS. DoC reader datapoints (article field unknown or absent), 2025-04-18. DoC field says Unknown (the article is from 2023). Comments from 2022-2025 consistently say they pull Chex, with Chex denials in 2024-2025. Secondary reported screening, not a bank guarantee.","$25.00: Membership Savings minimum balance. Membership Savings $25 maintained minimum verified; required qualifying DD has no dollar threshold and 30 checking transactions have no spend minimum. Unknown total cannot be replaced by share alone.","https://www.desertfinancial.com/-/media/desert-financial/files/refer-a-friend.ashx","2026-09-22"
"community-choice-credit-union-checking-100","Community Choice Credit Union","Referred membership checking","checking","false","10000","Valid referral; keep account open/good standing 60 days and complete $300 total DD OR 20 combined debit/credit Mastercard transactions within 60 days. Bonus Monday following day60 into checking (savings if no checking).","https://www.communitychoicecu.com/who-we-are/locations/redford/","https://www.communitychoicecu.com/who-we-are/locations/redford/","","","","18+, membership eligible; no combining promotions. Referring member must be 18+ with checking in good standing.","2026-09-09","","account_opening","","","DD route modeled cumulative $300, 0% seven days each; DD count unspecified. Alternative transaction route amount unknown. Referrer $100 not included. Homepage confirms $100 for both; branch page supplies exact terms.","","online","","unknown","","","60","","","","","","","","unknown","","","","","",""
"america-first-credit-union-checking-150","America First Credit Union","Savings plus Checking","checking","false","15000","Open savings and add checking. Bonus within 60 days of meeting requirements. Accounts must not close or transfer within 12 months or bonus forfeited.","https://www.americafirst.com/350-offer.html","https://www.americafirst.com/350-offer.html","","","","Current $350 page restricts new members to AZ/NV, unlike broader DoC title. Primary ownership past 12 months; employees, volunteers, business/secondary/special accounts ineligible.","2026-09-09","","","","","Savings $1 opening; no promotional capital hold. $150 base and $350 combined are mutually exclusive.","100","","","included_states","AZ;NV","","372","unknown","","","","","","","yes","https://www.doctorofcredit.com/ut-nv-az-id-or-nm-ca-america-first-credit-union-150-savings-200-checking-bonus/#comment-2350854","2026-09-24","They do pull Chex, and the system flagged my account immediately. DoC reader datapoints (article field unknown or absent), 2026-06-23. DoC article field says ChexSystems: Unknown (hard pull); a June 2026 commenter on the same offer reports Chex was pulled and flagged, and another reports unfreezing Chex for the application. Secondary reported screening, not a bank guarantee.","$1.00: Savings minimum deposit $1; checking opening amount unspecified. $1,000.00: $1,000 DD only earns additional $200 tier, not required for this $150 tier. Savings $1 verified; base $150 needs savings plus checking only, not optional DD. Checking comparison confirms no monthly/low-balance fee but not opening funding; total cannot be certified as $1.","https://www.americafirst.com/350-offer.html","2026-09-22"
"america-first-credit-union-checking-350","America First Credit Union","Savings plus Checking with DD","checking","false","35000","Open savings and checking; receive at least $1,000 qualifying DD within 60 days for $200 additional to $150 opening reward. Bonus within 60 days of meeting requirements. Keep accounts 12 months.","https://www.americafirst.com/350-offer.html","https://www.americafirst.com/350-offer.html","","","","New members AZ/NV; primary account ownership past 12 months and employees/volunteers/business/secondary/special accounts ineligible.","2026-09-09","","account_opening","","","Cumulative DD $1,000, 0% seven days each; count unknown. $1 savings ancillary. Do not stack with $150 base row.","100","","","included_states","AZ;NV","","372","","","","","","","","yes","https://www.doctorofcredit.com/ut-nv-az-id-or-nm-ca-america-first-credit-union-150-savings-200-checking-bonus/#comment-2350854","2026-09-24","They do pull Chex, and the system flagged my account immediately. DoC reader datapoints (article field unknown or absent), 2026-06-23. DoC article field says ChexSystems: Unknown (hard pull); a June 2026 commenter on the same offer reports Chex was pulled and flagged, and another reports unfreezing Chex for the application. Secondary reported screening, not a bank guarantee.","","",""
"hawthorn-bank-checking-300","Hawthorn Bank","Free Checking","checking","false","30000","Open in branch with code 2026Cash300 by September30; two or more DDs totaling $500 within 90 days. Bonus 2–6 weeks after full 90-day qualification. Keep positive balance/good standing at payout.","https://www.hawthornbank.com/earn-300-when-you-open-an-account","https://www.hawthornbank.com/earn-300-when-you-open-an-account","2026-09-30","0","Avoid $3 paper fee with eStatements and active online banking login every 120 days; images cost $2. $50 early close within90 days.","Not existing checking customer; MO/KS discovery footprint, branch opening required.","2026-09-09","","account_opening","","","Total $500 across at least two DDs, NOT $500 each. DD model 0% seven days each. $25 opening ancillary; overlap with DD not assumed.","2500","branch_only","","unknown","","","","","","","","","","","yes","https://www.doctorofcredit.com/mo-ks-only-hawthorn-bank-300-checking-bonus/#comment-2037845","2026-09-24","They do pull chex. DoC reader datapoints (article field unknown or absent), 2025-04-04. DoC article lists ChexSystems: Unknown; multiple commenters (2024-2026) report Chex pulled / must thaw Chex / Chex-based denial. Secondary reported screening, not a bank guarantee.","","",""
"service-1st-federal-credit-union-checking-150","Service 1st Federal Credit Union","Checking","checking","false","15000","Mention offer at opening; enroll debit card, Digital Banking, eStatements; debit transaction within 30 days of MEMBERSHIP opening. Bonus within90 business days of qualification. Keep checking six months or clawback. Savings $5 plus $1 membership fee.","https://service1.org/promo-landing-pages/tick-tock!-checking","https://service1.org/promo-landing-pages/tick-tock!-checking","2026-12-31","0","","18+ member in good standing, no existing Service1st checking, personal only, one per member. May combine only Refer-a-Friend.","2026-09-09","","","","","Debit amount unspecified. Membership and checking opening anchors differ; no guessed single timeline. Base and combined rows mutually exclusive.","","online","","unknown","","","186","unknown","","","","","","","yes","https://www.doctorofcredit.com/pa-service-1st-federal-credit-union-300-checking-bonus/#comment-2385512","2026-09-24","My Chex now shows they did inquire, but it’s listed under “Inquiries viewed by only you”. DoC reader datapoints (article field unknown or absent), 2026-08-08. DoC article field says ChexSystems: Unknown; an Aug 2026 commenter found a Service 1st Chex inquiry, and a 2024 comment reports a denial due to Chex. Secondary reported screening, not a bank guarantee.","$5.00: Required savings minimum balance $1.00: Nonreturnable membership cost, not deposit capital Savings membership balance must be modeled separately; $1 membership fee is a cost, not capital. Required debit dollar amount unknown. No complete denominator.","https://service1.org/promo-landing-pages/tick-tock!-checking","2026-09-22"
"service-1st-federal-credit-union-checking-300","Service 1st Federal Credit Union","Checking","checking","false","30000","Mention offer at opening; enroll debit card, Digital Banking, eStatements; debit transaction within 30 days of MEMBERSHIP opening. Establish recurring qualifying DD at least $250 within30 days of CHECKING opening for additional $150. Bonus within90 business days of qualification. Keep checking six months or clawback. Savings $5 plus $1 membership fee.","https://service1.org/promo-landing-pages/tick-tock!-checking","https://service1.org/promo-landing-pages/tick-tock!-checking","2026-12-31","0","","18+ member in good standing, no existing Service1st checking, personal only, one per member. May combine only Refer-a-Friend.","2026-09-09","","","","","Debit amount unspecified. Recurring DD count unspecified, cumulative capital unknown. Membership and checking opening anchors differ; no guessed single timeline. Base and combined rows mutually exclusive.","","online","","unknown","","","186","unknown","","","","","","","yes","https://www.doctorofcredit.com/pa-service-1st-federal-credit-union-300-checking-bonus/#comment-2385512","2026-09-24","My Chex now shows they did inquire, but it’s listed under “Inquiries viewed by only you”. DoC reader datapoints (article field unknown or absent), 2026-08-08. DoC article field says ChexSystems: Unknown; an Aug 2026 commenter found a Service 1st Chex inquiry, and a 2024 comment reports a denial due to Chex. Secondary reported screening, not a bank guarantee.","$5.00: Required savings minimum balance $1.00: Nonreturnable membership cost, not deposit capital $250.00: Regular per-deposit minimum; not complete cumulative total Savings membership balance must be modeled separately; $1 membership fee is a cost, not capital. Required debit dollar amount unknown. $250 regular DD is a per-item minimum, not cumulative funding; recurrence count unstated. No complete denominator.","https://service1.org/promo-landing-pages/tick-tock!-checking","2026-09-22"
"1st-advantage-federal-credit-union-checking-200","1st Advantage Federal Credit Union","Free Advantage Checking","checking","false","20000","Code CHECKING200; eStatements; monthly recurring DD; $200 debit purchases within60 days. Keep account open/good standing90 days; bonus reviewed and paid days60–90.","https://www.1stadvantage.org/checkingoffer/","https://www.1stadvantage.org/checkingoffer/","","0","","No current 1st Advantage checking. Membership eligibility; High-Yield Checking is separate offer, not bonus eligible.","2026-09-09","","","","","DD amount/count unspecified so cumulative capital unknown; known debit spend $200 within60 days (not per month). $15 early close fee inside90 days.","0","online","","unknown","","","90","","","","","","","","yes","https://www.doctorofcredit.com/va-only-1st-advantage-federal-credit-union-100-checking-bonus/","2026-09-24","ChexSystems: Yes DoC article ChexSystems field, 2026-03-21. DoC fine print for the $200 checking bonus; comments include a July 2025 denial due to Chex, consistent with the field. Secondary reported screening, not a bank guarantee.","$200.00: Spend at least $200 total within 60 days, not monthly. $0.00: Free Advantage product explicitly no minimum opening deposit; not universal to all offered products or membership. Known $200 spend cannot resolve unspecified monthly DD amount/count and membership funding. Preserve total unknown; do not infer three DD cycles from 90-day account age.","https://www.1stadvantage.org/checkingoffer/","2026-09-22"
"california-coast-credit-union-checking-100","California Coast Credit Union","Free Checking with eStatements","checking","false","10000","Code RESET; within60 days open eligible checking, enroll eStatements, maintain $50 and set up DD OR Online/Mobile Banking OR Bill Pay. Incentives paid savings within120 days after qualifications.","https://www.calcoastcu.org/200","https://www.calcoastcu.org/200","","150","Waived with eStatements (required), $250 monthly DD, age18 or younger or62+.","New members age13+;13–15 guardian joint; membership eligible; employees excluded; offers cannot combine. $5 membership fee may apply. Live/work San Diego, Riverside, Imperial, Orange, Los Angeles, Ventura or San Bernardino counties.","2026-09-09","0","","https://calcoastcu.org/checking","2026-09-08","Maintain $50 duration/first safe withdrawal unspecified; no fabricated interest. Additional advertised $50 requires REFERRING another person, not own opening bonus; excluded from own $150 maximum. Base/combined mutually exclusive. Live comparison confirms no dividends (0%); rate date September8,2026.","2500","online","","included_states","CA","Membership: live or work in San Diego, Riverside, Imperial, Orange, Los Angeles, Ventura or San Bernardino County","","","","","","","","","unknown","","","","","",""
"california-coast-credit-union-checking-150","California Coast Credit Union","Free Checking with eStatements","checking","false","15000","Code RESET; within60 days open eligible checking, enroll eStatements, maintain $50 and set up DD OR Online/Mobile Banking OR Bill Pay. Add $50 by 10 debit purchases/month for3 months or30 within90 days. Incentives paid savings within120 days after qualifications.","https://www.calcoastcu.org/200","https://www.calcoastcu.org/200","","150","Waived with eStatements (required), $250 monthly DD, age18 or younger or62+.","New members age13+;13–15 guardian joint; membership eligible; employees excluded; offers cannot combine. $5 membership fee may apply. Live/work San Diego, Riverside, Imperial, Orange, Los Angeles, Ventura or San Bernardino counties.","2026-09-09","0","","https://calcoastcu.org/checking","2026-09-08","Maintain $50 duration/first safe withdrawal unspecified; no fabricated interest. Additional advertised $50 requires REFERRING another person, not own opening bonus; excluded from own $150 maximum. Base/combined mutually exclusive. Live comparison confirms no dividends (0%); rate date September8,2026.","2500","online","","included_states","CA","Membership: live or work in San Diego, Riverside, Imperial, Orange, Los Angeles, Ventura or San Bernardino County","","","","","","","","","unknown","","","","","",""
"the-summit-federal-credit-union-checking-150","The Summit Federal Credit Union","Checking and Visa Debit Card","checking","false","15000","Open checking and order new debit card July15–September15, 2026;50 posted POS transactions by November15. Bonus4–6 weeks after qualifications; keep checking open/good standing throughDecember31.","https://www.summitfcu.org/checking-savings/savings","https://www.summitfcu.org/checking-savings/savings","2026-09-15","","","Membership eligible Central/Western NY. Source says not had checking/debit past120 days OR not paid checking/debit bonus past36 months; verify issuer interpretation. Primary cardholder only.","2026-09-09","","","","","Exact campaign maintenance page unavailable; issuer savings page explicitly carries current cash promotion legal terms. Spend unspecified; $5 Primary Savings ancillary.","","","","unknown","","","","","","","","","","","yes","https://www.doctorofcredit.com/ny-only-summit-federal-credit-union-up-to-300-checking-bonus-direct-deposit-not-required/#comment-2108815","2026-09-24","I was told I needed to unfreeze chex, then they did a hard pull and denied me. When I called in, they said they will only approve with up to 7-8 chex inquiries. DoC reader datapoints (article field unknown or absent), 2025-07-30. Article field is Unknown; comments (2022 adverse action naming Chex Systems Inc., 2025 DP) indicate Chex is used. Secondary reported screening, not a bank guarantee.","","",""
"red-canoe-credit-union-checking-150","Red Canoe Credit Union","Elevate Checking","checking","false","15000","Open new membership savings $5 and checking together April1–December31,2026; eStatements and10 qualifying checking transactions within45 days. ACH credits/debits, checks, bill payments, debit/credit purchases qualify; no ATM/cash. Payout after45 days with accounts good standing.","https://www.redcanoecu.com/q425promo","https://www.redcanoecu.com/q425promo","2026-12-31","500","Waived with eStatements.","Age15+; WA/OR membership eligibility; no existing ownership; no business or combining; one per SSN.","2026-09-09","","","","","Transaction dollar amounts unknown. $5 savings is not full promotional capital denominator; no invented APY/hold.","0","online","","unknown","","","","unknown","","","","","","","unknown","","","","$5.00: New membership savings $5 minimum balance, not checking opening minimum. $0.00: Checking page expressly says no minimum to open; $5 belongs to savings. Correct conflation: existing $5 opening amount is membership savings, checking no minimum. Ten transactions have unspecified amounts; $5 share alone is not complete capital.","https://www.redcanoecu.com/q425promo","2026-09-22"
"pfcu-checking-100","PFCU","Checking","checking","false","10000","Use valid personal referral code; open Membership Savings $5 and checking; establish DD $100+ and enroll/use online banking and eStatements within30 days. Good standing30 days; bonus within10 business days of30-day anniversary.","https://www.pfcu4me.com/About-Us/Refer-a-Friend-Program","https://www.pfcu4me.com/About-Us/Refer-a-Friend-Program","","","","18+ US legal resident; membership eligibility; no current or past12 month primary/joint ownership. Referrer must know friend; no public nonendorsed sites or strangers, no combined offers.","2026-09-09","","account_opening","","","Only new member cash included; referrer reward not counted. DD modeled0%,seven days each; $5 savings ancillary.","500","","","unknown","","","30","","","","","","","","unknown","","","","","",""
"verity-checking-referral-100","Verity Credit Union","Referred member checking","checking","false","10000","Get referral entered in Digital Banking; open $5 Prime Share Savings; enroll/sign in digital banking; open checking and post 12 debit purchases within 60 days. Paid within 14 days after qualification. No stacking.","https://www.veritycu.com/about-us/new-member/refer-a-friend.html","https://www.veritycu.com/about-us/new-member/refer-a-friend.html","","","","18+; no Prime Share ownership in two years. Washington live/work/worship/school or immediate family.","2026-09-09","","","","","Unspecified purchase minimum/total capital; no DD. Referrer reward not added.","500","online","","included_states","WA","Membership: live, work, worship or attend school in Washington, or immediate family of a member","","unknown","","","","","","","unknown","","","","$5.00: Prime Share Savings, not checking product minimum Required $5 Prime Share opening amount verified; 12 posted purchases have no numeric spending minimum. TIS directs opening balances to a separate rate disclosure, so no additional checking opening minimum inferred. Retain total unknown. Membership fee in supplemental schedule is a cost, not funding, and is not proposed as a fee edit.","https://www.veritycu.com/about-us/new-member/refer-a-friend.html","2026-09-22"
"first-us-better-than-free-checking-btf300","First US Community Credit Union","Better Than Free Checking","checking","false","30000","Open BTF300 by December 31 2026; qualifying DD $500+ within 90 days. Positive/open/good standing at payout up to four weeks after verification. Transfers/P2P/debit credits excluded.","https://firstus.org/btf-bonus-offer","https://firstus.org/btf-bonus-offer","2026-12-31","300","Waived with eStatements or age 60+.","New members only; membership eligibility required; one per member/account.","2026-09-09","","account_opening","","","Live browser Dec 31 vs stale June 30 extract. User DD model seven days at 0%.","0","online","","unknown","","","","","","","","","","","yes","https://www.doctorofcredit.com/ca-first-us-community-credit-union-300-checking-bonus/#comment-2371694","2026-09-24","Sent me a Docusign. Got my hopes up. But it’s a Docusign for a Chex denial. DoC reader datapoints (article field unknown or absent), 2026-07-21. Article field Unknown; comments on the current $300 post report Chex denials and Chex review during in-branch opening (2026-09-03). Secondary reported screening, not a bank guarantee.","","",""
"ithink-checking-earn500-50","iTHINK Financial","EARN500 checking-only cash","checking","false","5000","New membership and checking opened and funded SAME DAY with EARN500. $50 cash; $5 membership deposit; open by December 31 2026.","https://www.ithinkfi.org/personal/services/join-us-earn500","https://www.ithinkfi.org/personal/services/join-us-earn500","2026-12-31","","","New memberships only; 18+, membership eligibility; one per membership; no stacking.","2026-09-09","","","","","Live EARN500 terms conflict: upper disclosure $1000 DD within 90 days/payout 90-120 days; footer DD within 60 days and $75 60 days after DD. Window left blank; obtain confirmation. Separate $5 membership share. No noncash credit-card points counted. DD model 0% seven days each; no recycled capital. Checking opening funding amount unspecified; total capital unknown.","500","online","","unknown","","","","unknown","","","","","","","yes","https://www.doctorofcredit.com/fl-ga-ithink-financial-125-checking-bonus/#comment-2120404","2026-09-24","P1 received SM via email on Aug 6 that their account could not be opened due to CHEX history. DoC reader datapoints (article field unknown or absent), 2025-08-15. Article field is Unknown; multiple 2025 comments report accounts closed/declined due to Chex; DoC Chex list lists iTHINK under 'Does pull'. Secondary reported screening, not a bank guarantee.","$5.00: Required membership deposit; separate from checking opening funding. $25.00: Verified only for myChoice Checking; generic EARN500 tier does not specify which qualifying checking product, so do not overwrite aggregate opening field without choosing product. EARN500 legal conflicts (90-day versus 60-day DD; cash payout 90–120 days versus 60 days after DD). Required same-day checking funding is product-dependent; myChoice requires $25, membership $5. Generic tier does not select myChoice. No complete total or overlap inferred; preserve deadlines pending separate conflict resolution.","https://www.ithinkfi.org/personal/services/join-us-earn500","2026-09-22"
"ithink-checking-dd-earn500-125","iTHINK Financial","EARN500 checking plus DD cash","checking","false","12500","Open/fund membership and checking same day with EARN500; $50 opening cash + $75 for $1000 qualifying DD. Transfers/ATM/wires/P2P excluded. Conflicting 90-day upper and 60-day footer DD windows; confirm before applying.","https://www.ithinkfi.org/personal/services/join-us-earn500","https://www.ithinkfi.org/personal/services/join-us-earn500","2026-12-31","","","New memberships only; 18+, membership eligibility; one per membership; no stacking.","2026-09-09","","","","","Live EARN500 terms conflict: upper disclosure $1000 DD within 90 days/payout 90-120 days; footer DD within 60 days and $75 60 days after DD. Window left blank; obtain confirmation. Separate $5 membership share. No noncash credit-card points counted. DD model 0% seven days each; no recycled capital. Quality review: $1000 is only the verified DD leg. Checking must be funded on membership-opening day but that required amount is unspecified; total capital remains blank rather than assuming later DD satisfies opening.","500","online","","unknown","","","","unknown","","","","","","","yes","https://www.doctorofcredit.com/fl-ga-ithink-financial-125-checking-bonus/#comment-2120404","2026-09-24","P1 received SM via email on Aug 6 that their account could not be opened due to CHEX history. DoC reader datapoints (article field unknown or absent), 2025-08-15. Article field is Unknown; multiple 2025 comments report accounts closed/declined due to Chex; DoC Chex list lists iTHINK under 'Does pull'. Secondary reported screening, not a bank guarantee.","$5.00: Required membership deposit; separate from checking opening funding. $25.00: Verified only for myChoice Checking; generic EARN500 tier does not specify which qualifying checking product, so do not overwrite aggregate opening field without choosing product. $1,000.00: At least $1,000 in qualifying DD in upper campaign legal; not per-deposit minimum or verified count. EARN500 legal conflicts (90-day versus 60-day DD; cash payout 90–120 days versus 60 days after DD). Required same-day checking funding is product-dependent; myChoice requires $25, membership $5. Generic tier does not select myChoice. No complete total or overlap inferred; preserve deadlines pending separate conflict resolution.","https://www.ithinkfi.org/personal/services/join-us-earn500","2026-09-22"
"ithink-checking-earn500-adb1500-225","iTHINK Financial","EARN500 cash-only total (1500 ADB tier)","checking","false","22500","Open/fund membership and checking same day using EARN500; $50 checking + $75 for $1000 qualifying DD, then additional $100 on initial 90-day average daily balance $1500+. Page says complete steps above, including approved myRewards Visa Signature and $3000 purchases within 90 days. Card 10000 points EXCLUDED from cash total. Confirm qualifying accounts, DD window conflict and credit-card prerequisite.","https://www.ithinkfi.org/personal/services/join-us-earn500","https://www.ithinkfi.org/personal/services/join-us-earn500","2026-12-31","","","New memberships only; 18+, membership eligibility and card approval; one tier not cumulative; no external stacking.","2026-09-09","","","","","Live EARN500 terms conflict: upper disclosure $1000 DD within 90 days/payout 90-120 days; footer DD within 60 days and $75 60 days after DD. Window left blank; obtain confirmation. Separate $5 membership share. No noncash credit-card points counted. DD model 0% seven days each; no recycled capital. Total capital unresolved: qualifying ADB accounts and overlap with DD/card spend unspecified. APY tiered/conditional (7% only first $3000), not applied to whole required balance; funding/withdrawal endpoints unknown.","500","online","","unknown","","","","unknown","","","","","","","yes","https://www.doctorofcredit.com/fl-ga-ithink-financial-125-checking-bonus/#comment-2120404","2026-09-24","P1 received SM via email on Aug 6 that their account could not be opened due to CHEX history. DoC reader datapoints (article field unknown or absent), 2025-08-15. Article field is Unknown; multiple 2025 comments report accounts closed/declined due to Chex; DoC Chex list lists iTHINK under 'Does pull'. Secondary reported screening, not a bank guarantee.","$5.00: Required membership deposit; separate from checking opening funding. $25.00: Verified only for myChoice Checking; generic EARN500 tier does not specify which qualifying checking product, so do not overwrite aggregate opening field without choosing product. $1,000.00: At least $1,000 in qualifying DD in upper campaign legal; not per-deposit minimum or verified count. $1,500.00: Tier-specific initial 90-day average balance; qualifying account scope and funding overlap unresolved. $3,000.00: One $3,000 purchase threshold over 90 days, not recurring monthly spend; card prerequisite and overlap unresolved. EARN500 legal conflicts (90-day versus 60-day DD; cash payout 90–120 days versus 60 days after DD). Required same-day checking funding is product-dependent; myChoice requires $25, membership $5. Generic tier does not select myChoice. No complete total or overlap inferred; preserve deadlines pending separate conflict resolution.","https://www.ithinkfi.org/personal/services/join-us-earn500","2026-09-22"
"ithink-checking-earn500-adb10000-350","iTHINK Financial","EARN500 cash-only total (10000 ADB tier)","checking","false","35000","Open/fund membership and checking same day using EARN500; $50 checking + $75 for $1000 qualifying DD, then additional $225 on initial 90-day average daily balance $10000+. Page says complete steps above, including approved myRewards Visa Signature and $3000 purchases within 90 days. Card 10000 points EXCLUDED from cash total. Confirm qualifying accounts, DD window conflict and credit-card prerequisite.","https://www.ithinkfi.org/personal/services/join-us-earn500","https://www.ithinkfi.org/personal/services/join-us-earn500","2026-12-31","","","New memberships only; 18+, membership eligibility and card approval; one tier not cumulative; no external stacking.","2026-09-09","","","","","Live EARN500 terms conflict: upper disclosure $1000 DD within 90 days/payout 90-120 days; footer DD within 60 days and $75 60 days after DD. Window left blank; obtain confirmation. Separate $5 membership share. No noncash credit-card points counted. DD model 0% seven days each; no recycled capital. Total capital unresolved: qualifying ADB accounts and overlap with DD/card spend unspecified. APY tiered/conditional (7% only first $3000), not applied to whole required balance; funding/withdrawal endpoints unknown.","500","online","","unknown","","","","unknown","","","","","","","yes","https://www.doctorofcredit.com/fl-ga-ithink-financial-125-checking-bonus/#comment-2120404","2026-09-24","P1 received SM via email on Aug 6 that their account could not be opened due to CHEX history. DoC reader datapoints (article field unknown or absent), 2025-08-15. Article field is Unknown; multiple 2025 comments report accounts closed/declined due to Chex; DoC Chex list lists iTHINK under 'Does pull'. Secondary reported screening, not a bank guarantee.","$5.00: Required membership deposit; separate from checking opening funding. $25.00: Verified only for myChoice Checking; generic EARN500 tier does not specify which qualifying checking product, so do not overwrite aggregate opening field without choosing product. $1,000.00: At least $1,000 in qualifying DD in upper campaign legal; not per-deposit minimum or verified count. $10,000.00: Tier-specific initial 90-day average balance; qualifying account scope and funding overlap unresolved. $3,000.00: One $3,000 purchase threshold over 90 days, not recurring monthly spend; card prerequisite and overlap unresolved. EARN500 legal conflicts (90-day versus 60-day DD; cash payout 90–120 days versus 60 days after DD). Required same-day checking funding is product-dependent; myChoice requires $25, membership $5. Generic tier does not select myChoice. No complete total or overlap inferred; preserve deadlines pending separate conflict resolution.","https://www.ithinkfi.org/personal/services/join-us-earn500","2026-09-22"
"ithink-checking-earn500-adb20000-400","iTHINK Financial","EARN500 cash-only total (20000 ADB tier)","checking","false","40000","Open/fund membership and checking same day using EARN500; $50 checking + $75 for $1000 qualifying DD, then additional $275 on initial 90-day average daily balance $20000+. Page says complete steps above, including approved myRewards Visa Signature and $3000 purchases within 90 days. Card 10000 points EXCLUDED from cash total. Confirm qualifying accounts, DD window conflict and credit-card prerequisite.","https://www.ithinkfi.org/personal/services/join-us-earn500","https://www.ithinkfi.org/personal/services/join-us-earn500","2026-12-31","","","New memberships only; 18+, membership eligibility and card approval; one tier not cumulative; no external stacking.","2026-09-09","","","","","Live EARN500 terms conflict: upper disclosure $1000 DD within 90 days/payout 90-120 days; footer DD within 60 days and $75 60 days after DD. Window left blank; obtain confirmation. Separate $5 membership share. No noncash credit-card points counted. DD model 0% seven days each; no recycled capital. Total capital unresolved: qualifying ADB accounts and overlap with DD/card spend unspecified. APY tiered/conditional (7% only first $3000), not applied to whole required balance; funding/withdrawal endpoints unknown.","500","online","","unknown","","","","unknown","","","","","","","yes","https://www.doctorofcredit.com/fl-ga-ithink-financial-125-checking-bonus/#comment-2120404","2026-09-24","P1 received SM via email on Aug 6 that their account could not be opened due to CHEX history. DoC reader datapoints (article field unknown or absent), 2025-08-15. Article field is Unknown; multiple 2025 comments report accounts closed/declined due to Chex; DoC Chex list lists iTHINK under 'Does pull'. Secondary reported screening, not a bank guarantee.","$5.00: Required membership deposit; separate from checking opening funding. $25.00: Verified only for myChoice Checking; generic EARN500 tier does not specify which qualifying checking product, so do not overwrite aggregate opening field without choosing product. $1,000.00: At least $1,000 in qualifying DD in upper campaign legal; not per-deposit minimum or verified count. $20,000.00: Tier-specific initial 90-day average balance; qualifying account scope and funding overlap unresolved. $3,000.00: One $3,000 purchase threshold over 90 days, not recurring monthly spend; card prerequisite and overlap unresolved. EARN500 legal conflicts (90-day versus 60-day DD; cash payout 90–120 days versus 60 days after DD). Required same-day checking funding is product-dependent; myChoice requires $25, membership $5. Generic tier does not select myChoice. No complete total or overlap inferred; preserve deadlines pending separate conflict resolution.","https://www.ithinkfi.org/personal/services/join-us-earn500","2026-09-22"
"financial-partners-checking-referral-100","Financial Partners Credit Union","Referred new membership checking","checking","false","10000","Enter referral code at application. Open and maintain savings with at least $25, maintain active checking and/or loan, receive monthly DD of at least $500, and make at least $300 debit purchases within60 days. $100 to checking within90 days if requirements met; both accounts good standing.","https://fpcu.org/why-join/refer","https://fpcu.org/why-join/refer","","","","FPCU membership eligibility; 18+; no current/prior-12-month member. Referring primary member active savings/checking/loan. Employees/volunteers/business/fiduciary excluded.","2026-09-09","","","","","Quality review recovered utilization clause omitted from original row: $25 savings balance, monthly $500 DD, $300 cumulative debit spending within60 days. Recurring deposit count/end and overlap unknown, so complete capital remains blank. $300 is NOT monthly spending. Live browser Cloudflare; complete first-party extraction includes clause.","2500","online","","unknown","","","","unknown","","","","","","","yes","https://www.doctorofcredit.com/ca-only-financial-partners-credit-union-100-referral-bonus/#comment-1773607","2026-09-24","OnAlert email shows a Chex pull while still filling out the application. DoC reader datapoints (article field unknown or absent), 2024-01-08. Article field says 'Sensitive online, not sensitive in branch' (article 2022, updated 2024-07); comment explicitly reports Chex pull on online application. Somewhat older data. Secondary reported screening, not a bank guarantee.","$25.00: Savings opening and maintained balance, not checking opening minimum. $500.00: Monthly DD at least $500; number of required months unspecified. $300.00: At least $300 within60 days, not monthly. Browser Cloudflare verification persisted; alternate www first-party extraction recovered complete utilization paragraph. Known savings/DD/spend legs verified but monthly count and DD/debit overlap unspecified; total unknown.","https://fpcu.org/why-join/refer","2026-09-22"
"kohler-checking-referral-100","Kohler Credit Union","Referred checking","checking","false","10000","Open personal referral link; within 90 days $3000 cumulative DD, eStatements, three debit purchases over $20. Remain open/good standing minimum 90 days. Paid within 10 days after qualification; no stacking.","https://www.kohlercu.com/promotions/refer-your-friends","https://www.kohlercu.com/promotions/refer-your-friends","","","","18+; Kohler membership eligibility required. Referrer personally knows referee; one applicant payout.","2026-09-09","","account_opening","","","DD cumulative $3000; count/per-deposit minimum unknown. DD model 0% seven days each; debit purchases separate spending not held capital. Three purchases strictly over $20 require at least $60.03 in cents; these can be funded from the required $3000 DD, whose cumulative total is not recycled across deposits. No extra balance hold is stated.","","","","unknown","","","90","","","","","","","","yes","https://www.doctorofcredit.com/wi-kohler-credit-union-100-referral-checking-bonus/","2026-09-24","ChexSystems: Yes, but apparently not sensitive DoC reader datapoints (article field unknown or absent), 2026-03-23. The article field still says Unknown, but a reader comment on the same article gives this datapoint, and DoC's Chex list has Kohler under 'Does pull'. Secondary reported screening, not a bank guarantee.","","",""
"western-state-free-personal-checking-hometown-100","Western State Bank","Free Personal Checking","checking","false","10000","Open new account with $50. Enroll direct deposit and eStatements, open debit card. Paid within 60 days after DD received if account remains open.","https://www.westernbanks.com/personal/clubs-and-programs/hometown-bonus","https://www.westernbanks.com/personal/clubs-and-programs/hometown-bonus","","","","New customers/new personal checking only; one offer per person; no combining. Arizona/North Dakota branch footprint; confirm residence eligibility.","2026-09-09","","","","","Funding/qualification deadline unspecified. DD minimum and count unspecified; cumulative capital unknown. Keep-open not a full-capital hold.","5000","online","","unknown","","","","unknown","","","","","","","yes","https://www.doctorofcredit.com/az-nd-only-100-western-state-bank-checking-account-promotion/#comment-2270124","2026-09-24","They definitely are not sensitive, but they do pull (8+ Chex in the past year with 50+ in total). DoC reader datapoints (article field unknown or absent), 2026-03-05. Article field is Unknown; comment reports Chex pull, though another commenter opened in AZ with Chex frozen. Secondary reported screening, not a bank guarantee.","$50.00: Checking opening minimum, not DD requirement. Issuer confirms $50 opening but gives no qualifying DD amount. Cannot infer total from opening or product balance alone.","https://www.westernbanks.com/personal/clubs-and-programs/hometown-bonus","2026-09-22"
"western-state-vip-checking-hometown-250","Western State Bank","VIP Checking","checking","false","25000","Open new account with $50. Enroll direct deposit and eStatements, open debit card. Paid within 60 days after DD received if account remains open. VIP maintain $500 deposit balances or $5000 loans/deposits.","https://www.westernbanks.com/personal/clubs-and-programs/hometown-bonus","https://www.westernbanks.com/personal/clubs-and-programs/hometown-bonus","","","","New customers/new personal checking only; one offer per person; no combining. Arizona/North Dakota branch footprint; confirm residence eligibility.","2026-09-09","0.05","","https://www.westernbanks.com/personal/clubs-and-programs/hometown-bonus","","Funding/qualification deadline unspecified. DD minimum and count unspecified; cumulative capital unknown. Keep-open not a full-capital hold. Deposit-route relationship balance $500; alternative loan route applies. DD leg unknown; APY 0.05% official effective 1/2026 (day unspecified); dates left blank.","5000","online","","unknown","","","","unknown","","","","","","","yes","https://www.doctorofcredit.com/az-nd-only-100-western-state-bank-checking-account-promotion/#comment-2270124","2026-09-24","They definitely are not sensitive, but they do pull (8+ Chex in the past year with 50+ in total). DoC reader datapoints (article field unknown or absent), 2026-03-05. Article field is Unknown; comment reports Chex pull, though another commenter opened in AZ with Chex frozen. Secondary reported screening, not a bank guarantee.","$50.00: Checking opening minimum, not DD requirement. $500.00: Deposit-balance route; alternative loan/deposit relationship balance not silently substituted. Issuer confirms $50 opening but gives no qualifying DD amount. Cannot infer total from opening or product balance alone. Balance and DD overlap remains unknown.","https://www.westernbanks.com/personal/clubs-and-programs/hometown-bonus","2026-09-22"
"western-state-vip-plus-checking-hometown-250","Western State Bank","VIP Plus Checking","checking","false","25000","Open new account with $50. Enroll direct deposit and eStatements, open debit card. Paid within 60 days after DD received if account remains open. VIP Plus maintain $10000 deposit balances or $25000 loans/deposits.","https://www.westernbanks.com/personal/clubs-and-programs/hometown-bonus","https://www.westernbanks.com/personal/clubs-and-programs/hometown-bonus","","","","New customers/new personal checking only; one offer per person; no combining. Arizona/North Dakota branch footprint; confirm residence eligibility.","2026-09-09","0.05","","https://www.westernbanks.com/personal/clubs-and-programs/hometown-bonus","","Funding/qualification deadline unspecified. DD minimum and count unspecified; cumulative capital unknown. Keep-open not a full-capital hold. Deposit-route relationship balance $10000; alternative loan route applies. DD leg unknown; APY 0.05% official effective 1/2026 (day unspecified); dates left blank.","5000","online","","unknown","","","","unknown","","","","","","","yes","https://www.doctorofcredit.com/az-nd-only-100-western-state-bank-checking-account-promotion/#comment-2270124","2026-09-24","They definitely are not sensitive, but they do pull (8+ Chex in the past year with 50+ in total). DoC reader datapoints (article field unknown or absent), 2026-03-05. Article field is Unknown; comment reports Chex pull, though another commenter opened in AZ with Chex frozen. Secondary reported screening, not a bank guarantee.","$50.00: Checking opening minimum, not DD requirement. $10,000.00: Deposit-balance route; alternative loan/deposit relationship balance not silently substituted. Issuer confirms $50 opening but gives no qualifying DD amount. Cannot infer total from opening or product balance alone. Balance and DD overlap remains unknown.","https://www.westernbanks.com/personal/clubs-and-programs/hometown-bonus","2026-09-22"
"western-state-future-checking-hometown-50","Western State Bank","Future Checking","checking","false","5000","Open new account with $50. Future Checking earns $50; confirm youth payout requirements.","https://www.westernbanks.com/personal/clubs-and-programs/hometown-bonus","https://www.westernbanks.com/personal/clubs-and-programs/hometown-bonus","","","","New customer; Future Checking for ages 17 or younger. One offer per person; no stacking.","2026-09-09","","","","","Issuer $50 bonus and $50 opening requirement known; Future-specific payout/withdrawal/APY unspecified. Do not invent DD or holding duration.","5000","online","","unknown","","","","5000","","","","","","","yes","https://www.doctorofcredit.com/az-nd-only-100-western-state-bank-checking-account-promotion/#comment-2270124","2026-09-24","They definitely are not sensitive, but they do pull (8+ Chex in the past year with 50+ in total). DoC reader datapoints (article field unknown or absent), 2026-03-05. Article field is Unknown; comment reports Chex pull, though another commenter opened in AZ with Chex frozen. Secondary reported screening, not a bank guarantee.","","",""
"neighborhood-cash-back-checking-neighbor-300","Neighborhood Credit Union","Cash Back Checking NEIGHBOR","checking","false","30000","Open eligible checking NEIGHBOR by Dec 31 2026 11:59pm CT. Within 90 days receive $2000 aggregate employer/government DD and make 25 debit purchases $5+. No PayPal/Venmo/P2P. Savings payout within 120 days; open/good standing/$25+ at payout. Bonus reclaimed if close within 12 months.","https://www.myncu.com/bank/checking/cash-bonus","https://www.myncu.com/bank/checking/cash-bonus","2026-12-31","0","","18+, membership eligible; no consumer checking opened within six months; no combining offers.","2026-09-09","","account_opening","","","Live terms supersede extract $3000 single DD/30 purchases. Cumulative DD $2000 modeled 0% seven days each. $125 required spending separate (can use deposited funds, not added twice); residual $25/opening funding ancillary. Alternative High Yield product same $300 reward, not separate stack.","2500","online","","included_states","TX","Membership: Texas residents; other membership paths not stated","372","","","","","","","","yes","https://www.doctorofcredit.com/tx-only-neighborhood-credit-union-100-checking-bonus/#comment-1880624","2026-09-24","Denied in branch for Chex inquiries. DoC reader datapoints (article field unknown or absent), 2024-07-23. Older article (2023) field is Unknown; multiple comments report Chex-based denials and DoC Chex list lists it under 'Does pull'. Secondary reported screening, not a bank guarantee.","","",""
"bank-of-texas-access-checking-san-antonio-450","Bank of Texas","Access Checking","checking","false","45000","Open Access Checking by Sept 30 2026; receive $3000 aggregate qualifying DD within 90 days. P2P and bank-to-bank transfers excluded. Evaluated day 90, paid following 30 days; open/good standing at payout.","https://www.bankoftexas.com/landing-pages/san-antonio-checking-savings","https://www.bankoftexas.com/landing-pages/san-antonio-checking-savings","2026-09-30","0","Access: $3 paper statement fee waived online statements.","San Antonio MSA primary address; no existing checking/Personal Savings or closed within 180 days; one bonus/customer. Component alternatives not stacked.","2026-09-09","","account_opening","","","Verified live and extract. Cumulative promotional DD modeled 0% seven days each. No fixed DD count/per-deposit minimum; ancillary opening deposit separate. Access opening deposit not stated on offer.","","online","","included_states","TX","Primary address must be in the San Antonio MSA","","","","","","","","","unknown","","","","","",""
"bank-of-texas-premier-checking-san-antonio-650","Bank of Texas","Premier Checking","checking","false","65000","Open Premier Checking by Sept 30 2026; receive $8000 aggregate qualifying DD within 90 days. P2P and bank-to-bank transfers excluded. Evaluated day 90, paid following 30 days; open/good standing at payout.","https://www.bankoftexas.com/landing-pages/san-antonio-checking-savings","https://www.bankoftexas.com/landing-pages/san-antonio-checking-savings","2026-09-30","2500","Premier: first two cycles waived; then $25000 linked deposit ADB or $50000 qualifying relationships; additional $3 paper statement fee.","San Antonio MSA primary address; no existing checking/Personal Savings or closed within 180 days; one bonus/customer. Component alternatives not stacked.","2026-09-09","0.02","account_opening","https://www.bankoftexas.com/landing-pages/san-antonio-checking-savings","2026-04-10","Verified live and extract. Cumulative promotional DD modeled 0% seven days each. No fixed DD count/per-deposit minimum; ancillary opening deposit separate. Premier $50 opening deposit; APY 0.02% effective 2026-04-10, ignored by DD model.","5000","online","","included_states","TX","Primary address must be in the San Antonio MSA","","","","","","","","","unknown","","","","","",""
"bank-of-texas-personal-savings-san-antonio-200","Bank of Texas","Personal Savings","savings","false","20000","Open Personal Savings by September30 2026; deposit $10000 external new funds within30 days and maintain $10000 day31 through90. Evaluated day90, paid within following30 days; account open/good standing at payout. $200 savings tier is also included in combined advertised totals; do not add twice.","https://www.bankoftexas.com/landing-pages/san-antonio-checking-savings","https://www.bankoftexas.com/landing-pages/san-antonio-checking-savings","2026-09-30","","","New customer in San Antonio MSA; no existing checking or Personal Savings and none closed within180 days. Limit one bonus/customer; combined totals are advertised alternatives, not multiple standalone claims.","2026-09-09","0.50","account_opening","https://www.bankoftexas.com/landing-pages/san-antonio-checking-savings","2026-04-10","Issuer legal $200 qualification lists Personal Savings and $10000 funding/hold, not a mandatory checking opening or DD. Removed unsupported checking prerequisite. Savings capital $10000, maintenance days31–90, latest day30 to withdrawal day91 models61 days. APY0.50% effective2026-04-10. Combined rows include this $200 and cannot be stacked again.","5000","online","","included_states","TX","Primary address must be in the San Antonio MSA","","","","","","","","","unknown","","","","","",""
"bank-of-texas-access-checking-savings-san-antonio-650","Bank of Texas","Access Checking + Personal Savings","other","false","65000","Open both accounts by Sept30 2026; $3000 aggregate DD checking within90 days plus $10000 external new funds savings by day30 maintained day31 through90. Cash total includes checking component and $200 savings; no double counting. Accounts open/good standing through payout following day90 evaluation within30 days.","https://www.bankoftexas.com/landing-pages/san-antonio-checking-savings","https://www.bankoftexas.com/landing-pages/san-antonio-checking-savings","2026-09-30","","","San Antonio MSA primary address; no existing checking/Personal Savings or closed within180 days. One bonus/customer; combined alternatives.","2026-09-09","","account_opening","","","Known cumulative DD plus separate savings = total promotional capital; no assumed recycling. Mixed model: DD0% seven days each; ONLY $10000 savings leg0.50% APY effective2026-04-10 day30->91=61 days. Single feed APY/endpoints blank to avoid incorrectly earning savings interest on all DD capital. Opening amounts/fees separate; keep accounts open through payout.","","online","","included_states","TX","Primary address must be in the San Antonio MSA","","1300000","","","","","","","unknown","","","","","",""
"bank-of-texas-premier-checking-savings-san-antonio-850","Bank of Texas","Premier Checking + Personal Savings","other","false","85000","Open both accounts by Sept30 2026; $8000 aggregate DD checking within90 days plus $10000 external new funds savings by day30 maintained day31 through90. Cash total includes checking component and $200 savings; no double counting. Accounts open/good standing through payout following day90 evaluation within30 days.","https://www.bankoftexas.com/landing-pages/san-antonio-checking-savings","https://www.bankoftexas.com/landing-pages/san-antonio-checking-savings","2026-09-30","","","San Antonio MSA primary address; no existing checking/Personal Savings or closed within180 days. One bonus/customer; combined alternatives.","2026-09-09","","account_opening","","","Known cumulative DD plus separate savings = total promotional capital; no assumed recycling. Mixed model: DD0% seven days each; ONLY $10000 savings leg0.50% APY effective2026-04-10 day30->91=61 days. Single feed APY/endpoints blank to avoid incorrectly earning savings interest on all DD capital. Opening amounts/fees separate; keep accounts open through payout.","","online","","included_states","TX","Primary address must be in the San Antonio MSA","","1800000","","","","","","","unknown","","","","","",""
"picatinny-free-checking-dd-250","Picatinny Federal Credit Union","New member free checking bonus","checking","false","25000","Open checking and $5 savings share; initiate repeating employer/Social Security/pension DD of $500 per month within60 days. $250 savings bonus within90 days; checking open6 months. No stacking; referral alternative same applicant $250, referrer $75 not added.","https://www.picacreditunion.com/checking/","https://www.picacreditunion.com/checking/","","500","Paper statement fee waived with eStatements; checking otherwise free.","Membership live/work/worship/school Morris, Essex, Somerset, Union NJ counties or immediate family. Headline new/current members vs New Member Perk disclosure; new-member route only.","2026-09-09","","account_opening","","","Live replaces old extracted $150 and discovery $285 with $250. Monthly recurring $500 but required count/end date not specified; total DD capital unknown, not one deposit. DD model0% seven days each when actual cumulative DD known. Referral $250 same cash outcome, not extra stack.","500","online","","included_states","NJ","Membership: live, work, worship or attend school in Morris, Essex, Somerset or Union County, or immediate family of a member","186","","","","","","","","yes","https://www.doctorofcredit.com/picatinny-credit-union-150-checking-bonus-morris-county-nj/","2026-09-24","ChexSystems: Yes , not sensitive DoC article ChexSystems field, 2026-04-30. DoC checking article says Yes (not sensitive); applies to personal side (savings match offers are same personal side). Secondary reported screening, not a bank guarantee.","","",""
"picatinny-break-through-savings-match-50","Picatinny Federal Credit Union","Break Through savings match (ages16-25)","savings","false","5000","Open qualifying savings with minimum $5; issuer matches initial deposit dollar-for-dollar up to $50. This row models maximum $50 match on $50 deposit. Bonus credited immediately but held60 days; account open minimum60 days. No invented principal hold.","https://www.picacreditunion.com/checking/","https://www.picacreditunion.com/checking/","","","","Membership eligibility required; Break Through requires ages16-25; Youth eligibility details require confirmation. Matching offer not presumed stackable with checking bonus.","2026-09-09","","","","","Continuous dollar-for-dollar reward from $5 minimum up to $50 cap, not fixed discrete tiers. Maximum cash tier preserved. Only reward lock and keep-open60 days are stated; principal first safe withdrawal unknown. APY page checked but Share & Share Draft accordion yielded no rate; APY/source-date/endpoints blank.","5000","online","","unknown","","","60","","","","","","","","yes","https://www.doctorofcredit.com/picatinny-credit-union-150-checking-bonus-morris-county-nj/","2026-09-24","ChexSystems: Yes , not sensitive DoC article ChexSystems field, 2026-04-30. DoC checking article says Yes (not sensitive); applies to personal side (savings match offers are same personal side). Secondary reported screening, not a bank guarantee.","","",""
"picatinny-youth-savings-match-50","Picatinny Federal Credit Union","Youth savings match","savings","false","5000","Open qualifying savings with minimum $5; issuer matches initial deposit dollar-for-dollar up to $50. This row models maximum $50 match on $50 deposit. Bonus credited immediately but held60 days; account open minimum60 days. No invented principal hold.","https://www.picacreditunion.com/checking/","https://www.picacreditunion.com/checking/","","","","Membership eligibility required; Break Through requires ages16-25; Youth eligibility details require confirmation. Matching offer not presumed stackable with checking bonus.","2026-09-09","","","","","Continuous dollar-for-dollar reward from $5 minimum up to $50 cap, not fixed discrete tiers. Maximum cash tier preserved. Only reward lock and keep-open60 days are stated; principal first safe withdrawal unknown. APY page checked but Share & Share Draft accordion yielded no rate; APY/source-date/endpoints blank.","5000","online","","unknown","","","60","","","","","","","","yes","https://www.doctorofcredit.com/picatinny-credit-union-150-checking-bonus-morris-county-nj/","2026-09-24","ChexSystems: Yes , not sensitive DoC article ChexSystems field, 2026-04-30. DoC checking article says Yes (not sensitive); applies to personal side (savings match offers are same personal side). Secondary reported screening, not a bank guarantee.","","",""
"city-national-bank-checking-dd-200","City National Bank","eStatement Checking DD bonus","checking","false","20000","Open qualifying checking with $25, establish recurring qualified DD $200+; payroll/pension/Social Security/similar electronically deposited within 90 days. Bonus day 91 after opening; select customers, one household.","https://www.bankatcity.com/personal-banking/checking/","https://www.bankatcity.com/personal-banking/checking/","","400","No monthly service fee after eStatements enrollment.","Select customers; excludes Teen, existing checking, fiduciary accounts and those whose account has been closed. One per household; verify VA/WV/OH/KY footprint eligibility.","2026-09-09","","account_opening","","","Recurring $200 DD but count/frequency not specified; cumulative DD capital blank rather than one-deposit assumption. Model 0% seven days each when actual cumulative deposits known; $25 opening separate.","2500","online","","unknown","","","","","","","","","","","yes","https://www.doctorofcredit.com/va-city-national-bank-100-checking-bonus/","2026-09-24","ChexSystems: Yes, not sensitive DoC article ChexSystems field, 2026-08-15. DoC post for City National Bank (WV/VA/OH, bankatcity.com) $200 checking bonus. Secondary reported screening, not a bank guarantee.","","",""
"valley-strong-checking-250","Valley Strong Credit Union","CentsAble Checking","checking","false","25000","Open by September30,2026 with NEW250; CentsAble preferred, Makes Cents/Grow Strong alternatives. $25 checking opening plus required $5 Regular Shares. Mandatory direct deposit (amount/count unknown), active debit card, online banking and eStatements; keep open/good standing90 calendar days, payout on or around day91.","https://www.valleystrong.com/250","https://www.valleystrong.com/250","2026-09-30","0","CentsAble has no monthly fee. Makes Cents alternative $5, waived by qualifying age OR monthly DD + eStatements + 12 POS/$3,000 average balance/qualifying loan relationship; Grow Strong youth alternative has conflicting rate evidence.","Membership approval required; no current OR previous checking ever; once/member; trusts/managed accounts excluded. Current membership geography unresolved; confirm eligibility.","2026-09-13","0","account_opening","https://www.valleystrong.com/schedule-fees","2026-08-01","DoC: https://www.doctorofcredit.com/ca-select-counties-valley-strong-credit-union-250-checking-bonus-direct-deposit-not-required/ First-party campaign: https://www.valleystrong.com/250. Fee/APY: https://www.valleystrong.com/schedule-fees ; opening: https://www.valleystrong.com/centsable-checking ; shares: https://www.valleystrong.com/regular-shares . Current extracted disclosure requires DD; DoC expired/debit alternative superseded. Browser403; expiration2026-09-30 from parent full extracted offer confirmation, not independently reconfirmed by research child. No fabricated current county list. CentsAble0% asof2026-08-01; Grow Strong APY inconsistent, not selected. DD amount/count unknown: total unknown, never $25/$5 denominator. MODEL DD0% seven days recycling; unstated count model defaults one only. Consumer early closure fee unverified; business No Cost schedule not evidence.","2500","","","unknown","","CA regional membership/offer scope needs confirmation. Historical DoC Tulare/San Joaquin/Solano restriction is not current primary verification.","90","unknown","","","","","","","unknown","","","","$25.00: Checking opening. $5.00: Separate required Regular Shares opening. Verified $25 checking opening and separate $5 required Regular Shares opening. DD amount and count unstated; no complete capital or assumed 90-day DD count.","https://www.valleystrong.com/250","2026-09-22"
"first-horizon-private-client-1000","First Horizon Bank","Private Client Reserve Checking","checking","false","100000","Meet Private Client Relationship Manager; open checking; deposit $100,000 new money into qualifying checking and/or Private Client Money Market within 45 days; maintain tier daily for next 90 days. Enroll DD within 90 days and receive at least two qualifying ACH employer/payroll/government deposits during maintenance period. Pays within 10 business days afterward; remain open/good standing.","https://www.firsthorizon.com/forms/private-client-cash-offer","https://www.firsthorizon.com/forms/private-client-cash-offer","2026-09-30","","","New clients; no personal deposit account in 18 months (promotional jumbo CD exception); $1m combined income/investable assets and $100k deposits or $500k advisors required. One per client/household; primary checking/savings owner same; banker approval, regional availability.","2026-09-09","","account_opening","","","Minimum amount for each required DD is unstated, so total capital blank. Balance interest endpoints day45 to136 (91 elapsed days), distinct from 90 maintenance days. APY for qualifying account allocation unknown. Monthly fee and waiver not verified. Total required funding remains unknown; see requirement-specific missing inputs above. Applicable APY not verified; no interest estimate.","","branch_only","","unknown","","","","unknown","","","","","","","yes","https://www.doctorofcredit.com/tn-ar-ms-al-ga-ky-fl-nc-va-first-horizon-bank-450-checking-bonus-direct-deposit-not-required/","2026-09-24","FYI, they pulled my chex on 04/21/2026 DoC reader datapoints (article field unknown or absent), 2026-08-29. DoC field says 'Unknown, sensitive'. Multiple 2026 comments report Chex pulls and Chex denials online, though some report in-branch opening with Chex frozen; DoC's Chex list has First Horizon under 'Does pull'. Applies to the Private Client offers too (a comment there says 'Chex: Yes, sensitive'). Secondary reported screening, not a bank guarantee.","$100,000.00: Tier new money and maintained balance. Tier balance verified but DD dollar minimum and overlap unresolved. Live offer ends October 30 versus stored September 30; campaign-date discrepancy recorded without changing deadline. Source upper-tier range text contains literal k suffix anomaly; lower tier thresholds remain as stated.","https://www.firsthorizon.com/forms/private-client-cash-offer","2026-09-22"
"first-horizon-private-client-2000","First Horizon Bank","Private Client Reserve Checking","checking","false","200000","Meet Private Client Relationship Manager; open checking; deposit $250,000 new money into qualifying checking and/or Private Client Money Market within 45 days; maintain tier daily for next 90 days. Enroll DD within 90 days and receive at least two qualifying ACH employer/payroll/government deposits during maintenance period. Pays within 10 business days afterward; remain open/good standing.","https://www.firsthorizon.com/forms/private-client-cash-offer","https://www.firsthorizon.com/forms/private-client-cash-offer","2026-09-30","","","New clients; no personal deposit account in 18 months (promotional jumbo CD exception); $1m combined income/investable assets and $100k deposits or $500k advisors required. One per client/household; primary checking/savings owner same; banker approval, regional availability.","2026-09-09","","account_opening","","","Minimum amount for each required DD is unstated, so total capital blank. Balance interest endpoints day45 to136 (91 elapsed days), distinct from 90 maintenance days. APY for qualifying account allocation unknown. Monthly fee and waiver not verified. Total required funding remains unknown; see requirement-specific missing inputs above. Applicable APY not verified; no interest estimate.","","branch_only","","unknown","","","","unknown","","","","","","","yes","https://www.doctorofcredit.com/tn-ar-ms-al-ga-ky-fl-nc-va-first-horizon-bank-450-checking-bonus-direct-deposit-not-required/","2026-09-24","FYI, they pulled my chex on 04/21/2026 DoC reader datapoints (article field unknown or absent), 2026-08-29. DoC field says 'Unknown, sensitive'. Multiple 2026 comments report Chex pulls and Chex denials online, though some report in-branch opening with Chex frozen; DoC's Chex list has First Horizon under 'Does pull'. Applies to the Private Client offers too (a comment there says 'Chex: Yes, sensitive'). Secondary reported screening, not a bank guarantee.","$250,000.00: Tier new money and maintained balance. Tier balance verified but DD dollar minimum and overlap unresolved. Live offer ends October 30 versus stored September 30; campaign-date discrepancy recorded without changing deadline. Source upper-tier range text contains literal k suffix anomaly; lower tier thresholds remain as stated.","https://www.firsthorizon.com/forms/private-client-cash-offer","2026-09-22"
"first-horizon-private-client-3000","First Horizon Bank","Private Client Reserve Checking","checking","false","300000","Meet Private Client Relationship Manager; open checking; deposit $500,000 new money into qualifying checking and/or Private Client Money Market within 45 days; maintain tier daily for next 90 days. Enroll DD within 90 days and receive at least two qualifying ACH employer/payroll/government deposits during maintenance period. Pays within 10 business days afterward; remain open/good standing.","https://www.firsthorizon.com/forms/private-client-cash-offer","https://www.firsthorizon.com/forms/private-client-cash-offer","2026-09-30","","","New clients; no personal deposit account in 18 months (promotional jumbo CD exception); $1m combined income/investable assets and $100k deposits or $500k advisors required. One per client/household; primary checking/savings owner same; banker approval, regional availability.","2026-09-09","","account_opening","","","Minimum amount for each required DD is unstated, so total capital blank. Balance interest endpoints day45 to136 (91 elapsed days), distinct from 90 maintenance days. APY for qualifying account allocation unknown. Monthly fee and waiver not verified. Total required funding remains unknown; see requirement-specific missing inputs above. Applicable APY not verified; no interest estimate.","","branch_only","","unknown","","","","unknown","","","","","","","yes","https://www.doctorofcredit.com/tn-ar-ms-al-ga-ky-fl-nc-va-first-horizon-bank-450-checking-bonus-direct-deposit-not-required/","2026-09-24","FYI, they pulled my chex on 04/21/2026 DoC reader datapoints (article field unknown or absent), 2026-08-29. DoC field says 'Unknown, sensitive'. Multiple 2026 comments report Chex pulls and Chex denials online, though some report in-branch opening with Chex frozen; DoC's Chex list has First Horizon under 'Does pull'. Applies to the Private Client offers too (a comment there says 'Chex: Yes, sensitive'). Secondary reported screening, not a bank guarantee.","$500,000.00: Tier new money and maintained balance. Tier balance verified but DD dollar minimum and overlap unresolved. Live offer ends October 30 versus stored September 30; campaign-date discrepancy recorded without changing deadline. Source upper-tier range text contains literal k suffix anomaly; lower tier thresholds remain as stated.","https://www.firsthorizon.com/forms/private-client-cash-offer","2026-09-22"
"spruce-kickstart-100","Spruce / Pathward","Spending Account","checking","false","10000","New customers open Spending and Savings accounts September 1-30 2026 without a referral link. Receive cumulative $500 qualifying employer payroll or government-benefit ACH direct deposits within 45 days. Excludes tax refunds; other ACH credits; mobile checks; internal/external-account transfers; peer payments/transfers; cash transfers. $100 to Spending within 14 business days after requirements; both accounts must be open and unrestricted at payout. One per customer; no other offer/referral combination; previous Spruce customers excluded.","https://www.sprucemoney.com/lp/welcome-bonus/","https://www.sprucemoney.com/lp/welcome-bonus/","2026-09-30","0","No monthly/signup/minimum-balance/foreign-transaction/in-network ATM/check-request/one-time ACH fee. Optional: out-of-network ATM $3 plus operator fee; counter withdrawal $4.95; third-party cash load up to $4.95; checkbook $15; expedited card $15. No early-close fee listed; do not close before payout.","New individual users only; fifty US states and DC; age18+ (19 in AL/NE); no business/joint accounts. H&R Block fintech; accounts at Pathward. Washington exclusion in site footer is for a different referral campaign not Kickstart. Identity verification required.","2026-09-16","0","account_opening","https://www.sprucemoney.com/legal/spending-account-agreement/","2026-09-16","Current bonus legal https://www.sprucemoney.com/legal/spruce-bonus-and-incentive-agreement/; Spending agreement sections3/4/6 verify geography and no interest. Aggregate $500; no required count or per-deposit minimum. No promotional balance hold stated; available electronic deposits can be withdrawn subject to normal availability/security restrictions. Closing Spending also closes Savings; no campaign-specific post-payout clawback stated. MODEL ONLY: each qualifying DD at 0% for seven days; not a bank hold or guaranteed release date. One illustrative $500 DD: 4.00% APY comparison cost $0.38; net $99.62; annualized net ROI 1038.93%; Good ROI by >=10%. Multiple DDs must be modeled individually with their own dates; illustration is not exact personal ROI. Excludes taxes/optional fees/effort. Spending interest is verified 0%; separate Savings APY is not used or double-counted. No requirement to retain DD in Spending after receipt stated; transfer is not itself a qualifying deposit. Runtime keeps canonical recycled-DD gross model; unknown bank count stays blank.","0","online","","nationwide","","","","50000","","","","","","","no","https://www.doctorofcredit.com/spruce-money-fintech-100-bonus/","2026-09-24","ChexSystems: No DoC article ChexSystems field, 2026-09-15. DoC Spruce article lists ChexSystems: No; Sept 2026 comments report approval with Chex frozen. Secondary reported screening, not a bank guarantee.","","",""
"members-exchange-kasasa-match-200","Members Exchange Federal Credit Union","Kasasa Checking","checking","false","20000","Open Kasasa during August27–September30 promotion; establish DD and make 15 debit purchases within 60 days; keep good standing. Credit union matches DD up to $200; full cap requires $200 DD.","https://www.mecuanywhere.com/kasasa-checking-bonus/","https://www.mecuanywhere.com/kasasa-checking-bonus/","2026-09-30","","","MS credit-union membership required; additional terms may apply.","2026-09-09","","","","","Continuous 100% match capped at $200, not discrete lower tiers. DD deadline not separately explicit; 60 days explicitly applies to purchases. Purchase dollar minimum, payout timing and opening funds not stated. Monthly fee and waiver not verified. DD model: cumulative required deposits, no recycling, 0% APY and seven days per deposit; not a bank hold requirement. Unspecified debit purchase amounts and ancillary membership/opening funds are disclosed separately, not assumed recycled.","","online","","unknown","","","","","","","","","","","unknown","","","","","",""
"guaranty-mo-business-500","Guaranty Bank (Missouri)","Essential / Small Business / Business Interest Checking","checking","true","50000","Open September1–December31, 2026; within 60 days enroll eStatements, post/settle at least 30 qualifying debit/credit transactions and total $2,500 qualifying deposits. Pays within 30 days after day60; account open/positive at payout.","https://gbankmo.com/business/small-business-checking-promo","https://gbankmo.com/business/small-business-checking-promo","2026-12-31","","","New business clients; no closed business checking within 12 months; government entities excluded; one per business TIN; MO bank approval.","2026-09-09","","account_opening","","","Qualifying aggregate deposits known; no full-capital maintenance hold specified despite marketing heading Maintain Your Balance. Payout positive balance minimum unspecified; safe withdrawal endpoint/APY unknown. Noncash $89 card reader not counted. Monthly fee and waiver not verified. Applicable APY not verified; no interest estimate.","","","","unknown","","","","","","","","","","","unknown","","","","","",""
"elevations-peak-perks-500","Elevations Credit Union","Peak Perks Checking","checking","false","50000","Open with ECU500 by November30, 2026; log into online banking and receive $1,000 aggregate DD each month for two consecutive months, all within 90 days. Pays within30 days after final requirement if positive/good standing. Bonus revocable if closed within12 months.","https://www.elevationscu.com/peakperks350","https://www.elevationscu.com/peakperks350","2026-11-30","800","$1,000 DD or 20 debit/credit transactions monthly.","Colorado residents; new members only; one per household lifetime; employees/board/negative-balance closures excluded; one-time $5 membership fee.","2026-09-09","","account_opening","","","Two monthly aggregate $1,000 requirements; not a minimum per individual deposit, so dd_min_count/min_deposit blank. $5 membership fee is cost, not assumed refundable capital. DD model: cumulative required deposits, no recycling, 0% APY and seven days per deposit; not a bank hold requirement. Unspecified debit purchase amounts and ancillary membership/opening funds are disclosed separately, not assumed recycled.","","","","included_states","CO","","372","","","","","","","","yes","https://www.doctorofcredit.com/banks-credit-unions-dodont-pull-chexsystems/","2026-09-24","Elevations Credit Union Does pull: 1 DoC ChexSystems do/don't-pull list or quoted bank terms, 2026-09-13. DoC's compiled do/don't-pull list has Elevations under 'Does pull' (single datapoint); the current $350 Peak Perks article field says Unknown. Secondary reported screening, not a bank guarantee.","","",""
"north-shore-business-500","North Shore Bank","Basic Business Checking","checking","true","50000","Open in branch September1–30, 2026. Deposit $2,000 new money days1–30; maintain minimum daily $2,000 days31–90; make10 qualifying Business Debit Mastercard purchases posting days1–90. Pays within15 days. Keep account open12 months AFTER bonus payout; bonus clawback; $50 close fee within180 days.","https://www.northshorebank.com/special-offers/september-2026-business-checking-account-special","https://www.northshorebank.com/special-offers/september-2026-business-checking-account-special","2026-09-30","1000","Basic: $500 average monthly collected balance; eStatements required or $8.50 monthly paper fee.","WI/IL branches; no existing business checking; one new business bonus every24 months; excludes nonprofit/government/political/IOLTA/IBRETA and bank employees.","2026-09-09","","account_opening","","","Purchase dollar minimum unspecified; cannot verify full combined balance-plus-spend capital. Balance leg latest funding day30 to withdrawal91 =61 elapsed interest days, maintenance60. No applicable APY verified. Keep-open is not full capital hold. Total required funding remains unknown; see requirement-specific missing inputs above. Applicable APY not verified; no interest estimate.","","branch_only","","unknown","","","477","unknown","","","","","","","unknown","","","","$2,000.00: Total new money days 1–30. $2,000.00: Maintain days 31–90; same qualifying checking, not evidence of additional $2,000. Browser recovers omitted $2,000 new-money/minimum-daily-balance terms. Opening funding not stated and debit purchase amount/overlap not complete, so total unknown. $500/$2,500/$25,000 fee-waiver balances are not campaign-funding minima.","https://www.northshorebank.com/special-offers/september-2026-business-checking-account-special","2026-09-22"
"visions-flex-200","Visions Federal Credit Union","Flex Checking","checking","false","20000","Join/open Flex Checking September1–December31 with DD500FALL2026. Receive recurring (two or more) qualifying payroll/pension/government ACH DD totaling $1,000 within90 days; tier based on day90 total; pays to primary savings after90 days. Remain open/good standing.","https://visionsfcu.org/500","https://visionsfcu.org/500","2026-12-31","0","","Age18+; never prior Visions membership; NY/PA/NJ membership restrictions; consumer only; one bonus; cannot combine membership/checking/referral offers; $1 membership savings balance required.","2026-09-09","","account_opening","","","Aggregate DD tier, per-deposit minimum unspecified. Separate $1 membership share not silently recycled into DD. DD model: cumulative required deposits, no recycling, 0% APY and seven days per deposit; not a bank hold requirement. Unspecified debit purchase amounts and ancillary membership/opening funds are disclosed separately, not assumed recycled.","","online","","unknown","","","","","","","","","","","yes","https://www.doctorofcredit.com/banks-credit-unions-dodont-pull-chexsystems/","2026-09-24","Visions Federal Credit Union Does pull: 1 DoC ChexSystems do/don't-pull list or quoted bank terms, 2026-09-13. DoC's compiled list has Visions under 'Does pull' (single datapoint); the current $200 checking article field says Unknown. Secondary reported screening, not a bank guarantee.","","",""
"visions-flex-300","Visions Federal Credit Union","Flex Checking","checking","false","30000","Join/open Flex Checking September1–December31 with DD500FALL2026. Receive recurring (two or more) qualifying payroll/pension/government ACH DD totaling $3,000 within90 days; tier based on day90 total; pays to primary savings after90 days. Remain open/good standing.","https://visionsfcu.org/500","https://visionsfcu.org/500","2026-12-31","0","","Age18+; never prior Visions membership; NY/PA/NJ membership restrictions; consumer only; one bonus; cannot combine membership/checking/referral offers; $1 membership savings balance required.","2026-09-09","","account_opening","","","Aggregate DD tier, per-deposit minimum unspecified. Separate $1 membership share not silently recycled into DD. DD model: cumulative required deposits, no recycling, 0% APY and seven days per deposit; not a bank hold requirement. Unspecified debit purchase amounts and ancillary membership/opening funds are disclosed separately, not assumed recycled.","","online","","unknown","","","","","","","","","","","yes","https://www.doctorofcredit.com/banks-credit-unions-dodont-pull-chexsystems/","2026-09-24","Visions Federal Credit Union Does pull: 1 DoC ChexSystems do/don't-pull list or quoted bank terms, 2026-09-13. DoC's compiled list has Visions under 'Does pull' (single datapoint); the current $200 checking article field says Unknown. Secondary reported screening, not a bank guarantee.","","",""
"visions-flex-500","Visions Federal Credit Union","Flex Checking","checking","false","50000","Join/open Flex Checking September1–December31 with DD500FALL2026. Receive recurring (two or more) qualifying payroll/pension/government ACH DD totaling $5,000 within90 days; tier based on day90 total; pays to primary savings after90 days. Remain open/good standing.","https://visionsfcu.org/500","https://visionsfcu.org/500","2026-12-31","0","","Age18+; never prior Visions membership; NY/PA/NJ membership restrictions; consumer only; one bonus; cannot combine membership/checking/referral offers; $1 membership savings balance required.","2026-09-09","","account_opening","","","Aggregate DD tier, per-deposit minimum unspecified. Separate $1 membership share not silently recycled into DD. DD model: cumulative required deposits, no recycling, 0% APY and seven days per deposit; not a bank hold requirement. Unspecified debit purchase amounts and ancillary membership/opening funds are disclosed separately, not assumed recycled.","","online","","unknown","","","","","","","","","","","yes","https://www.doctorofcredit.com/banks-credit-unions-dodont-pull-chexsystems/","2026-09-24","Visions Federal Credit Union Does pull: 1 DoC ChexSystems do/don't-pull list or quoted bank terms, 2026-09-13. DoC's compiled list has Visions under 'Does pull' (single datapoint); the current $200 checking article field says Unknown. Secondary reported screening, not a bank guarantee.","","",""
"sidney-boost-250","Sidney Federal Credit Union","Boost Checking","checking","false","25000","Open August1–October31, 2026; within60 days meet a monthly qualification cycle: $2,500/month direct deposits,15 debit purchases, eStatements. Pays first day of following month after all requirements met. No transaction rollovers.","https://sfcuonline.org/accounts/compare-checking-accounts/boostchecking/","https://sfcuonline.org/accounts/compare-checking-accounts/boostchecking/","2026-10-31","0","","New checking only; conversions ineligible; one Boost per account number; NY credit-union membership eligibility.","2026-09-09","","account_opening","","","Monthly aggregate $2,500; issuer pays month after qualification, no two-month DD requirement stated. Debit purchase amounts unspecified. Direct HTML returned403 but contained complete genuine disclosures matching live page; preserved response. DD model: cumulative required deposits, no recycling, 0% APY and seven days per deposit; not a bank hold requirement. Unspecified debit purchase amounts and ancillary membership/opening funds are disclosed separately, not assumed recycled.","0","online","","unknown","","","","","","","","","","","unknown","","","","","",""
"media-city-referred-checking-100","Media City Credit Union","Referred New Checking","checking","false","10000","Use existing-member referral at new membership/checking opening; payroll/pension/government DD $500+ monthly begins within60 days;10 qualifying debit/ACH/billpay transactions monthly; enroll eStatements; maintain activity at least90 days. Referred member receives $100 after90 days if qualified.","https://mediacitycu.org/refer-a-buddy-2/","https://mediacitycu.org/refer-a-buddy-2/","","","","18+; no existing membership/checking/loans; employees/officials excluded; Burbank residents/workers or family/household, or ChangeWorks Foundation via $25 donation; genuine referral required.","2026-09-09","","","","","Monthly DD $500 known but total number required not explicit (start within60 days vs activity90 days); cumulative capital blank. Separate referrer reward not counted. $20 close fee within90 days; membership donation conditional. Monthly fee and waiver not verified. Total required funding remains unknown; see requirement-specific missing inputs above. DD model: cumulative required deposits, no recycling, 0% APY and seven days per deposit; not a bank hold requirement. Unspecified debit purchase amounts and ancillary membership/opening funds are disclosed separately, not assumed recycled. No current definite expiration verified.","","online","","unknown","","","","unknown","","","","","","","yes","https://www.doctorofcredit.com/ca-burbank-media-city-credit-union-100-referral-bonus/","2026-09-24","ChexSystems: Yes DoC article ChexSystems field, 2026-09-06. DoC fine print; the terms also say 'Must pass Chexsystems.' Secondary reported screening, not a bank guarantee.","$500.00: Payroll/pension/government DD $500+ monthly beginning within 60 days; exact count/required monthly cycles not specified. $25.00: Share Savings minimum to open; separate $5 fee is not principal. Monthly DD threshold and $25 membership opening verified. Do not put $500 in the unsplit recurring step as complete cumulative funding or assume three months from 90-day activity. Transaction amounts, cycle count, release and overlap unresolved.","https://mediacitycu.org/refer-a-buddy-2/","2026-09-22"
"langley-targeted-checking-300","Langley Federal Credit Union","Targeted Checking","checking","false","30000","Use LANGLEYBONUS2026, open checking within30 days membership; receive qualifying payroll/pension/SS/recurring ACH income of $1,000 each month for three consecutive months. Pays savings after third qualifying month/verification; keep open/good standing.","https://www.langleyfcu.org/get-rewarded","https://www.langleyfcu.org/get-rewarded","","","","Targeted direct-mail/email recipients only; page conflicts new-members-only vs new/existing emailed members; must have direct Langley invitation; $5 membership savings deposit.","2026-09-09","","","","","Three cumulative monthly aggregate $1,000 deposits; exact qualifying window/individual deposit count absent. New/existing eligibility conflict must be resolved against personal invitation. Monthly fee and waiver not verified. DD model: cumulative required deposits, no recycling, 0% APY and seven days per deposit; not a bank hold requirement. Unspecified debit purchase amounts and ancillary membership/opening funds are disclosed separately, not assumed recycled. No current definite expiration verified.","","online","","unknown","","","","","","","","","","","no","https://www.doctorofcredit.com/targeted-nc-va-langley-federal-credit-union-300-checking-250-savings-bonus/","2026-09-24","ChexSystems: No DoC article ChexSystems field, 2026-09-07. DoC article for the same targeted checking/savings offer says No; DoC's list also has Langley under 'Doesn't pull'. Secondary reported screening, not a bank guarantee.","","",""
"langley-targeted-savings-50","Langley Federal Credit Union","High-Yield Savings","savings","false","5000","Use LANGLEYBONUS2026; open High-Yield Savings within30 days establishing membership; average daily balance at least $5,000 during first180 account days. Pays within30 days after180-day period. To earn3.60% APY enroll eStatements and no more than one withdrawal per month.","https://www.langleyfcu.org/get-rewarded","https://www.langleyfcu.org/get-rewarded","","","","Targeted direct Langley acquisition campaign only; new members; one High-Yield Savings/reward per member; $5 regular membership savings deposit.","2026-09-09","3.60","","https://www.langleyfcu.org/get-rewarded","","Average daily balance over first180 days, not a funding grace period. At exact tier fund at opening; exact day0/day1 inclusive boundary and first safe withdrawal not expressly clarified, so endpoints blank. APY date unstated. Separate $5 share disclosed; no combined $550 duplicate row. Monthly fee and waiver not verified. No current definite expiration verified.","","online","","unknown","","","","","","","","","","","no","https://www.doctorofcredit.com/targeted-nc-va-langley-federal-credit-union-300-checking-250-savings-bonus/","2026-09-24","ChexSystems: No DoC article ChexSystems field, 2026-09-07. DoC article for the same targeted checking/savings offer says No; DoC's list also has Langley under 'Doesn't pull'. Secondary reported screening, not a bank guarantee.","","",""
"langley-targeted-savings-150","Langley Federal Credit Union","High-Yield Savings","savings","false","15000","Use LANGLEYBONUS2026; open High-Yield Savings within30 days establishing membership; average daily balance at least $10,000 during first180 account days. Pays within30 days after180-day period. To earn3.60% APY enroll eStatements and no more than one withdrawal per month.","https://www.langleyfcu.org/get-rewarded","https://www.langleyfcu.org/get-rewarded","","","","Targeted direct Langley acquisition campaign only; new members; one High-Yield Savings/reward per member; $5 regular membership savings deposit.","2026-09-09","3.60","","https://www.langleyfcu.org/get-rewarded","","Average daily balance over first180 days, not a funding grace period. At exact tier fund at opening; exact day0/day1 inclusive boundary and first safe withdrawal not expressly clarified, so endpoints blank. APY date unstated. Separate $5 share disclosed; no combined $550 duplicate row. Monthly fee and waiver not verified. No current definite expiration verified.","","online","","unknown","","","","","","","","","","","no","https://www.doctorofcredit.com/targeted-nc-va-langley-federal-credit-union-300-checking-250-savings-bonus/","2026-09-24","ChexSystems: No DoC article ChexSystems field, 2026-09-07. DoC article for the same targeted checking/savings offer says No; DoC's list also has Langley under 'Doesn't pull'. Secondary reported screening, not a bank guarantee.","","",""
"langley-targeted-savings-250","Langley Federal Credit Union","High-Yield Savings","savings","false","25000","Use LANGLEYBONUS2026; open High-Yield Savings within30 days establishing membership; average daily balance at least $25,000 during first180 account days. Pays within30 days after180-day period. To earn3.60% APY enroll eStatements and no more than one withdrawal per month.","https://www.langleyfcu.org/get-rewarded","https://www.langleyfcu.org/get-rewarded","","","","Targeted direct Langley acquisition campaign only; new members; one High-Yield Savings/reward per member; $5 regular membership savings deposit.","2026-09-09","3.60","","https://www.langleyfcu.org/get-rewarded","","Average daily balance over first180 days, not a funding grace period. At exact tier fund at opening; exact day0/day1 inclusive boundary and first safe withdrawal not expressly clarified, so endpoints blank. APY date unstated. Separate $5 share disclosed; no combined $550 duplicate row. Monthly fee and waiver not verified. No current definite expiration verified.","","online","","unknown","","","","","","","","","","","no","https://www.doctorofcredit.com/targeted-nc-va-langley-federal-credit-union-300-checking-250-savings-bonus/","2026-09-24","ChexSystems: No DoC article ChexSystems field, 2026-09-07. DoC article for the same targeted checking/savings offer says No; DoC's list also has Langley under 'Doesn't pull'. Secondary reported screening, not a bank guarantee.","","",""
"golden1-business-100","Golden 1 Credit Union","Business / Sole Proprietor Checking","checking","true","10000","Open by September30, 2026. Deposit at least$2,000 new money within15 days; maintain first90-day average daily balance at least $2,000. Pays within30 days after90-day qualification upon verification, open/good standing. $100 minimum opening.","https://www.golden1.com/business-services","https://www.golden1.com/business-services","2026-09-30","","","CA membership and business account eligibility; new Business/Sole Proprietor holders; one per member/business taxID; no other checking bonus; employees ineligible.","2026-09-09","","","","","First90-day ADB includes funding grace: depositing exact tier on day15 does NOT satisfy tier ADB; no latest-deposit endpoint asserted. Exact day boundaries/withdrawal and APY unverified. $100 opening overlaps balance. Optional Clover combination represented separately; alternatives must not be summed. Monthly fee and waiver not verified. Applicable APY not verified; no interest estimate.","10000","","","unknown","","","","200000","","","","","","","yes","https://www.doctorofcredit.com/ca-in-branch-only-golden-1-credit-union-300-business-checking-bonus/#comment-2414408","2026-09-24","Chex was pulled. DoC reader datapoints (article field unknown or absent), 2026-09-16. Business article field is Unknown, but two September 2026 comments on the business checking post report Chex pulled for sole-prop openings. Secondary reported screening, not a bank guarantee.","","",""
"golden1-business-400","Golden 1 Credit Union","Business / Sole Proprietor Checking","checking","true","40000","Open by September30, 2026. Deposit at least$2,000 new money within15 days; maintain first90-day average daily balance at least $10,000. Pays within30 days after90-day qualification upon verification, open/good standing. $100 minimum opening.","https://www.golden1.com/business-services","https://www.golden1.com/business-services","2026-09-30","","","CA membership and business account eligibility; new Business/Sole Proprietor holders; one per member/business taxID; no other checking bonus; employees ineligible.","2026-09-09","","","","","First90-day ADB includes funding grace: depositing exact tier on day15 does NOT satisfy tier ADB; no latest-deposit endpoint asserted. Exact day boundaries/withdrawal and APY unverified. $100 opening overlaps balance. Optional Clover combination represented separately; alternatives must not be summed. Monthly fee and waiver not verified. Applicable APY not verified; no interest estimate.","10000","","","unknown","","","","1000000","","","","","","","yes","https://www.doctorofcredit.com/ca-in-branch-only-golden-1-credit-union-300-business-checking-bonus/#comment-2414408","2026-09-24","Chex was pulled. DoC reader datapoints (article field unknown or absent), 2026-09-16. Business article field is Unknown, but two September 2026 comments on the business checking post report Chex pulled for sole-prop openings. Secondary reported screening, not a bank guarantee.","","",""
"golden1-business-750","Golden 1 Credit Union","Business / Sole Proprietor Checking","checking","true","75000","Open by September30, 2026. Deposit at least$2,000 new money within15 days; maintain first90-day average daily balance at least $15,000. Pays within30 days after90-day qualification upon verification, open/good standing. $100 minimum opening.","https://www.golden1.com/business-services","https://www.golden1.com/business-services","2026-09-30","","","CA membership and business account eligibility; new Business/Sole Proprietor holders; one per member/business taxID; no other checking bonus; employees ineligible.","2026-09-09","","","","","First90-day ADB includes funding grace: depositing exact tier on day15 does NOT satisfy tier ADB; no latest-deposit endpoint asserted. Exact day boundaries/withdrawal and APY unverified. $100 opening overlaps balance. Optional Clover combination represented separately; alternatives must not be summed. Monthly fee and waiver not verified. Applicable APY not verified; no interest estimate.","10000","","","unknown","","","","1500000","","","","","","","yes","https://www.doctorofcredit.com/ca-in-branch-only-golden-1-credit-union-300-business-checking-bonus/#comment-2414408","2026-09-24","Chex was pulled. DoC reader datapoints (article field unknown or absent), 2026-09-16. Business article field is Unknown, but two September 2026 comments on the business checking post report Chex pulled for sole-prop openings. Secondary reported screening, not a bank guarantee.","","",""
"golden1-business-100-clover","Golden 1 Credit Union","Business / Sole Proprietor Checking + Clover Merchant Services","checking","true","20000","Open by September30, 2026. Deposit at least$2,000 new money within15 days; maintain first90-day average daily balance at least $2,000. Pays within30 days after90-day qualification upon verification, open/good standing. $100 minimum opening. Also open and activate a Merchant Services Clover account before the end of the 90-day qualifying period for an additional $100.","https://www.golden1.com/business-services","https://www.golden1.com/business-services","2026-09-30","","","CA membership and business account eligibility; new Business/Sole Proprietor holders; one per member/business taxID; no other checking bonus; employees ineligible.","2026-09-09","","","","","Primary offer expressly authorizes this extra $100 combination. Known balance leg retained; merchant service activation/processing costs and any additional capital are not verified, so total capital and net return remain unknown. Exact balance endpoints/APY also unverified. Alternative aggregate cash tier, not additive to base Golden1 rows.","10000","","","unknown","","","","unknown","","","","","","","yes","https://www.doctorofcredit.com/ca-in-branch-only-golden-1-credit-union-300-business-checking-bonus/#comment-2414408","2026-09-24","Chex was pulled. DoC reader datapoints (article field unknown or absent), 2026-09-16. Business article field is Unknown, but two September 2026 comments on the business checking post report Chex pulled for sole-prop openings. Secondary reported screening, not a bank guarantee.","$100.00: Business Checking minimum opening deposit. $2,000.00: New money within 15 days; not an additional requirement to add mechanically to ADB. $2,000.00: Tier balance over first 90 days. Recovered exact September campaign legal via query variant after ordinary extraction omitted it and browser HTTP/2 failed. Opening/new-money/ADB amounts verified. Clover activation funding and opening/ADB overlap not fully established; do not certify complete combined capital. No deadlines or fee fields changed.","https://www.golden1.com/business-services","2026-09-22"
"golden1-business-400-clover","Golden 1 Credit Union","Business / Sole Proprietor Checking + Clover Merchant Services","checking","true","50000","Open by September30, 2026. Deposit at least$2,000 new money within15 days; maintain first90-day average daily balance at least $10,000. Pays within30 days after90-day qualification upon verification, open/good standing. $100 minimum opening. Also open and activate a Merchant Services Clover account before the end of the 90-day qualifying period for an additional $100.","https://www.golden1.com/business-services","https://www.golden1.com/business-services","2026-09-30","","","CA membership and business account eligibility; new Business/Sole Proprietor holders; one per member/business taxID; no other checking bonus; employees ineligible.","2026-09-09","","","","","Primary offer expressly authorizes this extra $100 combination. Known balance leg retained; merchant service activation/processing costs and any additional capital are not verified, so total capital and net return remain unknown. Exact balance endpoints/APY also unverified. Alternative aggregate cash tier, not additive to base Golden1 rows.","10000","","","unknown","","","","unknown","","","","","","","yes","https://www.doctorofcredit.com/ca-in-branch-only-golden-1-credit-union-300-business-checking-bonus/#comment-2414408","2026-09-24","Chex was pulled. DoC reader datapoints (article field unknown or absent), 2026-09-16. Business article field is Unknown, but two September 2026 comments on the business checking post report Chex pulled for sole-prop openings. Secondary reported screening, not a bank guarantee.","$100.00: Business Checking minimum opening deposit. $2,000.00: New money within 15 days; not an additional requirement to add mechanically to ADB. $10,000.00: Tier balance over first 90 days. Recovered exact September campaign legal via query variant after ordinary extraction omitted it and browser HTTP/2 failed. Opening/new-money/ADB amounts verified. Clover activation funding and opening/ADB overlap not fully established; do not certify complete combined capital. No deadlines or fee fields changed.","https://www.golden1.com/business-services","2026-09-22"
"golden1-business-750-clover","Golden 1 Credit Union","Business / Sole Proprietor Checking + Clover Merchant Services","checking","true","85000","Open by September30, 2026. Deposit at least$2,000 new money within15 days; maintain first90-day average daily balance at least $15,000. Pays within30 days after90-day qualification upon verification, open/good standing. $100 minimum opening. Also open and activate a Merchant Services Clover account before the end of the 90-day qualifying period for an additional $100.","https://www.golden1.com/business-services","https://www.golden1.com/business-services","2026-09-30","","","CA membership and business account eligibility; new Business/Sole Proprietor holders; one per member/business taxID; no other checking bonus; employees ineligible.","2026-09-09","","","","","Primary offer expressly authorizes this extra $100 combination. Known balance leg retained; merchant service activation/processing costs and any additional capital are not verified, so total capital and net return remain unknown. Exact balance endpoints/APY also unverified. Alternative aggregate cash tier, not additive to base Golden1 rows.","10000","","","unknown","","","","unknown","","","","","","","yes","https://www.doctorofcredit.com/ca-in-branch-only-golden-1-credit-union-300-business-checking-bonus/#comment-2414408","2026-09-24","Chex was pulled. DoC reader datapoints (article field unknown or absent), 2026-09-16. Business article field is Unknown, but two September 2026 comments on the business checking post report Chex pulled for sole-prop openings. Secondary reported screening, not a bank guarantee.","$100.00: Business Checking minimum opening deposit. $2,000.00: New money within 15 days; not an additional requirement to add mechanically to ADB. $15,000.00: Tier balance over first 90 days. Recovered exact September campaign legal via query variant after ordinary extraction omitted it and browser HTTP/2 failed. Opening/new-money/ADB amounts verified. Clover activation funding and opening/ADB overlap not fully established; do not certify complete combined capital. No deadlines or fee fields changed.","https://www.golden1.com/business-services","2026-09-22"
"crbt-maxx-425","Cedar Rapids Bank & Trust","MAXX Checking","checking","false","42500","Open July1–September30, 2026 with$25 opening; choose$425 cash (online defaults cash). Within90 days receive aggregate$500 qualifying DD and15 qualifying Visa debit purchases; keep open90 days. Pays within30 days after qualifying period.","https://crbt.bank/bonus","https://crbt.bank/bonus","2026-09-30","","","Iowa residents only; new consumer checking; never previously received new-account bonus; one/TIN; no other offer.","2026-09-09","","account_opening","","","Separate $25 opening funds; qualifying DD aggregate$500. Purchase amounts unspecified. $250 referrer reward excluded; $425 cash replaces gift, not stacked. Monthly fee and waiver not verified. DD model: cumulative required deposits, no recycling, 0% APY and seven days per deposit; not a bank hold requirement. Unspecified debit purchase amounts and ancillary membership/opening funds are disclosed separately, not assumed recycled.","2500","online","","included_states","IA","","90","","","","","","","","unknown","","","","","",""
"crbt-step-up-teen-425","Cedar Rapids Bank & Trust","Step Up Teen Checking","checking","false","42500","Open bySeptember30 in person with$25; choose$425 cash rather than gift. Post5 qualifying Visa debit purchases within90 days and keep account open90 days; pays within30 days after qualifying period.","https://crbt.bank/bonus","https://crbt.bank/bonus","2026-09-30","","","Iowa, age18 or younger; under18 parent/guardian joint owner; no prior new-account bonus; one/TIN, no stacking.","2026-09-09","","","","","No DD requirement for teen. Opening$25 known, purchase minimum/total consumed capital unknown; required funding blank. Monthly fee and waiver not verified. Total required funding remains unknown; see requirement-specific missing inputs above. Applicable APY not verified; no interest estimate.","2500","branch_only","","included_states","IA","","90","unknown","","","","","","","unknown","","","","$25.00: Teen checking opening deposit, confirmed in campaign. Five required debit purchases have unknown dollar amounts. $25 opening deposit is verified but not a verified complete funding amount; no $500 DD requirement for teen tier.","https://crbt.bank/bonus","2026-09-22"
"california-bank-trust-gold-350","California Bank & Trust","Gold Account","checking","false","35000","Apply via current Gold350 promotional page; receive total$7,500 DD within first90 days from opening. $50 minimum opening; verify full enrollment eligibility with issuer before applying.","https://www.calbanktrust.com/personal/landing/gold350/","https://www.calbanktrust.com/personal/landing/gold350/","","1800","$2,500 daily Gold balance or $25,000 combined deposit balance.","CA bank offer; DoC title incorrectly labels Nevada. No Nevada/Vectra or investment account bonus inferred.","2026-09-09","","account_opening","","","Live offer confirms amount and funding but does not render full bonus fine print, expiration, payout, or prior-account restrictions. Those remain unknown; historical Zions sibling terms not copied. $50 opening overlap with DD unverified. DD model: cumulative required deposits, no recycling, 0% APY and seven days per deposit; not a bank hold requirement. Unspecified debit purchase amounts and ancillary membership/opening funds are disclosed separately, not assumed recycled. No current definite expiration verified.","5000","online","","unknown","","","","","","","","","","","unknown","","","","","",""
"town-country-star-300","Town & Country Credit Union (ND)","Star Rewards Checking","checking","false","30000","Open September1–November30,2026 with promo300; within60 days receive$1,000 total qualifying DD, eStatements and12 debit transactions. Remain open/good standing at bonus payment.","https://www.townandcountry.org/about/resources/news-events/2026/08/25/get--300-with-a-new-star-rewards-checking-account","https://www.townandcountry.org/about/resources/news-events/2026/08/25/get--300-with-a-new-star-rewards-checking-account","2026-11-30","","","ND credit-union membership; no existing/closed checking within18months; one new checking promotion per18months measured previous enrollment; one/SSN, no stacking.","2026-09-09","","account_opening","","","Aggregate DD amount; individual deposit count/minimum not specified; debit spending amount unspecified; payout exact day absent. Monthly fee and waiver not verified. DD model: cumulative required deposits, no recycling, 0% APY and seven days per deposit; not a bank hold requirement. Unspecified debit purchase amounts and ancillary membership/opening funds are disclosed separately, not assumed recycled.","","online","","unknown","","","","","","","","","","","unknown","","","","","",""
"adelfi-harvest-checking-100","AdelFi Credit Union","Harvest High-Yield Checking","checking","false","10000","Use Bee byDecember31,2026. $100 opening deposit; register digital banking and eStatements for $100 new-member bonus after60 days once approved/eligible. APY qualification is separate from bonus.","https://www.adelfibanking.com/bee-b/","https://www.adelfibanking.com/bee-b/","2026-12-31","0","","US residents; Christian membership eligibility; no AdelFi membership in24months; one Harvest Checking/member; Babylon Bee campaign.","2026-09-09","","account_opening","","","No minimum balance after opening; no bank requirement to hold$100 for60 days inferred. Earliest bonus-safe full withdrawal/account-zero closure rule unknown. Checking4% is conditional on extra$500 monthly deposits/card activation, so no blanket APY used. Applicable APY not verified; no interest estimate.","10000","online","","nationwide","","Membership: affiliation with a qualifying Christian church, ministry or school required.","","","","","","","","","yes","https://www.doctorofcredit.com/must-be-a-member-of-a-christian-ministry-christian-community-credit-union-100-checking-100-savings/","2026-09-24","ChexSystems: Yes, might be inquiry sensitive DoC article ChexSystems field, 2026-09-03. DoC fine print for the current AdelFi $100 checking & $100 savings post. Secondary reported screening, not a bank guarantee.","","",""
"adelfi-harvest-savings-100","AdelFi Credit Union","Harvest High-Yield Savings","savings","false","10000","Use Bee byDecember31,2026; open with$100 and have at least$5,000 balance30 days from opening; active online banking required. $100 bonus after30 days once eligibility verified.","https://www.adelfibanking.com/bee-b/","https://www.adelfibanking.com/bee-b/","2026-12-31","500","Keep$100; custodial under18 exempt.","US new members, no membership24months, Christian membership requirements; one Harvest Savings/member.","2026-09-09","5.00","account_opening","https://www.adelfibanking.com/bee-b/","2026-09-09","Snapshot balance at day30, not30-day hold. Latest funding30 and conservative withdrawal31 models one day; keep$100 afterward to avoid fee, and account open for credit. 5% applies exact$5,000 with active online banking; rate variable. Opening$100 included in$5k, not added twice.","10000","online","","nationwide","","Membership: affiliation with a qualifying Christian church, ministry or school required.","","","","","","","","","yes","https://www.doctorofcredit.com/must-be-a-member-of-a-christian-ministry-christian-community-credit-union-100-checking-100-savings/","2026-09-24","ChexSystems: Yes, might be inquiry sensitive DoC article ChexSystems field, 2026-09-03. DoC fine print for the current AdelFi $100 checking & $100 savings post. Secondary reported screening, not a bank guarantee.","","",""
"amex-rewards-checking-300","American Express National Bank","Rewards Checking","checking","false","30000","Open first Rewards Checking byFebruary1,2027 and receive total$7,500 qualifying employer/government ACH DD within90 days. Paycheck/pension/benefits/tax refund eligible; P2P, bank transfers, checks and points redemptions excluded. Remain open/good standing until payout, up to8–12weeks.","https://www.americanexpress.com/en-us/banking/checking-account/","https://www.americanexpress.com/en-us/banking/checking-account/","2027-02-01","0","","Eligible AENB US Basic Consumer cardholders/additional card members or existing HYSA/CD customers; never previous Rewards Checking; one bonus/account/customer.","2026-09-09","","account_opening","","","Aggregate DD requirement, no per-deposit/count minimum; model0% despite account1% advertised APY. DD model: cumulative required deposits, no recycling, 0% APY and seven days per deposit; not a bank hold requirement. Unspecified debit purchase amounts and ancillary membership/opening funds are disclosed separately, not assumed recycled.","0","online","","unknown","","","","","","","","","","","unknown","","","","","",""
"x-money-ny-dd-300","X Money / X Payments LLC","Individual Stored Value Account","other","false","30000","NY eligible-state account open90 days and receive$3,000 qualifying deposits in that period; ACH SEC PPD or eligible X Creator payouts. Paid14days after requirements; no minimum balance except open/good standing.","https://money.x.com/en/i/direct-deposit-bonus","https://money.x.com/en/i/direct-deposit-bonus","","","","Only New York residents currently; individual stored-value account; one account/user; proof of residency may be required. Existing interest-earning NY users begin90-day eligibility October1,2026.","2026-09-09","","","","","Payment account, not a conventional checking product; retained in other scope. New eligible account opening anchor differs from existing users October1 transition, so timeline anchor blank. Subscription fees and eligibility outside bonus page not certified; do not assume free. Monthly fee and waiver not verified. DD model: cumulative required deposits, no recycling, 0% APY and seven days per deposit; not a bank hold requirement. Unspecified debit purchase amounts and ancillary membership/opening funds are disclosed separately, not assumed recycled. No current definite expiration verified.","","online","","included_states","NY","","","","","","","","","","unknown","","","","","",""
"forest-area-referred-50","Forest Area Federal Credit Union","Regular Share","savings","false","5000","Identify genuine existing-member referrer before opening membership September1–October31; open required Regular Share with$10 and maintain membership/account open/good standing through payment. $50 new-member share reward.","https://forestarea.com/resources/security-center/bring-your-own-bestie-promo-terms-and-conditions.html","https://forestarea.com/resources/security-center/bring-your-own-bestie-promo-terms-and-conditions.html","2026-10-31","","","Eligible MI credit-union members; no membership within6months; referral at opening, not retroactive; no other membership/checking/referral offers.","2026-09-09","","","","","Alternative aggregate tier, not additive to other Forest Area rows. Required$10 membership share separate from$100 DD at max tier; combined capital/spend unresolved. Exact share payout/withdrawal dates unknown. Primary disclosures differ on membership vs checking qualification anchor; use earlier membership anchor conservatively; confirm with issuer. Monthly fee and waiver not verified. Total required funding remains unknown; see requirement-specific missing inputs above. Applicable APY not verified; no interest estimate.","1000","online","","included_states","MI","Membership: live, work, worship or attend school in Alcona, Alpena, Antrim, Arenac, Benzie, Charlevoix, Cheboygan, Chippewa, Clare, Crawford, Emmet, Gladwin, Grand Traverse, Iosco, Kalkaska, Lake, Leelanau, Mackinac, Manistee, Mason, Missaukee, Montmorency, Ogemaw, Osceola, Oscoda, Otsego, Presque Isle, Roscommon or Wexford County","","1000","","","","","","","unknown","","","","$10.00: Regular Share opening minimum $10.00: Same funds must remain in Share Savings to retain membership $10.00: Single user-funded share leg for this tier Complete funding for this tier is the $10 retained membership share. Campaign and membership agreement confirm the same share, so opening funds are not added a second time. Withdrawal/payout timing, fees, and APY remain untouched.","https://forestarea.com/resources/security-center/bring-your-own-bestie-promo-terms-and-conditions.html","2026-09-22"
"forest-area-referred-100","Forest Area Federal Credit Union","Regular Share + Superior Checking","checking","false","10000","Identify genuine existing-member referrer before opening membership September1–October31; open required Regular Share with$10 and maintain membership/account open/good standing through payment. $50 new-member share reward. Open Superior Checking (no opening deposit) for additional$50.","https://forestarea.com/resources/security-center/bring-your-own-bestie-promo-terms-and-conditions.html","https://forestarea.com/resources/security-center/bring-your-own-bestie-promo-terms-and-conditions.html","2026-10-31","","","Eligible MI credit-union members; no membership within6months; referral at opening, not retroactive; no other membership/checking/referral offers.","2026-09-09","","","","","Alternative aggregate tier, not additive to other Forest Area rows. Required$10 membership share separate from$100 DD at max tier; combined capital/spend unresolved. Exact share payout/withdrawal dates unknown. Primary disclosures differ on membership vs checking qualification anchor; use earlier membership anchor conservatively; confirm with issuer. Monthly fee and waiver not verified. Total required funding remains unknown; see requirement-specific missing inputs above. Applicable APY not verified; no interest estimate.","1000","online","","included_states","MI","Membership: live, work, worship or attend school in Alcona, Alpena, Antrim, Arenac, Benzie, Charlevoix, Cheboygan, Chippewa, Clare, Crawford, Emmet, Gladwin, Grand Traverse, Iosco, Kalkaska, Lake, Leelanau, Mackinac, Manistee, Mason, Missaukee, Montmorency, Ogemaw, Osceola, Oscoda, Otsego, Presque Isle, Roscommon or Wexford County","","1000","","","","","","","unknown","","","","$10.00: Regular Share opening minimum $10.00: Same funds must remain in Share Savings to retain membership $10.00: Single user-funded share leg for this tier Complete funding for this tier is the $10 retained membership share. Superior Checking adds no opening deposit and the $100 aggregate tier does not require the separate $200 qualification activities. Campaign and membership agreement confirm the same share, so opening funds are not added a second time. Withdrawal/payout timing, fees, and APY remain untouched.","https://forestarea.com/resources/security-center/bring-your-own-bestie-promo-terms-and-conditions.html","2026-09-22"
"forest-area-referred-300","Forest Area Federal Credit Union","Regular Share + Superior Checking","checking","false","30000","Identify genuine existing-member referrer before opening membership September1–October31; open required Regular Share with$10 and maintain membership/account open/good standing through payment. $50 new-member share reward. Open Superior Checking (no opening deposit) for additional$50. Achieve Qualified Dividend Status in one monthly cycle within60days of membership:10 debit transactions,4 online logins,$100 DD,eStatements; earns additional$200.","https://forestarea.com/resources/security-center/bring-your-own-bestie-promo-terms-and-conditions.html","https://forestarea.com/resources/security-center/bring-your-own-bestie-promo-terms-and-conditions.html","2026-10-31","","","Eligible MI credit-union members; no membership within6months; referral at opening, not retroactive; no other membership/checking/referral offers.","2026-09-09","","","","","Alternative aggregate tier, not additive to other Forest Area rows. Required$10 membership share separate from$100 DD at max tier; combined capital/spend unresolved. Exact share payout/withdrawal dates unknown. Primary disclosures differ on membership vs checking qualification anchor; use earlier membership anchor conservatively; confirm with issuer. Monthly fee and waiver not verified. Total required funding remains unknown; see requirement-specific missing inputs above. Applicable APY not verified; no interest estimate.","1000","online","","included_states","MI","Membership: live, work, worship or attend school in Alcona, Alpena, Antrim, Arenac, Benzie, Charlevoix, Cheboygan, Chippewa, Clare, Crawford, Emmet, Gladwin, Grand Traverse, Iosco, Kalkaska, Lake, Leelanau, Mackinac, Manistee, Mason, Missaukee, Montmorency, Ogemaw, Osceola, Oscoda, Otsego, Presque Isle, Roscommon or Wexford County","","unknown","","","","","","","unknown","","","","$10.00: Retained Regular Share $100.00: Monthly aggregate, not verified per-item minimum Share $10 and monthly aggregate DD $100 confirmed, but purchase dollars and mixed-leg total remain unknown. Wording is at least $100 in direct deposit in a monthly qualification cycle; it does not establish a single $100 item. Product PDF (2019-03-29, visually read) likewise says direct deposit of at least $100 per month; do not invent count or per-item minimum.","https://forestarea.com/resources/security-center/bring-your-own-bestie-promo-terms-and-conditions.html","2026-09-22"
"grand-simple-125","Grand Bank","Simple Checking","checking","false","12500","Open Simple checking with$50 byOctober14,2026, mention promotional ad; complete5 debit transactions within60days (heading says monthly; conservatively do each month); $125 base payout within75days. Keep open/positive at payout.","https://grand.bank/checking-offer-250/","https://grand.bank/checking-offer-250/","2026-10-14","","","MS residents18+; new Grand checking clients, no checking in60days; one/person/account; employees excluded.","2026-09-09","","","","","Debit transaction dollar minimum unknown; base opening funds not entire capital. For combined tier monthly$1,000 DD/ACH duration/count unspecified, cumulative funding unknown. FAQ5 total vs heading5 monthly conflict preserved. No fee amount verified for Simple. Monthly fee and waiver not verified. Total required funding remains unknown; see requirement-specific missing inputs above. Applicable APY not verified; no interest estimate.","5000","online","","included_states","MS","","","unknown","","","","","","","unknown","","","","$50.00: Checking opening minimum, not full bonus funding. Live browser reconciles stale extracted August expiry to October 14. Unresolved same-page transaction-count conflict (monthly vs total), unspecified debit dollars prevent a complete total. Preserve deadlines; do not certify invented monthly count.","https://grand.bank/checking-offer-250/","2026-09-22"
"grand-simple-250","Grand Bank","Simple Checking","checking","false","25000","Open Simple checking with$50 byOctober14,2026, mention promotional ad; complete5 debit transactions within60days (heading says monthly; conservatively do each month); $125 base payout within75days. Add qualifying DD or monthly external ACH of at least$1,000 per month for additional$125; pays within75days completion. Keep open/positive at payout.","https://grand.bank/checking-offer-250/","https://grand.bank/checking-offer-250/","2026-10-14","","","MS residents18+; new Grand checking clients, no checking in60days; one/person/account; employees excluded.","2026-09-09","","","","","Debit transaction dollar minimum unknown; base opening funds not entire capital. For combined tier monthly$1,000 DD/ACH duration/count unspecified, cumulative funding unknown. FAQ5 total vs heading5 monthly conflict preserved. No fee amount verified for Simple. Monthly fee and waiver not verified. Total required funding remains unknown; see requirement-specific missing inputs above. Applicable APY not verified; no interest estimate.","5000","online","","included_states","MS","","","unknown","","","","","","","unknown","","","","$50.00: Checking opening minimum, not full bonus funding. $1,000.00: At least $1,000 per month; unspecified cycle count; external ACH is an alternative to payroll. Live browser reconciles stale extracted August expiry to October 14. Unresolved same-page transaction-count conflict (monthly vs total), unspecified debit dollars and unspecified number of $1,000 monthly DD/ACH cycles prevent a complete total. Preserve deadlines; do not certify invented monthly count.","https://grand.bank/checking-offer-250/","2026-09-22"
"great-plains-checking-300-dd","Great Plains Bank","Simply Free Checking - direct deposit route","checking","false","30000","Within 90 days receive $500 direct deposit; then complete two of: 20 debit transactions, 3 online bill pays/ACH payments, eStatements. Choose bill pays plus eStatements to avoid debit purchase-count route. Keep open/good standing through bonus, paid within 60 days of criteria met.","https://www.gpbankok.com/checking-campaign","https://www.gpbankok.com/checking-campaign","2026-12-31","0","","OK/TX market; no owned/co-owned consumer checking within 12 months; one per customer/account; cannot combine offers.","2026-09-09","","","","","Cumulative DD $500 modeled 0% for seven days per deposit. Per-deposit count/minimum unspecified. Bill-pay amounts are unspecified ancillary outflows, not an invented hold or required spend minimum; Simply Free product page verifies $5 opening and no monthly service charge; opening funds are ancillary and DD overlap not established. Quality review: exact Simply Free product page does not explicitly state non-interest-bearing, so APY remains blank; account-opening disclosures blocked by Cloudflare. Campaign says within 90 days but does not explicitly state the timeline anchor; no opening-relative dates or averaging-period endpoints inferred.","500","online","","unknown","","","","","","","","","","","unknown","","","","","",""
"great-plains-checking-300-balance","Great Plains Bank","Simply Free Checking - balance alternative","checking","false","30000","Within 90 days keep $2,500 average balance and complete two of 20 debit transactions, 3 online bill pays/ACH payments, eStatements. Keep open/good standing through payment within 60 days after qualification. Alternative to DD route, not an additional bonus.","https://www.gpbankok.com/checking-campaign","https://www.gpbankok.com/checking-campaign","2026-12-31","0","","OK/TX market; no consumer checking owned/co-owned within 12 months; one bonus per customer/account.","2026-09-09","","","","","Bank states average balance but does not define averaging period start/end or latest qualifying funding/withdrawal. Simply Free has no monthly service charge and $5 opening verified; APY not explicitly stated. Unknown endpoints and interest stay blank; $2,500 capital supports bonus-only lower bound. Transaction outflows unspecified; no double-count with DD alternative. Quality review: exact Simply Free product page does not explicitly state non-interest-bearing, so APY remains blank; account-opening disclosures blocked by Cloudflare. Campaign says within 90 days but does not explicitly state the timeline anchor; no opening-relative dates or averaging-period endpoints inferred.","500","online","","unknown","","","","","","","","","","","unknown","","","","","",""
"central-bank-business-500-targeted","Central Bank","Small Business Checking - targeted 500BB21","checking","true","50000","Open in branch using 500BB21 with at least $50; have $3,000 balance 90 days after opening. Bonus within 15 business days after requirements and day90. Keep open/good standing through payment.","https://www.centralbank.net/500bb/","https://www.centralbank.net/500bb/","2026-11-30","","","Intended recipient only, nontransferable mailer/offer; new business checking; no negative closure in 2 years; bonus every 2 years; excludes FL/CO, employees and outside-market applicants.","2026-09-09","","account_opening","","","Snapshot balance on day90, not a 90-day hold. Opening $50 overlaps required balance; conservative withdrawal day91, retain positive account through payout. APY and monthly fee not verified; interest unavailable, bonus-only lower bound. Quality review: bank explicitly measures balance 90 days from opening, not a continuous 90-day hold. Product page lacks an explicit APY/non-interest statement; no zero default used.","5000","branch_only","","unknown","","","","","","","","","","","unknown","","","","","",""
"keybank-business-500-targeted","KeyBank","Basic Business Checking - personalized $500","checking","true","50000","Receive personalized $500 offer letter; open matching business name/address January20-December18 2026 with $25. Deposit $5,000 within 30 days and maintain end-of-day $5,000 for 90 consecutive days starting when reached (next business day if weekend/holiday). Bonus within 60 days after requirements; account open through payout.","https://www.key.com/small-business/promo/bb-500-offer.html","https://www.key.com/small-business/promo/bb-500-offer.html","2026-12-18","500","$1,000 average ledger balance or eligible $10,000 combined balances; see detailed terms.","Targeted letter required; no Key business checking/savings for entity SSN/EIN in 12 months. US address/TIN; branch footprint AK CO CT ID IN MA ME MI NY OH OR PA UT VT WA; employees excluded; one per entity.","2026-09-09","","account_opening","","","APY unverified. Exact first safe withdrawal depends on actual funding date and business-day adjustment; no fixed opening-relative withdrawal invented. Opening $25 overlaps $5,000. Full extracted current 12/18/2026 terms recovered despite browser HTTP2 failure. Quality review: exact Basic Business product and comparison disclosures recovered by extraction verify $25 opening and fee waiver, but do not expressly establish APY. Browser HTTP2 errors and direct GET timeout prevent fuller rendered disclosure. No assumed day120 withdrawal: business-day start adjustment needs actual opening/funding dates.","2500","branch_only","","unknown","","Branch-only targeted letter; terms say US address/TIN; the branch footprint (AK CO CT ID IN MA ME MI NY OH OR PA UT VT WA) is not stated as a business-location rule.","","","","","","","","","unknown","","","","","",""
"first-federal-enhanced-200","First Federal Bank","Enhanced Checking","checking","false","20000","Open through branch/representative-assisted channel (not self-service online) with $50. Receive $1,000 qualifying payroll/pension/government ACH DD in one calendar month within 60 days. Keep active/open/good standing 90 days; bonus within 30 days thereafter.","https://www.ffbf.com/enhanced-checking-offer","https://www.ffbf.com/enhanced-checking-offer","2026-09-30","900","20 posted debit purchases per statement cycle waive $9.","New customers; FL branch/representative-assisted channel including virtual branch. One per tax ID.","2026-09-09","","account_opening","","","Cumulative $1,000 qualifying DD at 0% for seven days per deposit. Count/per-deposit minimum unstated. Separate $50 opening funds; overlap with later DD not established. 90 days is keep-open, not capital hold. Product APY not verified. Quality review: latest DD deadline is opening+60, with all $1,000 required in one calendar month inside that window. Exact Enhanced product page verified, but no express non-interest statement or APY; do not borrow Elite interest terms. Promotional 20-purchase fee waiver is campaign-specific.","5000","branch_only","","unknown","","","90","","","","","","","","unknown","","","","","",""
"first-national-ar-tn-checking-200","First National Bank (AR/TN)","You 1st Checking - Welcome to One","checking","false","20000","Open new checking using outside funds; recurring direct deposits and positive active good-standing account at day90. Reward evaluated and paid after 90 days.","https://www.fnbank.net/welcome-to-one","https://www.fnbank.net/welcome-to-one","","","","No previous checking relationship; one per customer; AR and Middle TN branches; bank approval.","2026-09-09","0","","https://www.fnbank.net/welcome-to-one","2026-06-22","Required DD dollar amount and numeric count are unstated; cumulative funding/ROI unknown. You 1st explicitly non-interest-bearing. Seven-day 0% DD model only once actual cumulative deposits supplied. Opening $25 does not establish promotional denominator; fixed expiration and monthly fee not stated. Plus One CD+checking tiers $200/$350/$500 are documented separately below, not stackable assumption.","2500","online","","unknown","","","90","unknown","","","","","","","unknown","","","","$25.00: You 1st Checking minimum You 1st opening $25 confirmed, but recurring DD has no stated dollar amount or count. Positive-balance day-90 condition is not a numeric reserve. Opening amount is not entire promotional denominator.","https://www.fnbank.net/welcome-to-one","2026-09-22"
"first-national-plus-one-200","First National Bank (AR/TN)","Plus One CD + Checking ($25,000 aggregate)","other","false","20000","Open new CD and checking with $25,000 aggregate external new money. CD minimum $1,000; promoted CD is 13 months at 4.01% APY as of June22 2026. Accounts evaluated/reward paid after 90 days; active positive balances and good standing required. Early CD withdrawal penalty applies.","https://www.fnbank.net/plus-one","https://www.fnbank.net/plus-one","","","","No previous checking relationship; one per customer; AR/TN all locations; bank approval. Alternative to Welcome to One, no stacking confirmed.","2026-09-09","","","","","Includes required checking account plus bank CD, not securities/IRA. All current aggregate tiers included. Allocation between CD and checking, latest funding date, balance maintenance requirement and bonus-safe withdrawal unclear; CD maturity/penalty not equated to bonus hold. Therefore APY for entire capital and timing blank; CD-specific 4.01% cannot apply to unknown whole allocation. Monthly checking fee and fixed expiry unverified. Quality review: published tier is aggregate new money from opened accounts, not an explicit ongoing $25k/$50k/$100k maintained balance; removed unsupported required_balance_cents while retaining verified required_funding_cents.","","online","","unknown","","","90","","","","","","","","unknown","","","","","",""
"first-national-plus-one-350","First National Bank (AR/TN)","Plus One CD + Checking ($50,000 aggregate)","other","false","35000","Open new CD and checking with $50,000 aggregate external new money. CD minimum $1,000; promoted CD is 13 months at 4.01% APY as of June22 2026. Accounts evaluated/reward paid after 90 days; active positive balances and good standing required. Early CD withdrawal penalty applies.","https://www.fnbank.net/plus-one","https://www.fnbank.net/plus-one","","","","No previous checking relationship; one per customer; AR/TN all locations; bank approval. Alternative to Welcome to One, no stacking confirmed.","2026-09-09","","","","","Includes required checking account plus bank CD, not securities/IRA. All current aggregate tiers included. Allocation between CD and checking, latest funding date, balance maintenance requirement and bonus-safe withdrawal unclear; CD maturity/penalty not equated to bonus hold. Therefore APY for entire capital and timing blank; CD-specific 4.01% cannot apply to unknown whole allocation. Monthly checking fee and fixed expiry unverified. Quality review: published tier is aggregate new money from opened accounts, not an explicit ongoing $25k/$50k/$100k maintained balance; removed unsupported required_balance_cents while retaining verified required_funding_cents.","","online","","unknown","","","90","","","","","","","","unknown","","","","","",""
"first-national-plus-one-500","First National Bank (AR/TN)","Plus One CD + Checking ($100,000 aggregate)","other","false","50000","Open new CD and checking with $100,000 aggregate external new money. CD minimum $1,000; promoted CD is 13 months at 4.01% APY as of June22 2026. Accounts evaluated/reward paid after 90 days; active positive balances and good standing required. Early CD withdrawal penalty applies.","https://www.fnbank.net/plus-one","https://www.fnbank.net/plus-one","","","","No previous checking relationship; one per customer; AR/TN all locations; bank approval. Alternative to Welcome to One, no stacking confirmed.","2026-09-09","","","","","Includes required checking account plus bank CD, not securities/IRA. All current aggregate tiers included. Allocation between CD and checking, latest funding date, balance maintenance requirement and bonus-safe withdrawal unclear; CD maturity/penalty not equated to bonus hold. Therefore APY for entire capital and timing blank; CD-specific 4.01% cannot apply to unknown whole allocation. Monthly checking fee and fixed expiry unverified. Quality review: published tier is aggregate new money from opened accounts, not an explicit ongoing $25k/$50k/$100k maintained balance; removed unsupported required_balance_cents while retaining verified required_funding_cents.","","online","","unknown","","","90","","","","","","","","unknown","","","","","",""
"sovereign-red-white-rewarded-250","Sovereign Bank","Red White & Rewarded Checking","checking","false","25000","Open with $25. Each month during first 90 days complete one qualifying DD, one ACH transaction and six PIN debit purchases. Bonus within 30 days after qualification; remain open/good standing at payout.","https://banksovereign.com/celebrate250/","https://banksovereign.com/celebrate250/","","","","Oklahoma branch market; one per customer; joint counts as one; limited-time offer.","2026-09-09","0","account_opening","https://banksovereign.com/celebrate250/","","Non-interest bearing verified. DD minimum and debit/ACH amounts unspecified, so total capital/ROI unknown; do not substitute opening $25. Calendar-month count cannot safely become exact deposit count from rolling 90 days. Fee/expiration unstated. DD leg uses 0% seven days each when actual capital known.","2500","","","unknown","","","","unknown","","","","","","","unknown","","","","$25.00: Checking opening minimum. Live browser recovers omitted legal. $25 opening is known but monthly DD, ACH and debit dollar requirements are not. Do not use opening deposit as full funding or infer exact calendar cycle count from90 days.","https://banksovereign.com/celebrate250/","2026-09-22"
"lmcu-referral-checking-110","Lake Michigan Credit Union","Free Checking - new-member referral","checking","false","11000","Use personal referral link and matching email to open membership/checking. Account open for 60 days with recurring DD totaling at least $500. Maintain $5 membership savings share. Reward into primary savings within 14 business days of qualification. Referral expires within 60 days of referral date.","https://refer.lmcu.org/zone/terms?journey.campaign_id=7468656301963247169","https://refer.lmcu.org/zone/terms?journey.campaign_id=7468656301963247169","","0","","18+ US lawful permanent residents; California excluded. No current membership or closed account in 180 days; employees/families/officials excluded. Only personal referrals, not distribution to strangers; maximum $550 combined rewards per year.","2026-09-09","","account_opening","","","Official referral terms recovered on bank referral subdomain after main site Cloudflare block. Cumulative $500 DD at 0% seven days each; recurring count unspecified. 60-day account-open requirement is not a deposit hold. Additional $5 share separately disclosed; Free Checking product page verifies no monthly fee; APY and absolute campaign expiry unspecified. Do not confuse separate LMCU+ employer campaign hold wording. Quality review: $500 recurring DD within the first 60 account-open days is separate from referral expiry 60 days after referral; no absolute expiry or capital withdrawal date inferred. Free Checking page does not explicitly state non-interest-bearing.","500","online","","excluded_states","CA","","60","","","","","","","","unknown","","","","","",""
"verve-public-200","Verve, a Credit Union","Essential Checking - public cumulative $200","checking","false","20000","Open Essential/Premier/Optimum checking and receive $1,000 total qualifying ACH DD within first two full calendar months; $200 paid within 30 days afterward. Keep checking open/good standing through payment; maintain $5 membership share.","https://verveacu.com/switch.html","https://verveacu.com/switch.html","2026-12-31","0","","New members with no Verve Checking/Membership Share within 18 months. WI/MN/IL membership eligibility; $5 share; one bonus offer per person. Components and alternate campaigns must not be added twice.","2026-09-09","0","","https://verveacu.com/switch.html","","DD-only cumulative capital $1,000 at requested 0% seven days each. Essential explicitly non-dividend bearing and no monthly fee. Higher Optimum conditional 2.50% not used. Calendar-month windows need actual opening date; no fixed day endpoints invented. $5 share ancillary. Stages represent total earned to that stage, not additional stackable rewards; targeted requires invitation code.","500","online","","unknown","","","","","","","","","","","yes","https://www.doctorofcredit.com/wi-mn-il-verve-a-credit-union-600-checking-bonus/#comment-2390637","2026-09-24","Applied OOS Denied for Chex. DoC reader datapoints (article field unknown or absent), 2026-08-15. DoC article lists ChexSystems: Unknown; several Aug-Sep 2026 commenters report Chex-based denials (an existing member adding a savings account saw no pull). Secondary reported screening, not a bank guarantee.","","",""
"verve-public-400","Verve, a Credit Union","Essential Checking - public cumulative $400","checking","false","40000","Open Essential/Premier/Optimum checking and receive $1,000 total qualifying ACH DD within first two full calendar months; $200 paid within 30 days afterward. Maintain $10,000 average monthly balance in qualifying Verve deposits for first 3 full calendar months. Three-month component paid within 30 days after period. Keep checking open/good standing through payment; maintain $5 membership share.","https://verveacu.com/switch.html","https://verveacu.com/switch.html","2026-12-31","0","","New members with no Verve Checking/Membership Share within 18 months. WI/MN/IL membership eligibility; $5 share; one bonus offer per person. Components and alternate campaigns must not be added twice.","2026-09-09","","","https://verveacu.com/switch.html","","Known balance $10,000 plus $1,000 DD leg; overlap/allocation not expressly settled, so total capital left unknown rather than silently recycle or double-count. Essential explicitly non-dividend bearing and no monthly fee. Higher Optimum conditional 2.50% not used. Calendar-month windows need actual opening date; no fixed day endpoints invented. $5 share ancillary. Stages represent total earned to that stage, not additional stackable rewards; targeted requires invitation code. Quality correction: 0% verified only for Essential Checking, not all qualifying deposit accounts; entire balance allocation is unspecified, so aggregate APY remains blank. No generic zero rate across savings/CD/IRA/HSA balances.","500","online","","unknown","","","","unknown","","","","","","","yes","https://www.doctorofcredit.com/wi-mn-il-verve-a-credit-union-600-checking-bonus/#comment-2390637","2026-09-24","Applied OOS Denied for Chex. DoC reader datapoints (article field unknown or absent), 2026-08-15. DoC article lists ChexSystems: Unknown; several Aug-Sep 2026 commenters report Chex-based denials (an existing member adding a savings account saw no pull). Secondary reported screening, not a bank guarantee.","$1,000.00: Within two full calendar months. $10,000.00: Qualifying-account average monthly balance for tier period. $5.00: Required maintained savings share; do not double-count as additional capital without allocation evidence. Known cumulative $1,000 DD, $10,000 average monthly balance and $5 membership share. Overlap/allocation across qualifying accounts is not expressly settled; preserve unknown total and calendar windows.","https://verveacu.com/switch.html","2026-09-22"
"verve-public-600","Verve, a Credit Union","Essential Checking - public cumulative $600","checking","false","60000","Open Essential/Premier/Optimum checking and receive $1,000 total qualifying ACH DD within first two full calendar months; $200 paid within 30 days afterward. Maintain $10,000 average monthly balance in qualifying Verve deposits for first 12 full calendar months. Three-month and twelve-month components each paid within 30 days after period. Keep checking open/good standing through payment; maintain $5 membership share.","https://verveacu.com/switch.html","https://verveacu.com/switch.html","2026-12-31","0","","New members with no Verve Checking/Membership Share within 18 months. WI/MN/IL membership eligibility; $5 share; one bonus offer per person. Components and alternate campaigns must not be added twice.","2026-09-09","","","https://verveacu.com/switch.html","","Known balance $10,000 plus $1,000 DD leg; overlap/allocation not expressly settled, so total capital left unknown rather than silently recycle or double-count. Essential explicitly non-dividend bearing and no monthly fee. Higher Optimum conditional 2.50% not used. Calendar-month windows need actual opening date; no fixed day endpoints invented. $5 share ancillary. Stages represent total earned to that stage, not additional stackable rewards; targeted requires invitation code. Quality correction: 0% verified only for Essential Checking, not all qualifying deposit accounts; entire balance allocation is unspecified, so aggregate APY remains blank. No generic zero rate across savings/CD/IRA/HSA balances.","500","online","","unknown","","","","unknown","","","","","","","yes","https://www.doctorofcredit.com/wi-mn-il-verve-a-credit-union-600-checking-bonus/#comment-2390637","2026-09-24","Applied OOS Denied for Chex. DoC reader datapoints (article field unknown or absent), 2026-08-15. DoC article lists ChexSystems: Unknown; several Aug-Sep 2026 commenters report Chex-based denials (an existing member adding a savings account saw no pull). Secondary reported screening, not a bank guarantee.","$1,000.00: Within two full calendar months. $10,000.00: Qualifying-account average monthly balance for tier period. $5.00: Required maintained savings share; do not double-count as additional capital without allocation evidence. Known cumulative $1,000 DD, $10,000 average monthly balance and $5 membership share. Overlap/allocation across qualifying accounts is not expressly settled; preserve unknown total and calendar windows.","https://verveacu.com/switch.html","2026-09-22"
"verve-targeted-200","Verve, a Credit Union","Essential Checking - invited cumulative $200","checking","false","20000","Open Essential/Premier/Optimum checking and receive $1,000 total qualifying ACH DD within first two full calendar months; $200 paid within 30 days afterward. Keep checking open/good standing through payment; maintain $5 membership share.","https://verveacu.com/get1000.html","https://verveacu.com/get1000.html","2026-10-15","0","","Invited new members with Promo Code only; no active Verve checking/savings. WI/MN/IL membership eligibility; $5 share; one bonus offer per person. Components and alternate campaigns must not be added twice.","2026-09-09","0","","https://verveacu.com/get1000.html","","DD-only cumulative capital $1,000 at requested 0% seven days each. Essential explicitly non-dividend bearing and no monthly fee. Higher Optimum conditional 2.50% not used. Calendar-month windows need actual opening date; no fixed day endpoints invented. $5 share ancillary. Stages represent total earned to that stage, not additional stackable rewards; targeted requires invitation code.","500","online","","unknown","","","","","","","","","","","yes","https://www.doctorofcredit.com/wi-mn-il-verve-a-credit-union-600-checking-bonus/#comment-2390637","2026-09-24","Applied OOS Denied for Chex. DoC reader datapoints (article field unknown or absent), 2026-08-15. DoC article lists ChexSystems: Unknown; several Aug-Sep 2026 commenters report Chex-based denials (an existing member adding a savings account saw no pull). Secondary reported screening, not a bank guarantee.","","",""
"verve-targeted-600","Verve, a Credit Union","Essential Checking - invited cumulative $600","checking","false","60000","Open Essential/Premier/Optimum checking and receive $1,000 total qualifying ACH DD within first two full calendar months; $200 paid within 30 days afterward. Maintain $10,000 average monthly balance in qualifying Verve deposits for first 3 full calendar months. Three-month component paid within 30 days after period. Keep checking open/good standing through payment; maintain $5 membership share.","https://verveacu.com/get1000.html","https://verveacu.com/get1000.html","2026-10-15","0","","Invited new members with Promo Code only; no active Verve checking/savings. WI/MN/IL membership eligibility; $5 share; one bonus offer per person. Components and alternate campaigns must not be added twice.","2026-09-09","","","https://verveacu.com/get1000.html","","Known balance $10,000 plus $1,000 DD leg; overlap/allocation not expressly settled, so total capital left unknown rather than silently recycle or double-count. Essential explicitly non-dividend bearing and no monthly fee. Higher Optimum conditional 2.50% not used. Calendar-month windows need actual opening date; no fixed day endpoints invented. $5 share ancillary. Stages represent total earned to that stage, not additional stackable rewards; targeted requires invitation code. Quality correction: 0% verified only for Essential Checking, not all qualifying deposit accounts; entire balance allocation is unspecified, so aggregate APY remains blank. No generic zero rate across savings/CD/IRA/HSA balances.","500","online","","unknown","","","","unknown","","","","","","","yes","https://www.doctorofcredit.com/wi-mn-il-verve-a-credit-union-600-checking-bonus/#comment-2390637","2026-09-24","Applied OOS Denied for Chex. DoC reader datapoints (article field unknown or absent), 2026-08-15. DoC article lists ChexSystems: Unknown; several Aug-Sep 2026 commenters report Chex-based denials (an existing member adding a savings account saw no pull). Secondary reported screening, not a bank guarantee.","$1,000.00: Total ACH DD within first two full calendar months; no count/minimum each specified. $10,000.00: Combined qualifying deposits for 3 full calendar months. $5.00: Required $5 par-value savings share, maintain separately; counted-account scope includes savings but do not infer exact overlap. All named amounts verified but DD/combined-balance/share overlap and product-specific opening funding not fully established for generic Essential/Premier/Optimum tier. Preserve unknown total; retain full calendar-month timing.","https://verveacu.com/get1000.html","2026-09-22"
"verve-targeted-1000","Verve, a Credit Union","Essential Checking - invited cumulative $1000","checking","false","100000","Open Essential/Premier/Optimum checking and receive $1,000 total qualifying ACH DD within first two full calendar months; $200 paid within 30 days afterward. Maintain $10,000 average monthly balance in qualifying Verve deposits for first 12 full calendar months. Three-month and twelve-month components each paid within 30 days after period. Keep checking open/good standing through payment; maintain $5 membership share.","https://verveacu.com/get1000.html","https://verveacu.com/get1000.html","2026-10-15","0","","Invited new members with Promo Code only; no active Verve checking/savings. WI/MN/IL membership eligibility; $5 share; one bonus offer per person. Components and alternate campaigns must not be added twice.","2026-09-09","","","https://verveacu.com/get1000.html","","Known balance $10,000 plus $1,000 DD leg; overlap/allocation not expressly settled, so total capital left unknown rather than silently recycle or double-count. Essential explicitly non-dividend bearing and no monthly fee. Higher Optimum conditional 2.50% not used. Calendar-month windows need actual opening date; no fixed day endpoints invented. $5 share ancillary. Stages represent total earned to that stage, not additional stackable rewards; targeted requires invitation code. Quality correction: 0% verified only for Essential Checking, not all qualifying deposit accounts; entire balance allocation is unspecified, so aggregate APY remains blank. No generic zero rate across savings/CD/IRA/HSA balances.","500","online","","unknown","","","","unknown","","","","","","","yes","https://www.doctorofcredit.com/wi-mn-il-verve-a-credit-union-600-checking-bonus/#comment-2390637","2026-09-24","Applied OOS Denied for Chex. DoC reader datapoints (article field unknown or absent), 2026-08-15. DoC article lists ChexSystems: Unknown; several Aug-Sep 2026 commenters report Chex-based denials (an existing member adding a savings account saw no pull). Secondary reported screening, not a bank guarantee.","$1,000.00: Total ACH DD within first two full calendar months; no count/minimum each specified. $10,000.00: Combined qualifying deposits for 12 full calendar months. $5.00: Required $5 par-value savings share, maintain separately; counted-account scope includes savings but do not infer exact overlap. All named amounts verified but DD/combined-balance/share overlap and product-specific opening funding not fully established for generic Essential/Premier/Optimum tier. Preserve unknown total; retain full calendar-month timing.","https://verveacu.com/get1000.html","2026-09-22"
"omb-kansas-city-checking-250","OMB Bank","High Interest Checking - Kansas City branch","checking","false","25000","Open in person at KC metro branch April1-December31 2026. Receive at least one qualifying recurring-income ACH credit in each of next three statement cycles; opening cycle automatically qualifies. Maintain $0.01 and good standing through day90. Bonus within 30 days after all requirements; account unrestricted/open at payout.","https://www.ombbank.com/kansascity","https://www.ombbank.com/kansascity","2026-12-31","","","New checking customers only; no checking closed within 12 months. One per household; KC metro MO/KS in-branch only; cannot combine retail promotions.","2026-09-09","","","https://www.ombbank.com/kansascity","2026-09-08","Live disclosure changed from discovery one DD within90 days to next three statement cycles, opening cycle auto-qualified. Numeric DD minimum missing, so cumulative funding/ROI unknown. DD modeled 0% seven days each when supplied. Checking rate tiered/conditional 2.01% up to $25,000, 0.10% excess, 0.01% fallback as of 9/8/2026, not a uniform APY assigned to unknown capital. Fee/opening deposit unverified; $0.01 is keep-open floor, not denominator. Quality review: partial APY provenance preserved without assigning tiered rate to unknown capital; statement cycles are not fixed 30-day periods.","","branch_only","","unknown","","","90","unknown","","","","","","","yes","https://www.doctorofcredit.com/mo-ks-in-branch-only-omb-bank-250-checking-bonus/","2026-09-24","ChexSystems: Yes DoC article ChexSystems field, 2026-08-10. DoC article for the same $250 checking offer; a comment also says 'They do pull Chex.' Secondary reported screening, not a bank guarantee.","$0.01: Good-standing minimum through day 90. Three subsequent statement cycles each require one qualifying ACH credit; opening cycle automatically qualifies. No minimum credit amount stated. $0.01 account balance is not cumulative DD or opening deposit; reward-APY debit rules not imported into bonus requirements.","https://www.ombbank.com/kansascity","2026-09-22"
"bmo-smart-advantage-202609-100","BMO","Smart Advantage Checking (1 qualifying months; $100 total)","checking","false","10000","Open September 9 through December 15, 2026 with promo code (automatic through offer online). Online applications must be approved before 9 p.m. CT on December 15; phone applications require opening deposit and signed documents by that date. Earn $100 for each month with at least $1,000 cumulative qualifying payroll, pension or government-benefit DD; this alternative totals 1 qualifying months. Tracking begins first calendar day of month after opening; up to six monthly awards, paid approximately 10 days into the following month. A missed month is not disqualified for subsequent months. Ordinary transfers, P2P, wires, teller/ATM/mobile deposits, real-time/debit-card credits and merchant platforms do not qualify. Keep account open, in good standing and positive through payment.","https://www.bmo.com/en-us/main/personal/checking-accounts/digital-offer/","https://www.bmo.com/en-us/main/personal/checking-accounts/digital-offer/","2026-12-15","0","Smart Advantage has no monthly maintenance fee. Smart Money costs $5 (waived under age 25); Relationship costs $25 unless waived. DoC reports $50 early close within 90 days; keep open at least 90 days and through final payout; confirm fee schedule before closing.","Primary applicant must reside in AZ, CA, CO, FL, IA, IL, IN, MN, NM, NV, OR, UT, WA or WI; proof may be required. Excludes existing personal checking clients and closures within 12 months, including trustees, signers and joint owners. One checking offer per client/account, first eligible account only; no stacking.","2026-09-11","0","","https://www.bmo.com/en-us/pdf/Smart_Advantage_C_Reg_DD.pdf","","Alternatives within one campaign, not additive. $1,000 is monthly cumulative DD, not a per-deposit minimum; fewest allowed deposits for this tier is 1. Canonical app recycles $1,000 and reports gross return before fees/opportunity cost; seven days at 0% per deposit is a model, not a bank hold. Separate monitor cumulative-capital model at 4% APY: opportunity cost $0.75, net $99.25, net annualized 517.51%; conditional Good ROI, excludes $25 opening/residual capital and assumes avoiding early-close/transaction fees. Month lengths are not converted to guessed day offsets. Full current legal verified via ?nocache=2026-09-11 and ?v=600; bare extraction served expired $400 campaign. Source: https://www.doctorofcredit.com/il-wi-mn-in-az-fl-ks-mo-bmo-harris-350-checking-300-savings-bonus/","2500","online","","included_states","AZ;CA;CO;FL;IA;IL;IN;MN;NM;NV;OR;UT;WA;WI","","","","","","","","","","yes","https://www.doctorofcredit.com/il-wi-mn-in-az-fl-ks-mo-bmo-harris-350-checking-300-savings-bonus/","2026-09-23","Hard/soft pull: Soft · ChexSystems: Yes Explicit yes in the current September 2026 campaign article. Secondary reported screening, not a bank guarantee. Applied only to the six Smart Advantage checking tiers, not the separate Savings Builder product.","","",""
"bmo-smart-advantage-202609-200","BMO","Smart Advantage Checking (2 qualifying months; $200 total)","checking","false","20000","Open September 9 through December 15, 2026 with promo code (automatic through offer online). Online applications must be approved before 9 p.m. CT on December 15; phone applications require opening deposit and signed documents by that date. Earn $100 for each month with at least $1,000 cumulative qualifying payroll, pension or government-benefit DD; this alternative totals 2 qualifying months. Tracking begins first calendar day of month after opening; up to six monthly awards, paid approximately 10 days into the following month. A missed month is not disqualified for subsequent months. Ordinary transfers, P2P, wires, teller/ATM/mobile deposits, real-time/debit-card credits and merchant platforms do not qualify. Keep account open, in good standing and positive through payment.","https://www.bmo.com/en-us/main/personal/checking-accounts/digital-offer/","https://www.bmo.com/en-us/main/personal/checking-accounts/digital-offer/","2026-12-15","0","Smart Advantage has no monthly maintenance fee. Smart Money costs $5 (waived under age 25); Relationship costs $25 unless waived. DoC reports $50 early close within 90 days; keep open at least 90 days and through final payout; confirm fee schedule before closing.","Primary applicant must reside in AZ, CA, CO, FL, IA, IL, IN, MN, NM, NV, OR, UT, WA or WI; proof may be required. Excludes existing personal checking clients and closures within 12 months, including trustees, signers and joint owners. One checking offer per client/account, first eligible account only; no stacking.","2026-09-11","0","","https://www.bmo.com/en-us/pdf/Smart_Advantage_C_Reg_DD.pdf","","Alternatives within one campaign, not additive. $1,000 is monthly cumulative DD, not a per-deposit minimum; fewest allowed deposits for this tier is 2. Canonical app recycles $1,000 and reports gross return before fees/opportunity cost; seven days at 0% per deposit is a model, not a bank hold. Separate monitor cumulative-capital model at 4% APY: opportunity cost $1.50, net $198.50, net annualized 517.51%; conditional Good ROI, excludes $25 opening/residual capital and assumes avoiding early-close/transaction fees. Month lengths are not converted to guessed day offsets. Full current legal verified via ?nocache=2026-09-11 and ?v=600; bare extraction served expired $400 campaign. Source: https://www.doctorofcredit.com/il-wi-mn-in-az-fl-ks-mo-bmo-harris-350-checking-300-savings-bonus/","2500","online","","included_states","AZ;CA;CO;FL;IA;IL;IN;MN;NM;NV;OR;UT;WA;WI","","","","","","","","","","yes","https://www.doctorofcredit.com/il-wi-mn-in-az-fl-ks-mo-bmo-harris-350-checking-300-savings-bonus/","2026-09-23","Hard/soft pull: Soft · ChexSystems: Yes Explicit yes in the current September 2026 campaign article. Secondary reported screening, not a bank guarantee. Applied only to the six Smart Advantage checking tiers, not the separate Savings Builder product.","","",""
"bmo-smart-advantage-202609-300","BMO","Smart Advantage Checking (3 qualifying months; $300 total)","checking","false","30000","Open September 9 through December 15, 2026 with promo code (automatic through offer online). Online applications must be approved before 9 p.m. CT on December 15; phone applications require opening deposit and signed documents by that date. Earn $100 for each month with at least $1,000 cumulative qualifying payroll, pension or government-benefit DD; this alternative totals 3 qualifying months. Tracking begins first calendar day of month after opening; up to six monthly awards, paid approximately 10 days into the following month. A missed month is not disqualified for subsequent months. Ordinary transfers, P2P, wires, teller/ATM/mobile deposits, real-time/debit-card credits and merchant platforms do not qualify. Keep account open, in good standing and positive through payment.","https://www.bmo.com/en-us/main/personal/checking-accounts/digital-offer/","https://www.bmo.com/en-us/main/personal/checking-accounts/digital-offer/","2026-12-15","0","Smart Advantage has no monthly maintenance fee. Smart Money costs $5 (waived under age 25); Relationship costs $25 unless waived. DoC reports $50 early close within 90 days; keep open at least 90 days and through final payout; confirm fee schedule before closing.","Primary applicant must reside in AZ, CA, CO, FL, IA, IL, IN, MN, NM, NV, OR, UT, WA or WI; proof may be required. Excludes existing personal checking clients and closures within 12 months, including trustees, signers and joint owners. One checking offer per client/account, first eligible account only; no stacking.","2026-09-11","0","","https://www.bmo.com/en-us/pdf/Smart_Advantage_C_Reg_DD.pdf","","Alternatives within one campaign, not additive. $1,000 is monthly cumulative DD, not a per-deposit minimum; fewest allowed deposits for this tier is 3. Canonical app recycles $1,000 and reports gross return before fees/opportunity cost; seven days at 0% per deposit is a model, not a bank hold. Separate monitor cumulative-capital model at 4% APY: opportunity cost $2.26, net $297.74, net annualized 517.51%; conditional Good ROI, excludes $25 opening/residual capital and assumes avoiding early-close/transaction fees. Month lengths are not converted to guessed day offsets. Full current legal verified via ?nocache=2026-09-11 and ?v=600; bare extraction served expired $400 campaign. Source: https://www.doctorofcredit.com/il-wi-mn-in-az-fl-ks-mo-bmo-harris-350-checking-300-savings-bonus/","2500","online","","included_states","AZ;CA;CO;FL;IA;IL;IN;MN;NM;NV;OR;UT;WA;WI","","","","","","","","","","yes","https://www.doctorofcredit.com/il-wi-mn-in-az-fl-ks-mo-bmo-harris-350-checking-300-savings-bonus/","2026-09-23","Hard/soft pull: Soft · ChexSystems: Yes Explicit yes in the current September 2026 campaign article. Secondary reported screening, not a bank guarantee. Applied only to the six Smart Advantage checking tiers, not the separate Savings Builder product.","","",""
"bmo-smart-advantage-202609-400","BMO","Smart Advantage Checking (4 qualifying months; $400 total)","checking","false","40000","Open September 9 through December 15, 2026 with promo code (automatic through offer online). Online applications must be approved before 9 p.m. CT on December 15; phone applications require opening deposit and signed documents by that date. Earn $100 for each month with at least $1,000 cumulative qualifying payroll, pension or government-benefit DD; this alternative totals 4 qualifying months. Tracking begins first calendar day of month after opening; up to six monthly awards, paid approximately 10 days into the following month. A missed month is not disqualified for subsequent months. Ordinary transfers, P2P, wires, teller/ATM/mobile deposits, real-time/debit-card credits and merchant platforms do not qualify. Keep account open, in good standing and positive through payment.","https://www.bmo.com/en-us/main/personal/checking-accounts/digital-offer/","https://www.bmo.com/en-us/main/personal/checking-accounts/digital-offer/","2026-12-15","0","Smart Advantage has no monthly maintenance fee. Smart Money costs $5 (waived under age 25); Relationship costs $25 unless waived. DoC reports $50 early close within 90 days; keep open at least 90 days and through final payout; confirm fee schedule before closing.","Primary applicant must reside in AZ, CA, CO, FL, IA, IL, IN, MN, NM, NV, OR, UT, WA or WI; proof may be required. Excludes existing personal checking clients and closures within 12 months, including trustees, signers and joint owners. One checking offer per client/account, first eligible account only; no stacking.","2026-09-11","0","","https://www.bmo.com/en-us/pdf/Smart_Advantage_C_Reg_DD.pdf","","Alternatives within one campaign, not additive. $1,000 is monthly cumulative DD, not a per-deposit minimum; fewest allowed deposits for this tier is 4. Canonical app recycles $1,000 and reports gross return before fees/opportunity cost; seven days at 0% per deposit is a model, not a bank hold. Separate monitor cumulative-capital model at 4% APY: opportunity cost $3.01, net $396.99, net annualized 517.51%; conditional Good ROI, excludes $25 opening/residual capital and assumes avoiding early-close/transaction fees. Month lengths are not converted to guessed day offsets. Full current legal verified via ?nocache=2026-09-11 and ?v=600; bare extraction served expired $400 campaign. Source: https://www.doctorofcredit.com/il-wi-mn-in-az-fl-ks-mo-bmo-harris-350-checking-300-savings-bonus/","2500","online","","included_states","AZ;CA;CO;FL;IA;IL;IN;MN;NM;NV;OR;UT;WA;WI","","","","","","","","","","yes","https://www.doctorofcredit.com/il-wi-mn-in-az-fl-ks-mo-bmo-harris-350-checking-300-savings-bonus/","2026-09-23","Hard/soft pull: Soft · ChexSystems: Yes Explicit yes in the current September 2026 campaign article. Secondary reported screening, not a bank guarantee. Applied only to the six Smart Advantage checking tiers, not the separate Savings Builder product.","","",""
"bmo-smart-advantage-202609-500","BMO","Smart Advantage Checking (5 qualifying months; $500 total)","checking","false","50000","Open September 9 through December 15, 2026 with promo code (automatic through offer online). Online applications must be approved before 9 p.m. CT on December 15; phone applications require opening deposit and signed documents by that date. Earn $100 for each month with at least $1,000 cumulative qualifying payroll, pension or government-benefit DD; this alternative totals 5 qualifying months. Tracking begins first calendar day of month after opening; up to six monthly awards, paid approximately 10 days into the following month. A missed month is not disqualified for subsequent months. Ordinary transfers, P2P, wires, teller/ATM/mobile deposits, real-time/debit-card credits and merchant platforms do not qualify. Keep account open, in good standing and positive through payment.","https://www.bmo.com/en-us/main/personal/checking-accounts/digital-offer/","https://www.bmo.com/en-us/main/personal/checking-accounts/digital-offer/","2026-12-15","0","Smart Advantage has no monthly maintenance fee. Smart Money costs $5 (waived under age 25); Relationship costs $25 unless waived. DoC reports $50 early close within 90 days; keep open at least 90 days and through final payout; confirm fee schedule before closing.","Primary applicant must reside in AZ, CA, CO, FL, IA, IL, IN, MN, NM, NV, OR, UT, WA or WI; proof may be required. Excludes existing personal checking clients and closures within 12 months, including trustees, signers and joint owners. One checking offer per client/account, first eligible account only; no stacking.","2026-09-11","0","","https://www.bmo.com/en-us/pdf/Smart_Advantage_C_Reg_DD.pdf","","Alternatives within one campaign, not additive. $1,000 is monthly cumulative DD, not a per-deposit minimum; fewest allowed deposits for this tier is 5. Canonical app recycles $1,000 and reports gross return before fees/opportunity cost; seven days at 0% per deposit is a model, not a bank hold. Separate monitor cumulative-capital model at 4% APY: opportunity cost $3.76, net $496.24, net annualized 517.51%; conditional Good ROI, excludes $25 opening/residual capital and assumes avoiding early-close/transaction fees. Month lengths are not converted to guessed day offsets. Full current legal verified via ?nocache=2026-09-11 and ?v=600; bare extraction served expired $400 campaign. Source: https://www.doctorofcredit.com/il-wi-mn-in-az-fl-ks-mo-bmo-harris-350-checking-300-savings-bonus/","2500","online","","included_states","AZ;CA;CO;FL;IA;IL;IN;MN;NM;NV;OR;UT;WA;WI","","","","","","","","","","yes","https://www.doctorofcredit.com/il-wi-mn-in-az-fl-ks-mo-bmo-harris-350-checking-300-savings-bonus/","2026-09-23","Hard/soft pull: Soft · ChexSystems: Yes Explicit yes in the current September 2026 campaign article. Secondary reported screening, not a bank guarantee. Applied only to the six Smart Advantage checking tiers, not the separate Savings Builder product.","","",""
"bmo-smart-advantage-202609-600","BMO","Smart Advantage Checking (6 qualifying months; $600 total)","checking","false","60000","Open September 9 through December 15, 2026 with promo code (automatic through offer online). Online applications must be approved before 9 p.m. CT on December 15; phone applications require opening deposit and signed documents by that date. Earn $100 for each month with at least $1,000 cumulative qualifying payroll, pension or government-benefit DD; this alternative totals 6 qualifying months. Tracking begins first calendar day of month after opening; up to six monthly awards, paid approximately 10 days into the following month. A missed month is not disqualified for subsequent months. Ordinary transfers, P2P, wires, teller/ATM/mobile deposits, real-time/debit-card credits and merchant platforms do not qualify. Keep account open, in good standing and positive through payment.","https://www.bmo.com/en-us/main/personal/checking-accounts/digital-offer/","https://www.bmo.com/en-us/main/personal/checking-accounts/digital-offer/","2026-12-15","0","Smart Advantage has no monthly maintenance fee. Smart Money costs $5 (waived under age 25); Relationship costs $25 unless waived. DoC reports $50 early close within 90 days; keep open at least 90 days and through final payout; confirm fee schedule before closing.","Primary applicant must reside in AZ, CA, CO, FL, IA, IL, IN, MN, NM, NV, OR, UT, WA or WI; proof may be required. Excludes existing personal checking clients and closures within 12 months, including trustees, signers and joint owners. One checking offer per client/account, first eligible account only; no stacking.","2026-09-11","0","","https://www.bmo.com/en-us/pdf/Smart_Advantage_C_Reg_DD.pdf","","Alternatives within one campaign, not additive. $1,000 is monthly cumulative DD, not a per-deposit minimum; fewest allowed deposits for this tier is 6. Canonical app recycles $1,000 and reports gross return before fees/opportunity cost; seven days at 0% per deposit is a model, not a bank hold. Separate monitor cumulative-capital model at 4% APY: opportunity cost $4.51, net $595.49, net annualized 517.51%; conditional Good ROI, excludes $25 opening/residual capital and assumes avoiding early-close/transaction fees. Month lengths are not converted to guessed day offsets. Full current legal verified via ?nocache=2026-09-11 and ?v=600; bare extraction served expired $400 campaign. Source: https://www.doctorofcredit.com/il-wi-mn-in-az-fl-ks-mo-bmo-harris-350-checking-300-savings-bonus/","2500","online","","included_states","AZ;CA;CO;FL;IA;IL;IN;MN;NM;NV;OR;UT;WA;WI","","","","","","","","","","yes","https://www.doctorofcredit.com/il-wi-mn-in-az-fl-ks-mo-bmo-harris-350-checking-300-savings-bonus/","2026-09-23","Hard/soft pull: Soft · ChexSystems: Yes Explicit yes in the current September 2026 campaign article. Secondary reported screening, not a bank guarantee. Applied only to the six Smart Advantage checking tiers, not the separate Savings Builder product.","","",""
"pikes-peak-referral-checking-50","Pikes Peak Credit Union","Referral checking component ($50)","checking","false","5000","Open checking with a new direct deposit of at least $1,000/month; number of qualifying months is unstated. $5 membership savings minimum plus $25 checking opening deposit. Referral must be mentioned when opening. Bonus paid to primary savings within 30 days after all requirements are met; no fixed expiration (limited time).","https://www.pikespeakcu.com/member-referral/","https://www.pikespeakcu.com/member-referral/","","0","No monthly fee for checking or savings. $5 closed-account fee within 90 days (rate-fee-schedule effective June 1, 2025); avoid by remaining open at least 90 days and through payout. Inactivity after one year costs $5/month.","Referral must be mentioned at opening. Referrer must be 18+ and an active member in good standing. Former members qualify after six months closed. All Colorado residents may join through GoWest Friends of the Foundation; enrollment cost and other membership paths unverified. Geography remains manual membership review.","2026-09-11","","","","","Current first-party program offers up to $150 per person, not the old DoC $100 checking reward. This row is only the $50 checking component. Total DD capital/count and timing unknown; $1,000/month is not a verified per-deposit minimum. Mixed funding preserves the separate $5 required membership balance; no exact ROI or Good ROI certification. One-DD/7-day illustrations are not encoded as bank terms. Additional $50 savings/certificate component has its own row; optional $50 personal/auto loan >=$5,000 with no prepayments for 60 days excluded from deposit ROI (loan costs unknown). Sources: https://www.doctorofcredit.com/co-only-pikes-peak-credit-union-100-referral-bonus-for-both-parties/ ; https://www.pikespeakcu.com/why-join/ ; https://www.pikespeakcu.com/rate-fee-schedule/ ; https://www.pikespeakcu.com/checking-accounts/ ; https://www.pikespeakcu.com/savings-accounts/","3000","","","unknown","","","","unknown","","","","","","","unknown","","","","$30.00: $25 checking plus $5 savings opening deposits. $1,000.00: New DD at least $1,000/month; qualifying month count unstated. Opening components and monthly DD threshold verified. No required monthly count or total DD established; two-month condition applies to optional savings/certificate reward, not checking DD. No total inferred.","https://www.pikespeakcu.com/member-referral/","2026-09-22"
"pikes-peak-referral-savings-50","Pikes Peak Credit Union","Referral savings component ($50; certificate alternative)","savings","false","5000","Maintain at least $500 in savings or a share certificate for two consecutive months. Minimum openings: savings $5; certificate $500. Referral must be mentioned at opening. Bonus posts to primary savings within 30 days after all requirements are met. Savings needs $100 average daily balance to earn 0.10% APY. No fixed expiration (limited time).","https://www.pikespeakcu.com/member-referral/","https://www.pikespeakcu.com/member-referral/","","0","No monthly fee for checking or savings. $5 closed-account fee within 90 days (rate-fee-schedule effective June 1, 2025); avoid by remaining open at least 90 days and through payout. Inactivity after one year costs $5/month.","Referral must be mentioned at opening. Referrer must be 18+ and an active member in good standing. Former members qualify after six months closed. All Colorado residents may join through GoWest Friends of the Foundation; enrollment cost and other membership paths unverified. Geography remains manual membership review.","2026-09-11","0.10","","https://www.pikespeakcu.com/member-referral/","2026-09-11","Savings-only model; membership $5 is part of the $500 savings balance. Two consecutive months are not assumed to be 60 days: latest deposit and first safe withdrawal remain unknown, so canonical ROI is bonus-only lower bound, not exact interest/net ROI. Keep $5 membership savings until closing. Certificate is an alternative to the SAME $50 component, not additive; certificate term/APY/withdrawal penalties not modeled. Optional $50 loan component is excluded from deposit ROI. Membership enrollment costs remain unknown. Fee sources: https://www.pikespeakcu.com/rate-fee-schedule/ ; https://www.pikespeakcu.com/savings-accounts/ ; membership https://www.pikespeakcu.com/why-join/ . DoC stale $100 body: https://www.doctorofcredit.com/co-only-pikes-peak-credit-union-100-referral-bonus-for-both-parties/","500","","","unknown","","","","","","","","","","","unknown","","","","","",""
"bmo-savings-builder-60","BMO","Savings Builder (up to twelve $5 rewards)","savings","false","6000","Earn $5 for each month ledger balance grows by at least $200, up to 12 rewards beginning opening month. Compare last business days; rewards and interest do not count as growth. First month growth measured from opening business day. Initial deposit in the next month permits only 11 rewards. Rewards paid within five calendar days after month end; keep account open.","https://www.bmo.com/en-us/main/personal/checking-accounts/digital-offer/","https://www.bmo.com/en-us/main/personal/checking-accounts/digital-offer/","","0","No monthly maintenance fee. Account must stay open through rewards.","New Savings Builder accounts only; no product switches. First Savings Builder as primary owner only. Excludes participants in Statement Savings Rewards who opened February 3, 2020 through October 18, 2021. Checking promotion state restriction is not asserted for this separate savings reward.","2026-09-11","0.01","","https://www.bmo.com/en-us/main/personal/checking-accounts/digital-offer/","2026-09-11","Separate savings component, not a $660 checking tier. $25 opening and $200 monthly ledger growth known, but staggered balance/reward/withdrawal schedule not represented by a single capital/hold window. Total funding and endpoints intentionally blank: exact annualized net ROI and Good ROI unavailable, not zero. Current first-party 0.01% variable APY effective date visible in ?v=600; another extraction had blank effective date. No fixed expiration stated for savings rewards. Source: https://www.doctorofcredit.com/il-wi-mn-in-az-fl-ks-mo-bmo-harris-350-checking-300-savings-bonus/","2500","online","","unknown","","","","","","","","","","","yes","https://www.doctorofcredit.com/il-wi-mn-in-az-fl-ks-mo-bmo-harris-350-checking-300-savings-bonus/","2026-09-24","ChexSystems: Yes DoC article ChexSystems field, 2026-09-10. DoC article covers BMO personal checking + savings bonuses (same personal line as Savings Builder); many 2026 comments confirm Chex pulls on personal checking. Secondary reported screening, not a bank guarantee.","$25.00: Savings Builder minimum opening deposit; not monthly balance growth. $200.00: Grow ledger balance by $200 per month for up to twelve rewards; interest/rewards excluded. Variable cumulative schedule, not one fixed $200 balance. Opening $25 and $200 monthly balance growth verified. Cannot represent twelve monthly net-growth checkpoints as one fixed funding/hold amount; opening overlap and baseline need schedule-level modeling. Preserve unknown, not $200 or inferred $2,400 total.","https://www.bmo.com/en-us/main/personal/checking-accounts/digital-offer/","2026-09-22"
"camden-national-checking-300","Camden National Bank","Rewards Checking","checking","false","30000","Open Rewards (preferred) or Premier September 8-November 13, 2026 with $25; receive qualifying direct deposit of $500 or more within 60 days. $300 paid within 90 calendar days after qualifying DD; account open, good standing and not overdrawn at payout.","https://www.camdennational.bank/fall-bonus","https://www.camdennational.bank/fall-bonus","2026-11-13","500","Rewards $5/month waived $500 average daily balance; optional paper statements $3. Premier alternative $20 waived $2,500 average daily balance OR $25,000 total deposits. HYS $1 waived $100 average daily balance or qualifying age; Promise alternative no monthly fee.","Age 18+; primary owner address ME, NH or MA ONLY (full footnotes override broader New England FAQ). No consumer checking ownership in prior 12 months for checking bonus; no savings/HYS ownership in prior 12 months for savings bonus. Employees/affiliates excluded; one bonus per account, maximum $500 per individual; no stacking.","2026-09-13","0","account_opening","https://www.camdennational.bank/fall-bonus","2026-08-20","DoC: https://www.doctorofcredit.com/me-nh-camden-national-bank-300-checking-bonus-2/ First-party campaign: https://www.camdennational.bank/fall-bonus. Fees: https://www.camdennational.bank/personal/bank/understanding-fees ; APY/product: https://www.camdennational.bank/personal/save/high-yield-savings . HYS 2.65% on $10,000 effective 2026-04-22; campaign 2026-08-20 agrees. Promise alternative 0.03% at $10,000. Rewards non-interest bearing. DoC stale 2024 dates/ME-NH/max $300/money market superseded. Exact safe hold endpoint uncertain; hold_days=90 tracking only, no fabricated hold_until. Illustrative F+91 withdrawal only in supplementary audit. Components and combined are not additive. DoC $25 closure within six months unverified first-party; retain cost gap. DD MODEL 0% seven days, unstated count defaults one, not bank count.","2500","online","","included_states","ME;NH;MA","","","50000","","","","","","","yes","https://www.doctorofcredit.com/me-nh-camden-national-bank-300-checking-bonus-2/#comment-2319120","2026-09-24","Got a Chex pull immediately, went pending. Declined about 3 hours later due to Chex. DoC reader datapoints (article field unknown or absent), 2026-05-10. Article field is Unknown, but recent comments report Chex pulls/denials (Chex-sensitive); DoC's ChexSystems list also lists Camden as does pull. Secondary reported screening, not a bank guarantee.","","",""
"camden-national-savings-200","Camden National Bank","High-Yield Savings (qualifying checking required)","savings","false","20000","Open Promise or High-Yield Savings AND qualifying Rewards/Premier checking during September 8-November 13, 2026. Deposit $10,000 NEW external money within 20 calendar days of SAVINGS opening; maintain $10,000 minimum daily balance for 90 ADDITIONAL days from funding qualification. Keep qualifying checking and savings open/good standing, not overdrawn at payout; $200 paid within 90 calendar days after requirements. Savings is NOT an independent standalone offer; whether qualifying checking must also satisfy DD is unresolved. Open both same day and satisfy DD conservatively: hero anchors 20 days to checking, detailed footnote to savings. Money market not eligible.","https://www.camdennational.bank/fall-bonus","https://www.camdennational.bank/fall-bonus","2026-11-13","100","Rewards $5/month waived $500 average daily balance; optional paper statements $3. Premier alternative $20 waived $2,500 average daily balance OR $25,000 total deposits. HYS $1 waived $100 average daily balance or qualifying age; Promise alternative no monthly fee.","Age 18+; primary owner address ME, NH or MA ONLY (full footnotes override broader New England FAQ). No consumer checking ownership in prior 12 months for checking bonus; no savings/HYS ownership in prior 12 months for savings bonus. Employees/affiliates excluded; one bonus per account, maximum $500 per individual; no stacking.","2026-09-13","2.65","account_opening","https://www.camdennational.bank/personal/save/high-yield-savings","2026-04-22","DoC: https://www.doctorofcredit.com/me-nh-camden-national-bank-300-checking-bonus-2/ First-party campaign: https://www.camdennational.bank/fall-bonus. Fees: https://www.camdennational.bank/personal/bank/understanding-fees ; APY/product: https://www.camdennational.bank/personal/save/high-yield-savings . HYS 2.65% on $10,000 effective 2026-04-22; campaign 2026-08-20 agrees. Promise alternative 0.03% at $10,000. Rewards non-interest bearing. DoC stale 2024 dates/ME-NH/max $300/money market superseded. Exact safe hold endpoint uncertain; hold_days=90 tracking only, no fabricated hold_until. Illustrative F+91 withdrawal only in supplementary audit. Components and combined are not additive. DoC $25 closure within six months unverified first-party; retain cost gap. DD MODEL 0% seven days, unstated count defaults one, not bank count.","2500","online","","included_states","ME;NH;MA","","","unknown","","","","","","","yes","https://www.doctorofcredit.com/me-nh-camden-national-bank-300-checking-bonus-2/#comment-2319120","2026-09-24","Got a Chex pull immediately, went pending. Declined about 3 hours later due to Chex. DoC reader datapoints (article field unknown or absent), 2026-05-10. Article field is Unknown, but recent comments report Chex pulls/denials (Chex-sensitive); DoC's ChexSystems list also lists Camden as does pull. Secondary reported screening, not a bank guarantee.","$10,000.00: Savings new-money funding and maintained daily balance; same funds, not two additive legs. $25.00: Required linked checking minimum; do not conflate with savings. Savings $10,000 funding/balance verified; required qualifying checking $25 opening also known. Whether qualifying checking additionally requires $500 DD is not explicit and hero/legal funding anchors differ. Preserve explicit unknown; no inferred overlap, deadlines or APY changes.","https://www.camdennational.bank/fall-bonus","2026-09-22"
"camden-national-combined-500","Camden National Bank","Rewards Checking + High-Yield Savings","other","false","50000","Open Rewards (preferred) or Premier September 8-November 13, 2026 with $25; receive qualifying direct deposit of $500 or more within 60 days. $300 paid within 90 calendar days after qualifying DD; account open, good standing and not overdrawn at payout. Open Promise or High-Yield Savings AND qualifying Rewards/Premier checking during September 8-November 13, 2026. Deposit $10,000 NEW external money within 20 calendar days of SAVINGS opening; maintain $10,000 minimum daily balance for 90 ADDITIONAL days from funding qualification. Keep qualifying checking and savings open/good standing, not overdrawn at payout; $200 paid within 90 calendar days after requirements. Savings is NOT an independent standalone offer; whether qualifying checking must also satisfy DD is unresolved. Open both same day and satisfy DD conservatively: hero anchors 20 days to checking, detailed footnote to savings. Money market not eligible. Total $500 = $300 + $200; not additive to component rows.","https://www.camdennational.bank/fall-bonus","https://www.camdennational.bank/fall-bonus","2026-11-13","600","Rewards $5/month waived $500 average daily balance; optional paper statements $3. Premier alternative $20 waived $2,500 average daily balance OR $25,000 total deposits. HYS $1 waived $100 average daily balance or qualifying age; Promise alternative no monthly fee.","Age 18+; primary owner address ME, NH or MA ONLY (full footnotes override broader New England FAQ). No consumer checking ownership in prior 12 months for checking bonus; no savings/HYS ownership in prior 12 months for savings bonus. Employees/affiliates excluded; one bonus per account, maximum $500 per individual; no stacking.","2026-09-13","","account_opening","","","DoC: https://www.doctorofcredit.com/me-nh-camden-national-bank-300-checking-bonus-2/ First-party campaign: https://www.camdennational.bank/fall-bonus. Fees: https://www.camdennational.bank/personal/bank/understanding-fees ; APY/product: https://www.camdennational.bank/personal/save/high-yield-savings . HYS 2.65% on $10,000 effective 2026-04-22; campaign 2026-08-20 agrees. Promise alternative 0.03% at $10,000. Rewards non-interest bearing. DoC stale 2024 dates/ME-NH/max $300/money market superseded. Exact safe hold endpoint uncertain; hold_days=90 tracking only, no fabricated hold_until. Illustrative F+91 withdrawal only in supplementary audit. Components and combined are not additive. DoC $25 closure within six months unverified first-party; retain cost gap. DD MODEL 0% seven days, unstated count defaults one, not bank count.","5000","online","","included_states","ME;NH;MA","","","1050000","","","","","","","yes","https://www.doctorofcredit.com/me-nh-camden-national-bank-300-checking-bonus-2/#comment-2319120","2026-09-24","Got a Chex pull immediately, went pending. Declined about 3 hours later due to Chex. DoC reader datapoints (article field unknown or absent), 2026-05-10. Article field is Unknown, but recent comments report Chex pulls/denials (Chex-sensitive); DoC's ChexSystems list also lists Camden as does pull. Secondary reported screening, not a bank guarantee.","","",""
"wesbanco-one-checking-300","WesBanco","One Account","checking","false","30000","Open One Account IN BRANCH ONLY by October 31, 2026 with WBCHECKING and $50. Receive total $1,000 qualifying DD AND 20 debit-card POS purchases, all posted within 60 days (pending excluded). Minimum debit spend unknown. Bonus within 90 calendar days of opening; account open and strictly positive at payout.","https://www.wesbanco.com/300-bonus/","https://www.wesbanco.com/300-bonus/","2026-10-31","800","$8 waived eStatements OR $500 minimum DAILY balance; prefer eStatements without tying up waiver capital.","TARGETED: only residents at address to which offer was mailed; nontransferable. Age 18+; no current checking or checking in prior 12 months; trusts/estates excluded; one per qualifying account/customer; approval required.","2026-09-13","0","account_opening","https://www.wesbanco.com/personal/personal-checking/compare-checking-accounts/","","DoC: https://www.doctorofcredit.com/wv-pa-oh-in-ky-md-wesbanco-250-checking-bonus/ First-party campaign: https://www.wesbanco.com/300-bonus/. Fee/non-interest source https://www.wesbanco.com/personal/personal-checking/compare-checking-accounts/ . $1,000 is promotional DD only, NOT complete net capital/cost including unknown POS spend or opening-fund overlap. MODEL DD 0% seven days, count defaults one because bank count unspecified. DoC $250/$400, $2,000/two DD/$500 thresholds, $6 fee and seven-business-day payout are stale versus primary $300/$1,000/20POS/$8/payout90 from opening. Early closure fee unverified, not zero. No unrelated money-market APY or capital.","5000","branch_only","","unknown","","Targeted mailed-address offer; no complete verified state list. DoC footprint is not universal eligibility.","","100000","","","","","","","yes","https://www.doctorofcredit.com/banks-credit-unions-dodont-pull-chexsystems/","2026-09-24","Wesbanco Does pull: 1 DoC ChexSystems do/don't-pull list or quoted bank terms, 2026-09-13. DoC's compiled list has Wesbanco under 'Does pull' (single datapoint); the current checking article field says 'Unknown, sensitive'. Secondary reported screening, not a bank guarantee.","","",""
"mutual-security-business-checking-250","Mutual Security Credit Union","Basic Business Checking","checking","true","25000","Open new business checking by September30,2026. Complete20 debit transactions within60 days; keep account in good standing. Bonus paid within45 days AFTER the60-day qualification period (up to105 days from opening), not45 days after opening. Basic preferred; Advanced alternative. No DD requirement stated. Debit spend amount, opening funds and complete capital unknown.","https://www.mscu.net/","https://www.mscu.net/","2026-09-30","1000","Basic $10/month waived $1,000 minimum daily balance; non-interest bearing. Advanced $15 waived $5,000 daily, 0.10% DIVIDEND RATE not verified APY. Basic100 free transactions then$0.50 each; Advanced200 then$0.30; overdraft fees apply.","New business checking, membership/approval required. First-party Who We Serve: live/work/worship/school in Fairfield, Litchfield, New Haven counties CT; family members also welcome. SEG route only DoC, unverified primary. Exact business membership mapping, lookback and early closure terms unresolved; do not impose complete CT residence restriction.","2026-09-13","0","account_opening","https://www.mscu.net/business-checking-accounts","","DoC: https://www.doctorofcredit.com/ct-only-mutual-security-credit-union-250-business-checking-bonus/ First-party campaign: https://www.mscu.net/. Live HOME confirms250/20debits60days/expiry9/30/26/payout45days AFTER qualification period. Product fee/noninterest source https://www.mscu.net/business-checking-accounts . Advanced0.10% dividend rate not APY. Unknown transaction spend/opening/membership/closure/lookback prevents complete net ROI; do not use optional$1,000 waiver balance as promotional denominator. Supplementary hypothetical waiver-versus-fee scenarios exclude unresolved costs, not canonical net ranking. Fee image (parent visual inspection, effective2026-03-01): https://www.mscu.net/hs-fs/hubfs/MSCU%20Fee%20Schedule%20-%20March%202026%20final.jpg?width=5100&height=6600&name=MSCU%20Fee%20Schedule%20-%20March%202026%20final.jpg ; membership: https://www.mscu.net/about?hsLang=en . No opening/share/closure fees visible is not evidence of zero.","","","","unknown","","Primary county/family membership routes verified, exact business eligibility mapping unresolved; DoC SEG route unverified. Not a complete residence rule.","","unknown","","","","","","","unknown","","","","$1,000.00: Optional Basic account fee waiver, NOT bonus-required capital Live homepage confirms exact business campaign. Product minimum balance none is not evidence of zero opening/member funding; purchase amount and membership/opening funds unquantified. Optional $1,000 Basic fee-waiver balance is not promotional capital; preserve explicit unknown and unrelated fee fields.","https://www.mscu.net/","2026-09-22"
"cu-rockies-in-touch-300","Credit Union of the Rockies","In Touch Checking","checking","false","30000","New member age 18+ opens checking; establish MONTHLY recurring qualifying direct deposit of at least $500; exact number of months and DD deadline unstated. Five CUR Visa debit transactions within 90 days of opening; checking in good standing at least 90 days. $300 paid after all requirements met; payout deadline unstated. Maintain $5 membership share separately.","https://www.doctorofcredit.com/co-credit-union-of-the-rockies-300-checking-bonus/","https://www.cu-rockies.org/Membership/Membership.aspx","","0","In Touch has no monthly fee or minimum checking balance. $5 required membership share. Linked fee schedule effective 2021-04-01: $25 closure within 90 days; $3 monthly paper statements, eStatements free. Older separately indexed disclosure has conflicting closure fees; confirm before closing.","New members age 18+; one bonus per individual; no stacking; limited-time offer, no dated expiration; subject to approval.","2026-09-20","","account_opening","","","User confirms MONTHLY DD, not one-time. Marketing monthly wording versus singular legal DD does not establish a count or deadline; never infer three cycles or DD day90 from debit/keep-open rule. Checking/share APY and share release unknown. Sources: https://cu-rockies.org/Savings/Checking.aspx ; https://www.cu-rockies.org/Savings/Savings.aspx ; https://www.cu-rockies.org/Documents/Disclosures/Membership-Agreements-and-Disclosures_3-1-2022.aspx ; https://www.cu-rockies.org/Documents/Disclosures/Fee-Schedule.aspx . User-authorized unknown total capital: no exact complete ROI. DD-only opportunity cost at 4% simple annual rate is amount * 0.04 * 7 / 365 per actual DD, assuming 0% DD yield; seven days is a model, not a bank hold. Shares, opening funds, reserves, fees and calendar holds are separate and not seven-day DD capital. Campaign explicitly permits online or branch enrollment.","","online","","unknown","","Membership alternatives: live/work in Clear Creek, Eagle, Gilpin, Grand, Jefferson or Summit County CO; relatives by blood/marriage/adoption of eligible people; approved Community Partner employment. CO residence is not exhaustive.","90","unknown","","","","","","","unknown","","","","$5.00: Separate savings ownership share. $500.00: Marketing explicitly monthly; legal says qualifying DD of at least$500, does not specify number of months. Recurring $500 and $5 savings share supported. Monthly count/DD deadline remain unstated and debit dollar amount unknown; do not reinterpret legal shorthand as single DD or infer three cycles. Explicit unknown total retained.","https://www.cu-rockies.org/Membership/Membership.aspx","2026-09-22"
"univest-value-fall400","Univest","Value Checking FALL400","checking","false","40000","Open new consumer Value Checking September 14-November 25 2026. Qualifying ACH direct deposits total $1000 within 90 calendar days of opening. Bonus within 30 business days after the 90-day qualification period; keep account open, positive and unrestricted through payout. No partial bonus.","https://www.doctorofcredit.com/pa-only-univest-400-checking-bonus/","https://www.univest.net/fall400","2026-11-25","0","Value Checking $0 monthly fee, $0 minimum balance and $0 paper statements. Do not borrow Relationship account fees. Current fee schedule as of 2026-03-31 lists $10 closure BY MAIL; no time-based early-close fee found, not proof of no closure restrictions.","No current consumer checking; no closed consumer checking or new checking incentive in past 12 months. One bonus per residential-address household. No business accounts; no stacking unless stated. Account approval required.","2026-09-20","","account_opening","","","Value APY and opening deposit unknown. Positive payout reserve amount/duration unknown, so DD cumulative $1000 is not complete capital. Sources: https://www.univest.net/personal-checking-accounts ; https://www.univest.net/fees . User-authorized unknown total capital: no exact complete ROI. DD-only opportunity cost at 4% simple annual rate is amount * 0.04 * 7 / 365 per actual DD, assuming 0% DD yield; seven days is a model, not a bank hold. Shares, opening funds, reserves, fees and calendar holds are separate and not seven-day DD capital. Campaign Apply Now links to https://apply.univest.net/?promo=fall400 ; online enrollment verified.","","online","","unknown","","DoC says PA only; current campaign legal does not verify a PA-only residence rule. Geography unresolved; do not certify nationwide.","","unknown","","","","","","","yes","https://www.doctorofcredit.com/pa-only-univest-400-checking-bonus/","2026-09-24","ChexSystems: Yes DoC article ChexSystems field, 2026-09-19. DoC field on the current Univest $400 checking post; hard pull as well. Secondary reported screening, not a bank guarantee.","$1,000.00: Aggregate qualifying DD within 90 days; no per-deposit amount or count. Cumulative $1,000 qualifying ACH DD verified; product page gives $0 monthly balance, NOT a verified $0 opening minimum. Ancillary opening funding and overlap unverified, so no complete total asserted.","https://www.univest.net/fall400","2026-09-22"
"horizon-everyday-indygo-250","Horizon Bank","Everyday Checking INDYGO2026","checking","false","25000","Open new Everyday Checking using INDYGO2026 ONLY at 38th & Arlington office. Within 90 days of opening set up recurring qualifying DD of at least $250 and complete 10 POS debit purchases. Pays within 30 days after qualification; account in good standing at payout. Recurring DD count unstated.","https://www.doctorofcredit.com/in-in-branch-only-horizon-bank-300-checking-bonus/","https://www.horizonbank.com/indygo2026","2026-10-31","0","Verified public Product Selection disclosures: $25 minimum opening balance; no monthly service fee; free eStatements or $3 paper statement fee. APY and early-close fee not stated. DoC comment-derived $25/90-day closure claim is unverified, not a mandatory hold.","New Everyday Checking; one cash bonus per customer; office-only campaign. Horizon Bank is not First Horizon.","2026-09-20","","account_opening","","","Current issuer $250 recurring DD supersedes stale DoC $500/America250/July31 terms. Campaign has online link conflicting with office-only legal: branch_only retained. Supplemental https://open.horizonbank.com/products disclosures verified $25 opening, no monthly service fee, eStatements free/$3 paper; initial funds available fifth business day after deposit. Opening funding/availability is separate from seven-day promotional DD model. Generic https://www.horizonbank.com/personal/bank/checking/everyday-checking-account was blocked; no APY/early-close inference. User-authorized unknown total capital: no exact complete ROI. DD-only opportunity cost at 4% simple annual rate is amount * 0.04 * 7 / 365 per actual DD, assuming 0% DD yield; seven days is a model, not a bank hold. Shares, opening funds, reserves, fees and calendar holds are separate and not seven-day DD capital.","2500","branch_only","","unknown","","Campaign good only at 38th & Arlington office. Generic online product permits new customers resident in IN/MI, but this does not widen office-only campaign or establish exhaustive campaign residence eligibility.","","unknown","","","","","","","unknown","","","","$25.00: Explicit Everyday Checking opening minimum. $250.00: Recurring qualifying DD threshold; required count unstated. Opening $25 and recurring $250 DD threshold verified; required DD count and purchase funding unknown. Opening funds availability fifth business day is not bonus DD hold. Retain unknown total.","https://www.horizonbank.com/indygo2026","2026-09-22"
"hvcu-value-business-750","Hudson Valley Credit Union","Value Business Checking","checking","true","75000","Open Value Business Checking in person with business specialist; $2500 qualifying deposits and required average balance through end of third full calendar month after opening. Online/mobile banking enrollment; 10 qualifying transactions within 90 days of enrollment, not necessarily opening. Principal withdrawal only after that month-end; all accounts positive/open/in good standing through payout. Value current first-party incentive terms unavailable; confirm these user-authorized planning requirements before enrollment.","https://www.doctorofcredit.com/ny-in-branch-hudson-valley-federal-credit-union-750-1500-business-checking-bonus/","https://www.hvcu.org/business/bank/business-checking-accounts/","2026-11-24","1000","Current business fee schedule effective 2026-04-01: $10 monthly low-balance fee waived at $2500. Continue waiver or budget fees through payout; withdrawing principal after calendar hold can expose payout-month fees. $0.01 regular savings share and positive share accounts required. No early-close fee found, not a guarantee.","Value eligibility not issuer-reverified; confirm exact tier terms. Conservative first-ever business checking pending manual resolution of FAQ never-had versus legal no-current conflict. One incentive per business member; no stacking. Enhanced legal excludes employees; confirm Value-specific exclusions rather than assuming eligibility.","2026-09-20","","account_opening","","","Value incentive not issuer-reverified: user confirms both tiers; current DoC update 2026-09-15 (article 2026-09-19) extends both to November 24 2026 but body retains March 3-May 23 2025 and old fee schedule. Prior https://www.hvcu.org/business-checking-incentive/ returns 404. Value APY, opening minimum and current tier-specific eligibility/legal unavailable; listed balance/calendar/transaction/share requirements are user-authorized conservative planning terms, not Enhanced legal verified for Value. Confirm Value enrollment and requirements with business specialist. Conservative first-ever/manual review for both tiers; do not silently certify prior customers. Calendar hold is not fixed days; funding deadline, share release and payout reserve/fee exposure unresolved. Enrollment transaction clock cannot override opening-based balance clock; imported as manual other step. Sources: https://www.hvcu.org/1500offer-090726/ ; https://hvcu.org/1500offer-062026 ; https://www.hvcu.org/business/bank/business-fee-schedule/ . User-authorized unknown total capital: no exact complete ROI. A 4% simple opportunity-cost comparison is conditional on actual funding and calendar withdrawal dates, balance APY, share duration, payout reserves and fees; no exact figures or fixed-day hold assumed. These are balance requirements, not seven-day DD tranches.","","branch_only","","unknown","","Regional branch-only; reside or operate a business in Albany, Columbia, Dutchess, Greene, Orange, Putnam, Rensselaer, Rockland, Saratoga, Schenectady, Sullivan, Ulster or Westchester County NY. Residence OR business location means NY-only residence gate would be incorrect. Value geographic applicability user-confirmed, current tier-specific legal not reverified.","","unknown","","","","","","","unknown","","","","Current first-party product page only describes Value $2,500 fee-waiver average balance, not the retained $750 incentive. No Value campaign funding/legal evidence retrieved; fee-waiver threshold cannot validate bonus funding. Preserve user-authorized planning terms and unknown capital.","https://www.hvcu.org/business/bank/business-checking-accounts/","2026-09-22"
"hvcu-enhanced-business-1500","Hudson Valley Credit Union","Enhanced Business Checking","checking","true","150000","Open Enhanced Business Checking in person with business specialist; $7500 qualifying deposits and required average balance through end of third full calendar month after opening. Online/mobile banking enrollment; 10 qualifying transactions within 90 days of enrollment, not necessarily opening. Principal withdrawal only after that month-end; all accounts positive/open/in good standing through payout. Legal payout 30 days after requirements; marketing typically within 30 days after verification. September opening: December end/January payout; October: January/February; November: February/March.","https://www.doctorofcredit.com/ny-in-branch-hudson-valley-federal-credit-union-750-1500-business-checking-bonus/","https://www.hvcu.org/1500offer-090726/","2026-11-24","2000","Current business fee schedule effective 2026-04-01: $20 monthly low-balance fee waived at $7500. Continue waiver or budget fees through payout; withdrawing principal after calendar hold can expose payout-month fees. $0.01 regular savings share and positive share accounts required. No early-close fee found, not a guarantee.","Conservative first-ever business checking pending manual resolution of FAQ never-had versus legal no-current conflict. One incentive per business member; no stacking. Employees excluded by current Enhanced legal.","2026-09-20","0.05","account_opening","https://www.hvcu.org/1500offer-090726/","2026-09-07","Current Enhanced legal confirms campaign September 7-November 24 2026, 0.05% APY as of September 7, no opening/interest minimum. Current campaign FAQ says never had business checking; legal says not currently: use conservative first-ever eligibility and manual conflict review. Conservative first-ever/manual review for both tiers; do not silently certify prior customers. Calendar hold is not fixed days; funding deadline, share release and payout reserve/fee exposure unresolved. Enrollment transaction clock cannot override opening-based balance clock; imported as manual other step. Sources: https://www.hvcu.org/1500offer-090726/ ; https://hvcu.org/1500offer-062026 ; https://www.hvcu.org/business/bank/business-fee-schedule/ . User-authorized unknown total capital: no exact complete ROI. A 4% simple opportunity-cost comparison is conditional on actual funding and calendar withdrawal dates, balance APY, share duration, payout reserves and fees; no exact figures or fixed-day hold assumed. These are balance requirements, not seven-day DD tranches.","0","branch_only","","unknown","","Regional branch-only; reside or operate a business in Albany, Columbia, Dutchess, Greene, Orange, Putnam, Rensselaer, Rockland, Saratoga, Schenectady, Sullivan, Ulster or Westchester County NY. Residence OR business location means NY-only residence gate would be incorrect.","","unknown","","","","","","","unknown","","","","$0.00: Enhanced Business Checking no minimum to open. $7,500.00: Qualifying deposits and required average balance are same checking leg, not additive. $0.01: Regular share savings at least one cent; positive balance also required in all share accounts. Known $7,500 average balance and separate $0.01 membership share verified, but do not replace explicit unknown total: existing-account all-share positive-balance exposure not enumerated and transaction/enrollment timing differs between hero and legal. Preserve calendar hold and enrollment clocks.","https://www.hvcu.org/1500offer-090726/","2026-09-22"
"mountain-america-mystyle-bsu-150","Mountain America Credit Union","MyStyle Checking BSU150MS","checking","false","15000","New MyStyle Checking with Bronco debit card and eStatements; promo BSU150MS; initiate monthly qualifying DD within 60 days of opening. DD amount and number of recurring months/deposits unstated. $150 paid within 30 business days after requirements. Campaign directs branch or telephone, not verified online enrollment.","https://www.doctorofcredit.com/ut-id-nv-nm-mt-az-mountain-america-credit-union-150-checking-bonus/","https://www.macu.com/cp/credit-cards/bsu","2027-06-30","700","$7 per calendar month waived by 20 debit/credit PURCHASES in previous month (ATM withdrawals excluded), $10000 average daily balance, age 24 or younger or 60 or older. First-month waiver not assumed; preserve waiver/fee reserve through payout. $1 primary savings share; at $1 no dividend (0.05% only at $100+). $2 paper statement fee avoided only while eStatements enabled. Truth-in-savings effective 2026-09-01: $1 if account closed within 180 days; fee, NOT mandatory 180-day bonus hold.","Membership required; one reward per person. Excludes employees, secondary/business accounts, conversions and stacking. Branch or telephone campaign enrollment; enum lacks phone alternative so channel blank.","2026-09-20","0","account_opening","https://www.macu.com/media/pdf/truth-in-savings.pdf","2026-09-01","Expiry June 30 2027 verified, not 2026. Checking APY 0%; no checking minimum opening/balance; required $1 savings share separate. DD initiation by day60 does not establish recurrence count or all monthly completion dates. Product https://www.macu.com/accounts/checking/mystyle-checking ; membership https://www.macu.com/about/membership remains incomplete. Fee cycles, payout-period waiver and share release unresolved. User-authorized unknown total capital: no exact complete ROI. DD-only opportunity cost at 4% simple annual rate is amount * 0.04 * 7 / 365 per actual DD, assuming 0% DD yield; seven days is a model, not a bank hold. Shares, opening funds, reserves, fees and calendar holds are separate and not seven-day DD capital.","0","","","unknown","","General membership and BSU targeting unresolved. Historical BYU26 and six-state/geofenced DoC variants do not establish this campaign residence eligibility.","","unknown","","","","","","","unknown","","","","$0.00: Checking minimum explicitly zero $1.00: Primary Savings balance required to maintain membership Issuer confirms zero checking opening requirement and $1 primary savings membership balance. Monthly DD must be initiated within 60 days but no amount, count or recurrence end is stated. Keep explicit unknown total; fee-waiver transactions/balances are not campaign DD requirements.","https://www.macu.com/cp/credit-cards/bsu","2026-09-22"
"sterling-completely-free-100","Sterling Bank","Completely Free Checking","checking","false","10000","Open new personal Completely Free Checking with $50; within 45 days receive $500 aggregate ACH/direct deposits, post 12 debit transactions and initially enroll in eStatements. Bonus pays next business day following day 46.","https://sterbank.bank/personal/checking","https://sterbank.bank/personal/checking","","0","No monthly service fee or minimum balance. Current early-close fee and clawback unknown.","New personal checking; confirm former/current-customer restrictions. Online landing requires age 18+ and US citizenship; minors/aliens contact bank. Expiration and code not stated.","2026-09-21","","account_opening","","","Comparison yield: 4% simple. Interest assumptions: actual DD modeled at 0% for seven days each, not bank terms; other interest only as labeled. Fees: No monthly service fee or minimum balance. Current early-close fee and clawback unknown. Opportunity cost: conditional illustrations only. Estimated net: unknown. Annualized net: unknown. Good ROI: unknown (illustrative threshold net > $200 OR annualized > 7%, not canonical gross gate). Uncertainty: Opening/DD overlap, debit spending, retained reserve, numeric APY and closure fees unresolved. INCOMPLETE illustration one $500 DD only: Omits $50 opening funds, debit spend, reserve and unknown fees; not complete ROI; {""interest_dollars"":0.0,""opportunity_cost_dollars"":0.38,""net_dollars"":99.62,""annualized_net_percent"":1038.86}. Sources: https://sterbank.bank/personal/checking Annualization formula: unrounded illustrative net * 365 / sum(principal * days) * 100; no cashback capital annualization. Illustrative good ROI [one $500 DD only]: true (incomplete scenario only).","5000","online","","unknown","","Residence eligibility unknown; MO/IL/AR branch footprint is not an exhaustive residence gate.","","unknown","","","","","","","unknown","","","","$50.00: Opening minimum only. $500.00: Aggregate ACH/direct deposits, no per-deposit minimum. Opening $50 and cumulative ACH/direct deposit $500 verified. Dollar funding for twelve transactions and opening/ACH overlap remain unknown. Keep explicit unknown total and do not force broad ACH into payroll-DD model.","https://sterbank.bank/personal/checking","2026-09-22"
"park-national-vip-300","Park National Bank","VIP Checking","checking","false","30000","Open by November 14, 2026 using PW426VIP915 at opening online or in branch. Receive $1,000 aggregate qualifying direct deposits within 90 days (payroll, government benefits and ACH included). Verified at day 90; bonus paid within 15 days after verification; remain open, unrestricted and in good standing.","https://parknationalbank.com/vipoffer/","https://parknationalbank.com/vipoffer/","2026-11-14","1000","First two statement cycles free; then $10/cycle waived with $500 electronic deposits in cycle OR $1,000 current-cycle average available balance OR owner age <=24. Early-close fee/clawback unknown. Zero balance for 35 days may trigger closure.","New personal checking customers only; current Park checking customers excluded. Approval required; one bonus/customer and single-use offer code. Former-customer lookback unknown.","2026-09-21","","account_opening","","","Comparison yield: 4% simple. Interest assumptions: actual DD modeled at 0% for seven days each, not bank terms; other interest only as labeled. Fees: First two statement cycles free; then $10/cycle waived with $500 electronic deposits in cycle OR $1,000 current-cycle average available balance OR owner age <=24. Early-close fee/clawback unknown. Zero balance for 35 days may trigger closure. Opportunity cost: conditional illustrations only. Estimated net: unknown. Annualized net: unknown. Good ROI: unknown (illustrative threshold net > $200 OR annualized > 7%, not canonical gross gate). Uncertainty: Opening/funding overlap, payout-period reserve and service fees, current closure fee/clawback unresolved. VIP numeric APY unknown. INCOMPLETE illustration one $1000 DD only: Omits opening, reserve and service/closure fees; {""interest_dollars"":0.0,""opportunity_cost_dollars"":0.77,""net_dollars"":299.23,""annualized_net_percent"":1560.29}. Sources: https://parknationalbank.com/vipoffer/ ; https://openaccount.parknationalbank.com/products Annualization formula: unrounded illustrative net * 365 / sum(principal * days) * 100; no cashback capital annualization. Illustrative good ROI [one $1000 DD only]: true (incomplete scenario only).","10000","","","unknown","","ONLINE ONLY residence restriction: OH; IN; KY; NC; SC; TN, age 18+. In-branch out-of-area eligibility unverified, so overall residence rule remains unknown; do not exclude branch applicants using online-only rule.","","unknown","","","","","","","unknown","","","","$1,000.00: Bonus total within 90 days; $500 monthly fee-waiver deposit is different. Rendered current campaign PW426VIP915/November 14 resolves extraction stale VIP630PW326. Bonus legs verified, but overlap with existing $100 opening leg and payout-period funding unresolved; public opening disclosure modal failed to populate minimums in this check. Preserve unknown and existing opening field without recertifying it.","https://parknationalbank.com/vipoffer/","2026-09-22"
"park-national-vip-all-access-500","Park National Bank","VIP All-Access Checking","checking","false","50000","Open by November 14, 2026 using PW426VIP915 at opening online or in branch. Receive $1,000 aggregate qualifying direct deposits within 90 days (payroll, government benefits and ACH included). Deposit $25,000 by day 30 and maintain at least $25,000 in checking through day 90. Verified at day 90; bonus paid within 15 days after verification; remain open, unrestricted and in good standing.","https://parknationalbank.com/vipoffer/","https://parknationalbank.com/vipoffer/","2026-11-14","2500","First two statement cycles free; then $25/cycle waived with previous-calendar-month average available relationship balance >=$25,000. Early-close fee/clawback unknown. Zero balance for 35 days may trigger closure.","New personal checking customers only; current Park checking customers excluded. Approval required; one bonus/customer and single-use offer code. Former-customer lookback unknown.","2026-09-21","0.15","account_opening","https://www.parknationalcorp.com/common/onlineaccountopening/mantl_rates.pdf","2025-12-16","Comparison yield: 4% simple. Interest assumptions: actual DD modeled at 0% for seven days each, not bank terms; other interest only as labeled. Fees: First two statement cycles free; then $25/cycle waived with previous-calendar-month average available relationship balance >=$25,000. Early-close fee/clawback unknown. Zero balance for 35 days may trigger closure. Opportunity cost: conditional illustrations only. Estimated net: unknown. Annualized net: unknown. Good ROI: unknown (illustrative threshold net > $200 OR annualized > 7%, not canonical gross gate). Uncertainty: Opening/funding overlap, payout-period reserve and service fees, current closure fee/clawback unresolved. All-Access rate sheet dated 2025-12-16; variable, monthly compounding/credit; closing before credit forfeits accrued interest. Both overlap scenarios omit opening and reserve. INCOMPLETE illustration DD assumed overlaps $25000 hold: Assumes qualifying DD is part of same $25000; no separate DD capital days. Published variable APY remains constant and interest is credited before closure; overlap NOT verified; {""interest_dollars"":6.26,""opportunity_cost_dollars"":167.12,""net_dollars"":339.14,""annualized_net_percent"":8.12}. INCOMPLETE illustration DD assumed separate from $25000 hold: Assumes separate $1000 DD recycled for seven days at 0%; $25000 earns constant published .15% APY compounded for 61 days; overlap NOT verified; {""interest_dollars"":6.26,""opportunity_cost_dollars"":167.89,""net_dollars"":338.37,""annualized_net_percent"":8.06}. Sources: https://parknationalbank.com/vipoffer/ ; https://openaccount.parknationalbank.com/products ; https://www.parknationalcorp.com/common/onlineaccountopening/mantl_rates.pdf ; https://parknationalcorp.com/common/OnlineAccountOpening/TIS_VIPAllAccessChecking.pdf Annualization formula: unrounded illustrative net * 365 / sum(principal * days) * 100; no cashback capital annualization. Illustrative good ROI [DD assumed overlaps $25000 hold]: true (incomplete scenario only). Illustrative good ROI [DD assumed separate from $25000 hold]: true (incomplete scenario only).","10000","","","unknown","","ONLINE ONLY residence restriction: OH; IN; KY; NC; SC; TN, age 18+. In-branch out-of-area eligibility unverified, so overall residence rule remains unknown; do not exclude branch applicants using online-only rule.","","unknown","","","","","","","unknown","","","","$1,000.00: Bonus total within 90 days; $500 monthly fee-waiver deposit is different. $25,000.00: Deposit by day 30 and maintain through remainder of 90 days, checking only. Rendered current campaign PW426VIP915/November 14 resolves extraction stale VIP630PW326. Bonus legs verified, but overlap with existing $100 opening leg and payout-period funding unresolved; public opening disclosure modal failed to populate minimums in this check. Preserve unknown and existing opening field without recertifying it.","https://parknationalbank.com/vipoffer/","2026-09-22"
"gbc-easy-fall-400","GBC Bank","Easy Checking — Fall Into Cash","checking","false","40000","Open Easy Checking September 15–November 30, 2026. Receive $300 or more qualifying DD per statement cycle for three consecutive statement cycles within first 90 days. Bonus within 120 days of opening after qualification; remain open/unrestricted at payout.","https://www.gbcbank.com/fallintocash","https://www.gbcbank.com/fallintocash","2026-11-30","200","$2 monthly paper-statement fee waived with eStatements. No ongoing balance minimum. $25 closure within first 90 days per current-linked schedule revised April 3, 2024; later clawback unknown.","No existing checking customers; no account closed within 90 days or closed negative within three years. One opening bonus every two years from opening; one per account; ownership may limit eligibility. On Campus is a DIFFERENT alternative product with age<=25 and conflicting $5/$50 opening and statement/age fee rules; not this row.","2026-09-21","0","account_opening","https://www.gbcbank.com/Personal/Banking/Checking-Accounts","","Comparison yield: 4% simple. Interest assumptions: actual DD modeled at 0% for seven days each, not bank terms; other interest only as labeled. Fees: $2 monthly paper-statement fee waived with eStatements. No ongoing balance minimum. $25 closure within first 90 days per current-linked schedule revised April 3, 2024; later clawback unknown. Opportunity cost: conditional illustrations only. Estimated net: unknown. Annualized net: unknown. Good ROI: unknown (illustrative threshold net > $200 OR annualized > 7%, not canonical gross gate). Uncertainty: Opening/DD overlap, payout reserve and possible fees unresolved. Noninterest supported by issuer comparison Competitive interest dash for Easy; no numeric published APY date. Stale DoC $300/one-cycle terms superseded by current $400 campaign. INCOMPLETE illustration three $300 DD examples: One DD per qualifying statement cycle is an example, not required count. Omits opening funds, reserve and fees; {""interest_dollars"":0.0,""opportunity_cost_dollars"":0.69,""net_dollars"":399.31,""annualized_net_percent"":2313.46}. Sources: https://www.gbcbank.com/fallintocash ; https://www.gbcbank.com/Personal/Banking/Checking-Accounts/Easy-Checking ; https://www.gbcbank.com/Personal/Banking/Checking-Accounts ; https://www.gbcbank.com/Portals/0/PDF/GBCBankPersonalFeeSchedule.pdf?ver=PNhzvjd0M2mYzL7I_KB1CQ%3D%3D Annualization formula: unrounded illustrative net * 365 / sum(principal * days) * 100; no cashback capital annualization. Illustrative good ROI [three $300 DD examples]: true (incomplete scenario only).","5000","online","","unknown","","Residence eligibility unknown; secondary IN-only? is hedged, not an exhaustive rule.","","unknown","","","","","","","yes","https://www.doctorofcredit.com/in-gbc-bank-300-checking-bonus/","2026-09-24","ChexSystems: Yes DoC article ChexSystems field, 2026-09-20. DoC field on the GBC Bank $300 checking post, which is the same personal checking line but a different amount than the $400 Fall Into Cash offer. Secondary reported screening, not a bank guarantee.","$50.00: Easy Checking opening; distinct from DD. $900.00: Three explicitly stated cycles × $300; not $300 each individual deposit. Verified $300 cumulative per statement cycle for three consecutive cycles ($900 DD total), plus $50 Easy opening minimum. Opening funds are not DD and overlap is not established; keep total unknown. Legal repeats per-cycle total without contradicting headline three-cycle condition.","https://www.gbcbank.com/fallintocash","2026-09-22"
"communityamerica-cashback-600","CommunityAmerica Credit Union","Cashback Free Checking — CASH600","checking","false","60000","Open August 31–December 31, 2026 using CASH600 (landing button CASH600_NWA). Up to $600 is 9% promotional cashback up to $45/month for 12 months ($540) PLUS normal 1% up to $5/month ($60), not a lump sum or APY. Eligibility starts first month after opening for 12 months. Each month eStatements plus 25 posted POS debit purchases OR 15 purchases and one DD >=$250; qualify by day before last day of month. $500 eligible spend/month maximizes reward. Promo paid within 30 days after month ends; standard cashback by fifth of next month; remain open/good standing.","https://www.communityamerica.com/personal/bank/accounts/checking/arkansas-checking-promo","https://www.communityamerica.com/personal/bank/accounts/checking/arkansas-checking-promo","2026-12-31","0","No monthly fee or checking minimum. Current schedule effective 08/03/2026: Account Closed within 6 Months Fee $25.00 or balance; Promotional account closed within 6 months will be charged the amount of any incentives paid. Whether charges stack is unclear. $1 membership share required in primary Share Account or other qualifying Account.","No personal checking owned in preceding 12 months; membership/credit approval. One qualifying account/member; no stacking; business excluded. Chiefs Checking is alternative, not additive reward. Cannot combine with Premier/Interest/Investors/Loan Advantage checking.","2026-09-21","","account_opening","","","Comparison yield: 4% simple. Interest assumptions: actual DD modeled at 0% for seven days each, not bank terms; other interest only as labeled. Fees: No monthly fee or checking minimum. Current schedule effective 08/03/2026: Account Closed within 6 Months Fee $25.00 or balance; Promotional account closed within 6 months will be charged the amount of any incentives paid. Whether charges stack is unclear. $1 membership share required in primary Share Account or other qualifying Account. Opportunity cost: conditional illustrations only. Estimated net: unknown. Annualized net: unknown. Good ROI: unknown (illustrative threshold net > $200 OR annualized > 7%, not canonical gross gate). Uncertainty: Checking APY unknown. $1 membership balance overlap/duration and early-close incentive recovery unresolved. Cashback is conditional month-by-month, never capital APY or $600 lump sum. INCOMPLETE illustration ordinary planned $6000 spend: 12 months at $500 already-planned purchases; $600 maximum reward less foregone 2% credit-card rewards ($120) = $480 before membership opportunity cost, fees and taxes. No capital annualization; no unnecessary spending.; {""net_dollars"":480,""annualized_net_percent"":null}. Sources: https://www.communityamerica.com/personal/bank/accounts/checking/arkansas-checking-promo ; https://www.communityamerica.com/globalassets/media/pdfs/fee-schedule_personal.pdf ; https://www.communityamerica.com/globalassets/media/pdfs/16635_truth-in-savings.pdf ; https://www.communityamerica.com/globalassets/media/pdfs/16632_membership-account-agreement.pdf Annualization formula: unrounded illustrative net * 365 / sum(principal * days) * 100; no cashback capital annualization. Illustrative good ROI [ordinary planned $6000 spend]: true (incomplete scenario only).","100","","","unknown","","Residence in St. Louis MO-IL; Fort Smith-Fayetteville-Springdale-Rogers AR; Los Angeles CA; San Francisco-Oakland CA; Las Vegas NV; Dallas-Ft. Worth TX; Chattanooga TN DMA OR employee/partner/friend/family of Select Employer Group. DMA not statewide; SEG alternatives prevent exhaustive state rule. Membership separately required.","","unknown","","","","","","","unknown","","","","$1.00: Issuer FAQ explicitly requires separate savings $1 for new membership. $0.00: No minimum required to open checking. $500.00: Derived $45/9% (also $5/1%) = $500 monthly purchases to earn full advertised cashback; not mandatory minimum to qualify. $6,000.00: $500 each of 12 months maximizes $600 combined promotional/ordinary cashback; not retained balance or issuer-stated mandatory funding. $250.00: One DD >=$250/month not aggregated on 15-POS alternative; not required on existing 25-POS route. New-member separate $1 savings and $0 checking opening explicitly verified, correcting prior uncertainty about share account location. No-DD route needs purchases; full-reward spend is derived, not a mandatory deposit or complete total. Keep unknown total; do not force $500 onto required transaction steps or count alternative DD.","https://www.communityamerica.com/personal/bank/accounts/checking/arkansas-checking-promo","2026-09-22"
"chartway-herriman-250","Chartway Credit Union","Cash Back Checking — Herriman","checking","false","25000","New Chartway membership and Cash Back Checking through Herriman branch or exact promotional page. In SAME calendar month enroll eStatements with valid email, deposit >=$500 new money in monthly cycle and make >=10 debit purchases. Generic deposit, NOT direct deposit. Bonus following calendar month; September qualification example pays October 16, 2026. Negative balance forfeits bonus. No stated expiration.","https://joinchartway.com/branch/herriman/checking/","https://joinchartway.com/branch/herriman/checking/","","0","No checking monthly fee or minimum balance; $5 Prime Share membership balance maintained separately. Early-close fee, other joining fee and current comprehensive fee schedule unknown.","Utah residents age 18+ without current Chartway membership; qualify for membership; one bonus/member, multiple accounts do not earn more; no stacking.","2026-09-21","","account_opening","","","Comparison yield: 4% simple. Interest assumptions: actual DD modeled at 0% for seven days each, not bank terms; other interest only as labeled. Fees: No checking monthly fee or minimum balance; $5 Prime Share membership balance maintained separately. Early-close fee, other joining fee and current comprehensive fee schedule unknown. Opportunity cost: conditional illustrations only. Estimated net: unknown. Annualized net: unknown. Good ROI: unknown (illustrative threshold net > $200 OR annualized > 7%, not canonical gross gate). Uncertainty: No exact scenario until deposit release, debit spending, share duration, payout reserve and fees clarified. Checking APY unknown; 3% cashback is not APY. September example does not establish expiration. Sources: https://joinchartway.com/branch/herriman/checking/ ; https://www.chartway.com/post/check_in_and_check_out_our_checking_accounts.html ; https://www.chartway.com/personal/learn/rates/account-rates.html ; https://chartway.com/content/docs/MemberServicesPolicy.pdf Annualization formula: unrounded illustrative net * 365 / sum(principal * days) * 100; no cashback capital annualization.","","","","included_states","UT","Utah residents; age 18+, new eligible membership, open through Herriman branch or exact promotional landing page only.","","unknown","","","","","","","unknown","","","","$500.00: Same calendar monthly cycle as debit/eStatements; generic deposits, not DD. $5.00: Prime Share Savings opening minimum; share maintenance/release not established from product marketing alone. Rendered legal verifies $500 new-money monthly-cycle deposits, and savings page verifies $5 Prime Share opening. Ten debit purchases have unspecified dollar value; overlap and safe share release unresolved. Preserve existing unknown capital and timing.","https://joinchartway.com/branch/herriman/checking/","2026-09-22"
"connect-checking-400","Connect Credit Union","Checking — first checking bonus","checking","false","40000","Open first eligible regular Checking September 15–December 15, 2026. One or more qualifying payroll/retirement-benefit DD totaling $250 within 60 calendar days. Bonus within 60 days after requirements completed AND verified; remain open/good standing. New members open and maintain Share Savings. Verification delay means day 120 is not a guaranteed payout bound.","https://connectcu.org/400-bonus-new-checking","https://connectcu.org/400-bonus-new-checking","2026-12-15","275","$2.75 monthly Account Security Fee waived at $10,000 combined deposits/loans; timing/partial cycles unknown. Separate $5 Share Savings minimum deposit/balance maintained. Early-close fees, share redemption, additional savings fees and clawback unknown; closing before month end forfeits all month dividends.","Eligible new/existing members only if NEVER previously held Connect checking. eChecking is a DIFFERENT alternative product with conditional 3.50%/0.05% tiers; its monthly DD/12 signature-POS/eStatements/online-banking interest conditions are not regular Checking bonus requirements.","2026-09-21","0.03","account_opening","https://connectcu.org/rates","2026-05-05","Comparison yield: 4% simple. Interest assumptions: actual DD modeled at 0% for seven days each, not bank terms; other interest only as labeled. Fees: $2.75 monthly Account Security Fee waived at $10,000 combined deposits/loans; timing/partial cycles unknown. Separate $5 Share Savings minimum deposit/balance maintained. Early-close fees, share redemption, additional savings fees and clawback unknown; closing before month end forfeits all month dividends. Opportunity cost: conditional illustrations only. Estimated net: unknown. Annualized net: unknown. Good ROI: unknown (illustrative threshold net > $200 OR annualized > 7%, not canonical gross gate). Uncertainty: Separate $5 share duration and fee cycles unresolved; 120-day illustration is NOT upper bound because verification may delay payout. Published regular Checking .03% differs from explicit DD-model 0%. INCOMPLETE illustration one $250 DD plus $5 share, 1 fee cycles: Assumes DD seven days at 0%, retained $5 share 120 days at 0% below dividend threshold; no $10000 fee waiver; 1–4 fee cycles illustrative, NOT payout/fee upper bound; unknown closure/savings costs omitted; {""interest_dollars"":0.0,""opportunity_cost_dollars"":0.26,""net_dollars"":396.99,""annualized_net_percent"":6166.05}. INCOMPLETE illustration one $250 DD plus $5 share, 2 fee cycles: Assumes DD seven days at 0%, retained $5 share 120 days at 0% below dividend threshold; no $10000 fee waiver; 1–4 fee cycles illustrative, NOT payout/fee upper bound; unknown closure/savings costs omitted; {""interest_dollars"":0.0,""opportunity_cost_dollars"":0.26,""net_dollars"":394.24,""annualized_net_percent"":6123.34}. INCOMPLETE illustration one $250 DD plus $5 share, 3 fee cycles: Assumes DD seven days at 0%, retained $5 share 120 days at 0% below dividend threshold; no $10000 fee waiver; 1–4 fee cycles illustrative, NOT payout/fee upper bound; unknown closure/savings costs omitted; {""interest_dollars"":0.0,""opportunity_cost_dollars"":0.26,""net_dollars"":391.49,""annualized_net_percent"":6080.63}. INCOMPLETE illustration one $250 DD plus $5 share, 4 fee cycles: Assumes DD seven days at 0%, retained $5 share 120 days at 0% below dividend threshold; no $10000 fee waiver; 1–4 fee cycles illustrative, NOT payout/fee upper bound; unknown closure/savings costs omitted; {""interest_dollars"":0.0,""opportunity_cost_dollars"":0.26,""net_dollars"":388.74,""annualized_net_percent"":6037.91}. Sources: https://connectcu.org/400-bonus-new-checking ; https://connectcu.org/rates ; https://connectcu.org/loans/personal-loans ; https://connectcu.org/checking/identity-theft-protection-resources Annualization formula: unrounded illustrative net * 365 / sum(principal * days) * 100; no cashback capital annualization. Illustrative good ROI [one $250 DD plus $5 share, 1 fee cycles]: true (incomplete scenario only). Illustrative good ROI [one $250 DD plus $5 share, 2 fee cycles]: true (incomplete scenario only). Illustrative good ROI [one $250 DD plus $5 share, 3 fee cycles]: true (incomplete scenario only). Illustrative good ROI [one $250 DD plus $5 share, 4 fee cycles]: true (incomplete scenario only).","0","online","","unknown","","Membership alternatives: current State of Florida employee; Florida DOT retiree; employee of current DOT contractor; immediate family of current member; OR live/work in eligible FL county. Residence not exhaustive. Counties: Brevard, Broward, Charlotte, Citrus, Collier, DeSoto, Duval, Flagler, Glades, Hardee, Hernando, Hillsborough, Indian River, Lake, Lee, Manatee, Martin, Miami-Dade, Monroe, Okeechobee, Orange, Osceola, Palm Beach, Pasco, Pinellas, Polk, Sarasota, Seminole, St. Johns, St. Lucie, Volusia.","","unknown","","","","","","","unknown","","","","$250.00: One or more DD totaling $250, not each deposit $250. $5.00: New member Share Savings minimum opening $5; separate from checking. Known $250 cumulative DD and $5 new-member share. No evidence establishing recycling/overlap or equal requirements for existing and new members; share retention amount not expressly restated on offer page. Keep explicit unknown total; do not assume $255. Verification delay is not changed.","https://connectcu.org/400-bonus-new-checking","2026-09-22"
"security-national-basic-business-500","Security National Bank","Basic Business Checking","checking","true","50000","Open business checking by December 31, 2026; deposit >=$5,000 external new money within 30 days and thereafter maintain >=$5,000 through day 60. Payout within 30 days after qualification; remain open with positive balance. Full $5,000 may be released day 61 but exact positive reserve through payout is unknown.","https://www.snbonline.com/business-offer","https://www.snbonline.com/business-offer","2026-12-31","0","Basic free without printed check images; $2 with images. 25 free debits and 25 deposited items, then $0.25 each. Currently linked October 2023 schedule: $30 closure within 6 months, $100 small-business opening minimum, initial/replacement Visa $8, external-transfer ACH setup $15, domestic wire $20; applicable sales tax extra. Debit card not required by promotion.","One bonus per business entity; excludes you or ANY signer who owned SNB business checking in preceding 24 months; no stacking. Sioux City/snbonline.com institution, not similarly named banks. Appointment/phone/branch; Basic chosen, other business products have different fees.","2026-09-21","","account_opening","","","Comparison yield: 4% simple. Interest assumptions: actual DD modeled at 0% for seven days each, not bank terms; other interest only as labeled. Fees: Basic free without printed check images; $2 with images. 25 free debits and 25 deposited items, then $0.25 each. Currently linked October 2023 schedule: $30 closure within 6 months, $100 small-business opening minimum, initial/replacement Visa $8, external-transfer ACH setup $15, domestic wire $20; applicable sales tax extra. Debit card not required by promotion. Opportunity cost: conditional illustrations only. Estimated net: unknown. Annualized net: unknown. Good ROI: unknown (illustrative threshold net > $200 OR annualized > 7%, not canonical gross gate). Uncertainty: Basic APY unknown, positive payout reserve amount/duration and ancillary fees unresolved. Scenario assumes 0% interest, not verified account APY; six calendar months is not a fixed day count. INCOMPLETE illustration 31-day $5000 hold, no early closure assumed: Conditional 0% interest assumption only; omits opening overlap, positive reserve and transaction/funding costs; {""interest_dollars"":0.0,""opportunity_cost_dollars"":16.99,""net_dollars"":483.01,""annualized_net_percent"":113.74}. INCOMPLETE illustration 31-day $5000 hold plus early-close fee: Conditional 0% interest assumption and $30 closure within six months; omits positive reserve, funding/transaction costs and tax; {""interest_dollars"":0.0,""opportunity_cost_dollars"":16.99,""net_dollars"":453.01,""annualized_net_percent"":106.68}. Sources: https://www.snbonline.com/business-offer ; https://www.snbonline.com/business-banking ; https://www.snbonline.com/filesimages/disclosures/fee_and_information_schedule.pdf Annualization formula: unrounded illustrative net * 365 / sum(principal * days) * 100; no cashback capital annualization. Illustrative good ROI [31-day $5000 hold, no early closure assumed]: true (incomplete scenario only). Illustrative good ROI [31-day $5000 hold plus early-close fee]: true (incomplete scenario only).","10000","branch_only","","unknown","","Business location/branch acceptance unknown; Siouxland and IA/SD branch footprint do not establish exhaustive eligibility. Confirm manually.","","unknown","","","","","","","unknown","","","","$100.00: Small-business account opening minimum $5,000.00: Outside-bank/affiliate new deposits by day 30, thereafter maintained through day 60 Campaign $5,000 new-money maintained balance and generic small-business $100 opening minimum verified. Opening may be part of external funding but not explicitly resolved as separate or overlapping. Positive payout reserve is unquantified, so preserve explicit unknown total rather than $5,000 or $5,100. Product-path extraction redirected; disclosure PDF supplies opening evidence. Do not alter existing hold/fee/APY fields.","https://www.snbonline.com/business-offer","2026-09-22"
"x-money-ny-direct-deposit-300","X Money","New York individual Stored Value Account","other","false","30000","Receive $3,000 cumulative qualifying deposits while the individual account has been open as an eligible-state resident for 90 days. Only NY currently eligible. For NY residents currently obtaining interest: 2026-10-01 begins the 90-day bonus period and changes APY/interest to 0.00%. Confirm the exact start/end for later openings; do not count pre-transition deposits for the existing-interest cohort. Payout fourteen (14) days after all requirements are met, not 14 days after an early deposit. No promotional minimum balance except keeping account open and in good standing through payout. One bonus-eligible account per X Money user.","https://www.doctorofcredit.com/x-money-review-6-apy-300-bonus-3-back-on-debit-card-purchases/","https://money.x.com/en/i/direct-deposit-bonus","","0","Stored Value account monthly/inactivity fees $0 per Appendices 1/2. Separate US web Premium $8/month or $84/year; Premium+ $40/month or $395/year plus applicable tax/payment fees; prices/discounts/platform vary. Access rolling out to Premium/Premium+; continued subscription requirement through qualification/payout unconfirmed. Avoid instant withdrawal (1.75% minimum $0.25), charged wires ($20 after two included Premium wires/year; Premium+ waived), and metal-card replacements ($35 after first free). ATM charges reimbursed within 3 calendar days. No early-closure fee listed in full schedule; no bonus-specific post-payout clawback promise.","NY residents only; proof may be required. Individual not joint account; age 18+; US resident with verified US phone, X account in good standing and accepted opening documents; rollout access not guaranteed by subscription. Stored Value Account provided by Cross River Bank; X Payments LLC is not a bank and provides the bonus (not interest). Conditional FDIC pass-through coverage concerns bank failure, not X Payments failure. $25/$15 signup anecdotes and 3% cashback are separate and excluded.","2026-09-22","0","","https://money.x.com/en/i/direct-deposit-bonus","2026-10-01","Comparison yield 4.00% simple. Known cumulative DD $3,000; issuer count/timing unstated (model defaults to one, not a bank-stated count). DD capital at 0% for seven days per deposit is the operator model, not a guaranteed safe withdrawal or account closure date. Existing-interest NY cohort starts 2026-10-01; later-opening start rule remains unconfirmed. Calendar deadline/payout and keep_open_days left unset rather than inventing an opening-relative clock; manually confirm with X. Full terms allow transfers of all or part of balance subject to holds, reversals and good standing; no promotional minimum hold. Keep open through actual payout; post-payout bonus clawback and any required good-standing reserve unconfirmed. Estimated complete net/annualized net/Good ROI unknown until subscription duration, actual deposit plan and closure eligibility resolved. CONDITIONAL single-$3,000-DD illustration: zero interest, $2.301369863 opportunity cost; existing-subscription/no-incremental-fee scenario net $297.698630137 and annualized net 517.428571429%; three $8 Premium months (not verified required duration) net $273.698630137 and 475.714285714%; four $8 months (illustration only, not maximum) net $265.698630137 and 461.809523810%. All illustrative GOOD ROI by task threshold annualized >=10% OR net >=$300, not the app gross gate; annualize unrounded net *365/(3000*7)*100. These are incomplete pretax scenarios excluding ancillary rewards and avoidable transaction fees; a seven-day DD withdrawal model does not shorten 90-day qualification plus payout. Subscription taxes/fees and personal costs not quantified. Sources: https://money.x.com/en/i/faq ; https://money.x.com/en/i/stored-value-account (Appendices 1/2 and closing/transfer terms); https://money.x.com/en/terms-and-conditions ; https://help.x.com/en/using-x/x-premium ; https://money.x.com/en/i/cashback-rewards-terms ; canonical DoC discovery in source_url.","","online","","included_states","NY","NY is the complete current bonus residence restriction; rollout and individual eligibility still require confirmation.","","300000","","","","","","","unknown","","","","","",""
