card_name,issuer,is_business,network,bonus_amount,bonus_currency,point_value_cpp,bonus_value_usd,min_spend_usd,spend_window_months,annual_fee_usd,annual_fee_waived_y1,first_year_credits_usd,estimated_first_year_value_usd,notes,source,source_url,source_checked,apply_url,offer_channel,verification_status,expiration_date,spend_window_days
AmEx Business Platinum,American Express,true,Amex,300000,Amex MR,1.6,4800.0,20000,3,895,false,,,"AS HIGH AS / personalized maximum; actual offer may be lower or unavailable. Not a guaranteed public bonus. Audited reward components/tiers: [{""tier_id"":""current-public-offer"",""status"":""current_observed"",""min_spend_usd"":20000,""spend_window_months"":3,""rewards"":[{""amount"":300000,""currency"":""Amex MR"",""kind"":""points_or_miles"",""amount_type"":""up_to_personalized""}],""components_share_same_spend_gate"":true,""personalized"":true}] Eligibility: You may not be eligible to receive a welcome offer if you have or have had this Card or previous versions of this Card. You also may not be eligible to receive a welcome offer based on various factors, such as your history with credit card balance transfers, your history as an American Express Card Member, the number of credit cards that you have opened and closed and other factors. If you are not eligible for a welcome offer, we will notify you prior to processing your application so you have the option to withdraw your application. Unresolved: applicant_specific_bonus_amount: Only maximum public offer is disclosed. Issuer reveals actual amount during application; no application or login performed. Lower amounts and ineligibility are possible; exact lower tiers are not public here.; expiration: No fixed offer end date disclosed in captured public offer evidence; subject to modification/revocation. No verified application end date; offer subject to change.",American Express,https://www.americanexpress.com/us/credit-cards/business/business-credit-cards/american-express-business-platinum-credit-card-amex/,2026-09-16,https://www.americanexpress.com/us/credit-cards/business/business-credit-cards/american-express-business-platinum-credit-card-amex/,personalized,verified,,
Chase Sapphire Reserve for Business,Chase,true,Visa,200000,Chase UR,1.6,3200.0,30000,6,795,false,,,"Audited reward components/tiers: [{""kind"":""signup_component"",""bonus_amount"":200000,""bonus_currency"":""Chase UR"",""min_spend_usd"":30000,""spend_window_months"":6,""condition"":""Eligible purchases from account opening"",""status"":""verified_current_first_party"",""channel"":""public online issuer product page""}] Eligibility: The new cardmember bonus may not be available to you if you have ever had this card. We may also consider factors pertinent to your business in determining your bonus eligibility. Full captured terms and bonus conditions are retained in the dated audit. Unresolved: Offer application expiration not explicitly stated; do not infer from benefit expiration dates.; Individual approval and bonus eligibility are issuer-determined; no user eligibility certification.; Spend/window of struck-through historical headline not provided. No verified application end date; offer subject to change.",Chase,https://creditcards.chase.com/business-credit-cards/sapphire/reserve,2026-09-16,https://creditcards.chase.com/business-credit-cards/sapphire/reserve,public,verified,,
AmEx Business Gold,American Express,true,Amex,200000,Amex MR,1.6,3200.0,15000,3,375,false,,,"AS HIGH AS / personalized maximum; actual offer may be lower or unavailable. Not a guaranteed public bonus. Audited reward components/tiers: [{""tier_id"":""current-public-offer"",""status"":""current_observed"",""min_spend_usd"":15000,""spend_window_months"":3,""rewards"":[{""amount"":200000,""currency"":""Amex MR"",""kind"":""points_or_miles"",""amount_type"":""up_to_personalized""}],""components_share_same_spend_gate"":true,""personalized"":true}] Eligibility: You may not be eligible to receive a welcome offer if you have or have had this Card or previous versions of this Card. You also may not be eligible to receive a welcome offer based on various factors, such as your history with credit card balance transfers, your history as an American Express Card Member, the number of credit cards that you have opened and closed and other factors. If you are not eligible for a welcome offer, we will notify you prior to processing your application so you have the option to withdraw your application. Unresolved: applicant_specific_bonus_amount: Only maximum public offer is disclosed. Issuer reveals actual amount during application; no application or login performed. Lower amounts and ineligibility are possible; exact lower tiers are not public here.; expiration: No fixed offer end date disclosed in captured public offer evidence; subject to modification/revocation. No verified application end date; offer subject to change.",American Express,https://www.americanexpress.com/us/credit-cards/business/business-credit-cards/american-express-business-gold-card-amex/,2026-09-16,https://www.americanexpress.com/us/credit-cards/business/business-credit-cards/american-express-business-gold-card-amex/,personalized,verified,,
AmEx Platinum,American Express,false,Amex,175000,Amex MR,1.6,2800.0,12000,6,895,false,,,"NOT A VERIFIED DEFAULT PUBLIC OFFER: issuer_headline_verified_legal_partial. AS HIGH AS / personalized maximum; actual offer may be lower or unavailable. Not a guaranteed public bonus. Audited reward components/tiers: [{""tier_id"":""current-public-offer"",""status"":""current_observed"",""min_spend_usd"":12000,""spend_window_months"":6,""rewards"":[{""amount"":175000,""currency"":""Amex MR"",""kind"":""points_or_miles"",""amount_type"":""up_to_personalized""}],""components_share_same_spend_gate"":true,""personalized"":true}] Eligibility: Issuer extracted terms: You may not be eligible for a welcome offer if you have or have had this Card, the Platinum Card from American Express Exclusively for Charles Schwab, the Platinum Card from American Express Exclusively for Morgan Stanley or previous versions of these Cards. Unresolved: full_offer_eligibility_terms: Linked dynamic issuer terms returned an error in the browser. Product-page headline, spend, window and fee observed; cannot certify all legal eligibility restrictions.; applicant_specific_bonus_amount: Only maximum public offer is disclosed. Issuer reveals actual amount during application; no application or login performed. Lower amounts and ineligibility are possible; exact lower tiers are not public here.; expiration: No fixed offer end date disclosed in captured public offer evidence; subject to modification/revocation. No verified application end date; offer subject to change.",American Express,https://www.americanexpress.com/us/credit-cards/card/platinum/,,https://www.americanexpress.com/us/credit-cards/card/platinum/,personalized,unresolved,,
AmEx Platinum for Morgan Stanley,American Express,false,Amex,80000,Amex MR,1.6,1280.0,12000,6,895,false,,,"Audited reward components/tiers: [{""tier_id"":""current-public-offer"",""status"":""current_observed"",""min_spend_usd"":12000,""spend_window_months"":6,""rewards"":[{""amount"":80000,""currency"":""Amex MR"",""kind"":""points_or_miles"",""amount_type"":""fixed_offer""}],""components_share_same_spend_gate"":true,""personalized"":false}] Eligibility: You may not be eligible to receive a welcome offer if you have or have had this Card, the Platinum Card®, the Platinum Card® from American Express Exclusively for Charles Schwab or previous versions of these Cards. You also may not be eligible to receive a welcome offer based on various factors, such as your history with credit card balance transfers, your history as an American Express Card Member, the number of credit cards that you have opened and closed and other factors. If you are not eligible for a welcome offer, we will notify you prior to processing your application so you have the option to withdraw your application. Morgan Stanley (including E*TRADE) client with eligible brokerage or bank account required. Unresolved: expiration: No fixed offer end date disclosed in captured public offer evidence; subject to modification/revocation. No verified application end date; offer subject to change.",American Express,https://apply.americanexpress.com/amex-morgan-stanley-credit-cards/?page_url=38,2026-09-16,https://apply.americanexpress.com/amex-morgan-stanley-credit-cards/?page_url=38,public,verified,,
AmEx Platinum for Schwab,American Express,false,Amex,80000,Amex MR,1.6,1280.0,12000,6,895,false,,,"Audited reward components/tiers: [{""tier_id"":""current-public-offer"",""status"":""current_observed"",""min_spend_usd"":12000,""spend_window_months"":6,""rewards"":[{""amount"":80000,""currency"":""Amex MR"",""kind"":""points_or_miles"",""amount_type"":""fixed_offer""}],""components_share_same_spend_gate"":true,""personalized"":false}] Eligibility: You may not be eligible to receive a welcome offer if you have or have had this Card, the Platinum Card®, the Platinum Card® from American Express Exclusively for Morgan Stanley or previous versions of these Cards. You also may not be eligible to receive a welcome offer based on various factors, such as your history with credit card balance transfers, your history as an American Express Card Member, the number of credit cards that you have opened and closed and other factors. If you are not eligible for a welcome offer, we will notify you prior to processing your application so you have the option to withdraw your application. Eligible Schwab account required; Schwab One/General Brokerage in own name or qualifying revocable trust, or qualifying Traditional/Roth/Rollover IRA; age 18+ and US home address (including territories/PR), per co-brand page. Unresolved: expiration: No fixed offer end date disclosed in captured public offer evidence; subject to modification/revocation. No verified application end date; offer subject to change.",American Express,https://www.schwab.com/credit-cards/platinum-card,2026-09-16,https://www.schwab.com/credit-cards/platinum-card,public,verified,,
Capital One Venture X Business,Capital One,true,Visa,150000,Capital One miles,,,30000,3,395,,,,"Audited reward components/tiers: [{""tier_id"":""public_base"",""status"":""verified_first_party"",""bonus_amount"":150000,""bonus_currency"":""Capital One miles"",""min_spend_usd"":30000,""window"":{""value"":3,""unit"":""months"",""anchor"":""account_opening""},""relationship"":""base offer"",""source_urls"":[""https://www.capitalone.com/small-business/credit-cards/venture-x-business/""]}] Eligibility not fully verified; see linked issuer terms and audit evidence. Prior-cardholder restrictions may apply. Unresolved: offer_enrollment_expiration; complete_application_eligibility_and_underwriting; first_year_fee_waiver_not_separately_stated No verified application end date; offer subject to change.",Capital One,https://www.capitalone.com/small-business/credit-cards/venture-x-business/,2026-09-16,https://www.capitalone.com/small-business/credit-cards/venture-x-business/,public,verified,,
Capital One Spark Cash Plus,Capital One,true,Mastercard,2000,USD,,2000,30000,3,150,,,,"Audited reward components/tiers: [{""tier_id"":""public_base"",""status"":""verified_first_party"",""bonus_amount"":2000,""bonus_currency"":""USD"",""min_spend_usd"":30000,""window"":{""value"":3,""unit"":""months"",""anchor"":""account_opening""},""relationship"":""base offer"",""source_urls"":[""https://www.capitalone.com/small-business/credit-cards/spark-cash-plus/""]},{""tier_id"":""additional_first_year_repeatable"",""status"":""verified_first_party"",""bonus_amount"":2000,""bonus_currency"":""USD"",""min_spend_usd"":500000,""window"":{""value"":1,""unit"":""year"",""anchor"":""account_opening""},""relationship"":""Earn $2,000 for EVERY $500,000 first-year spend; repeatable without a stated cap. Can earn independently of base tier. Do not add base threshold to this threshold."",""source_urls"":[""https://www.capitalone.com/small-business/credit-cards/spark-cash-plus/""]}] Eligibility not fully verified; see linked issuer terms and audit evidence. Prior-cardholder restrictions may apply. Unresolved: offer_enrollment_expiration; complete_application_eligibility_and_underwriting; first_year_fee_waiver_not_separately_stated No verified application end date; offer subject to change.",Capital One,https://www.capitalone.com/small-business/credit-cards/spark-cash-plus/,2026-09-16,https://www.capitalone.com/small-business/credit-cards/spark-cash-plus/,public,verified,,
AmEx Graphite,American Express,true,Amex,1500,USD,,1500,50000,6,295,false,,,"Audited reward components/tiers: [{""tier_id"":""current-public-offer"",""status"":""current_observed"",""min_spend_usd"":50000,""spend_window_months"":6,""rewards"":[{""amount"":1500,""currency"":""USD"",""kind"":""Reward Dollars"",""amount_type"":""fixed_offer""}],""components_share_same_spend_gate"":true,""personalized"":false}] Eligibility: You may not be eligible to receive a welcome offer if you have or have had this Card or previous versions of this Card. You also may not be eligible to receive a welcome offer based on various factors, such as your history with credit card balance transfers, your history as an American Express Card Member, the number of credit cards that you have opened and closed and other factors. If you are not eligible for a welcome offer, we will notify you prior to processing your application so you have the option to withdraw your application. Unresolved: expiration: No fixed offer end date disclosed in captured public offer evidence; subject to modification/revocation. No verified application end date; offer subject to change.",American Express,https://www.americanexpress.com/us/credit-cards/business/business-credit-cards/graphite-business-cash-unlimited-card/,2026-09-16,https://www.americanexpress.com/us/credit-cards/business/business-credit-cards/graphite-business-cash-unlimited-card/,public,verified,,
Chase Ink Cash,Chase,true,Visa,1000,USD,,1000,8000,4,0,false,,,"Audited reward components/tiers: [{""kind"":""signup_component"",""bonus_amount"":1000,""bonus_currency"":""USD"",""min_spend_usd"":8000,""spend_window_months"":4,""condition"":""Eligible purchases from account opening"",""status"":""verified_current_first_party"",""channel"":""public online issuer product page""}] Eligibility: ## Business Credit Card Rewards & Benefits ### Earn $750 Strike through $1,000 cash back after you spend $8,000 on purchases in the first 4 months after account opening. * The new cardmember bonus may not be available to you if you have ever had this card or any other Chase for Business card without an annual fee. We may also consider factors pertinent to your business in determining your bonus eligibility. Full captured terms and bonus conditions are retained in the dated audit. Unresolved: Offer application expiration not explicitly stated; do not infer from benefit expiration dates.; Individual approval and bonus eligibility are issuer-determined; no user eligibility certification.; Spend/window of struck-through historical headline not provided. No verified application end date; offer subject to change.",Chase,https://creditcards.chase.com/business-credit-cards/ink/cash,2026-09-16,https://creditcards.chase.com/business-credit-cards/ink/cash,public,verified,,
Chase Ink Unlimited,Chase,true,Visa,1000,USD,,1000,8000,4,0,false,,,"Audited reward components/tiers: [{""kind"":""signup_component"",""bonus_amount"":1000,""bonus_currency"":""USD"",""min_spend_usd"":8000,""spend_window_months"":4,""condition"":""Eligible purchases from account opening"",""status"":""verified_current_first_party"",""channel"":""public online issuer product page""}] Eligibility: The new cardmember bonus may not be available to you if you have ever had this card or any other Chase for Business card without an annual fee. We may also consider factors pertinent to your business in determining your bonus eligibility. Full captured terms and bonus conditions are retained in the dated audit. Unresolved: Offer application expiration not explicitly stated; do not infer from benefit expiration dates.; Individual approval and bonus eligibility are issuer-determined; no user eligibility certification.; Spend/window of struck-through historical headline not provided. No verified application end date; offer subject to change.",Chase,https://creditcards.chase.com/business-credit-cards/ink/unlimited,2026-09-16,https://creditcards.chase.com/business-credit-cards/ink/unlimited,public,verified,,
Chase United Business,Chase,true,Visa,100000,United miles,1.4,1400.0,5000,3,150,false,,,"Audited reward components/tiers: [{""kind"":""signup_component"",""bonus_amount"":100000,""bonus_currency"":""United miles"",""min_spend_usd"":5000,""spend_window_months"":3,""condition"":""Eligible purchases from account opening"",""status"":""verified_current_first_party"",""channel"":""public online issuer product page""},{""kind"":""signup_component"",""bonus_amount"":10000,""bonus_currency"":""United miles"",""min_spend_usd"":null,""spend_window_months"":3,""condition"":""Add an employee card (business) / authorized user (personal) in first 3 months; no separate purchase threshold stated"",""status"":""verified_current_first_party"",""channel"":""public online issuer product page""},{""kind"":""signup_component"",""bonus_amount"":2000,""bonus_currency"":""United PQP"",""min_spend_usd"":5000,""spend_window_months"":3,""condition"":""Same purchase threshold as base signup miles; status points, not redeemable miles"",""status"":""verified_current_first_party"",""channel"":""public online issuer product page""}] Eligibility: **10,000 Bonus Miles After You Add An Authorized User In The First 3 Months From Account Opening: This product is not available to either (i) current Cardmembers of this credit card, or (ii) previous Cardmembers of this credit card who received a new Cardmember bonus for this credit card within the last 24 months.** With this bonus offer, you will qualify and receive 10,000 bonus miles after your addition of an authorized user to your account during the first 3 months from account opening. 10,000 bonus miles will only be awarded once, for the first authorized user added to your account regardless of how many total authorized users you add to your account. After qualifying, please allow 6 to 8 weeks for bonus miles to post to your account. To be eligible for this bonus offer, account must be open and not in default, and authorized user must be on your account at the time of fulfillment. These miles do not count toward Premier status. If your account is not open for at least 6 months, United and Chase reserve the right to deduct the bonus miles from your MileagePlus Program account. Chase is not responsible for the provision of, or failure to provide, the 10,000 bonus miles, which will post directly to your MileagePlus account and not appear on your credit card statement. Full captured terms and bonus conditions are retained in the dated audit. Unresolved: Offer application expiration not explicitly stated; do not infer from benefit expiration dates.; Individual approval and bonus eligibility are issuer-determined; no user eligibility certification. No verified application end date; offer subject to change.",Chase,https://creditcards.chase.com/business-credit-cards/united/united-business-card,2026-09-16,https://creditcards.chase.com/business-credit-cards/united/united-business-card,public,verified,,
Capital One Venture Business,Capital One,true,Visa,100000,Capital One miles,,,10000,3,95,,,,"Audited reward components/tiers: [{""tier_id"":""public_base"",""status"":""verified_first_party"",""bonus_amount"":100000,""bonus_currency"":""Capital One miles"",""min_spend_usd"":10000,""window"":{""value"":3,""unit"":""months"",""anchor"":""account_opening""},""relationship"":""base offer"",""source_urls"":[""https://www.capitalone.com/small-business/credit-cards/venture-business/"",""https://www.capitalone.com/small-business/credit-cards/""]}] Eligibility not fully verified; see linked issuer terms and audit evidence. Prior-cardholder restrictions may apply. Unresolved: offer_enrollment_expiration; complete_application_eligibility_and_underwriting; first_year_fee_waiver_not_separately_stated; prior_cardholder_bonus_cooldown No verified application end date; offer subject to change.",Capital One,https://www.capitalone.com/small-business/credit-cards/venture-business/,2026-09-16,https://www.capitalone.com/small-business/credit-cards/venture-business/,public,verified,,
Chase Ink Preferred,Chase,true,Visa,100000,Chase UR,1.6,1600.0,8000,3,95,false,,,"Audited reward components/tiers: [{""kind"":""signup_component"",""bonus_amount"":100000,""bonus_currency"":""Chase UR"",""min_spend_usd"":8000,""spend_window_months"":3,""condition"":""Eligible purchases from account opening"",""status"":""verified_current_first_party"",""channel"":""public online issuer product page""}] Eligibility: The new cardmember bonus may not be available to you if you have ever had this card. We may also consider factors pertinent to your business in determining your bonus eligibility. Full captured terms and bonus conditions are retained in the dated audit. Unresolved: Offer application expiration not explicitly stated; do not infer from benefit expiration dates.; Individual approval and bonus eligibility are issuer-determined; no user eligibility certification. No verified application end date; offer subject to change.",Chase,https://creditcards.chase.com/business-credit-cards/ink/business-preferred,2026-09-16,https://creditcards.chase.com/business-credit-cards/ink/business-preferred,public,verified,,
Chase Sapphire Preferred,Chase,false,Visa,75000,Chase UR,1.6,1200.0,5000,3,95,false,,,"Audited reward components/tiers: [{""kind"":""signup_component"",""bonus_amount"":75000,""bonus_currency"":""Chase UR"",""min_spend_usd"":5000,""spend_window_months"":3,""condition"":""Eligible purchases from account opening"",""status"":""verified_current_first_party"",""channel"":""public online issuer product page""}] Eligibility: $95 annual fee [† Opens pricing and terms in new window](https://sites.chase.com/services/creatives/pricingandterms.html/content/dam/pricingandterms/LGC65222.html) 19.24 Min. of (6.75+12.49) and 29.99 %– 27.49 Min. of (6.75+20.74) and 29.99 % variable APR. [† Opens pricing and terms in new window](https://sites.chase.com/services/creatives/pricingandterms.html/content/dam/pricingandterms/LGC65222.html) * Offer details Opens offer details overlay. † [Pricing & Terms Opens pricing and terms in new window.](https://sites.chase.com/services/creatives/pricingandterms.html/content/dam/pricingandterms/LGC65222.html) This credit card is unavailable to you if you currently have this card open. The new cardmember bonus may not be available to you if you previously held this card or received a new cardmember bonus for this card. We may also consider the number of cards you have opened and closed in determining your bonus eligibility. Full captured terms and bonus conditions are retained in the dated audit. Unresolved: Offer application expiration not explicitly stated; do not infer from benefit expiration dates.; Individual approval and bonus eligibility are issuer-determined; no user eligibility certification. No verified application end date; offer subject to change.",Chase,https://creditcards.chase.com/rewards-credit-cards/sapphire/preferred,2026-09-16,https://creditcards.chase.com/rewards-credit-cards/sapphire/preferred,public,verified,,
AmEx Gold,American Express,false,Amex,100000,Amex MR,1.6,1600.0,8000,6,325,false,,,"NOT A VERIFIED DEFAULT PUBLIC OFFER: issuer_headline_verified_legal_partial. AS HIGH AS / personalized maximum; actual offer may be lower or unavailable. Not a guaranteed public bonus. Audited reward components/tiers: [{""tier_id"":""current-public-offer"",""status"":""current_observed"",""min_spend_usd"":8000,""spend_window_months"":6,""rewards"":[{""amount"":100000,""currency"":""Amex MR"",""kind"":""points_or_miles"",""amount_type"":""up_to_personalized""}],""components_share_same_spend_gate"":true,""personalized"":true}] Eligibility: Unresolved: full_offer_eligibility_terms: Linked dynamic issuer terms returned an error in the browser. Product-page headline, spend, window and fee observed; cannot certify all legal eligibility restrictions.; applicant_specific_bonus_amount: Only maximum public offer is disclosed. Issuer reveals actual amount during application; no application or login performed. Lower amounts and ineligibility are possible; exact lower tiers are not public here.; expiration: No fixed offer end date disclosed in captured public offer evidence; subject to modification/revocation. No verified application end date; offer subject to change.",American Express,https://www.americanexpress.com/us/credit-cards/card/gold-card/,,https://www.americanexpress.com/us/credit-cards/card/gold-card/,personalized,unresolved,,
Chase Sapphire Reserve,Chase,false,Visa,100000,Chase UR,1.6,1600.0,6000,3,795,false,,,"Audited reward components/tiers: [{""kind"":""signup_component"",""bonus_amount"":100000,""bonus_currency"":""Chase UR"",""min_spend_usd"":6000,""spend_window_months"":3,""condition"":""Eligible purchases from account opening"",""status"":""verified_current_first_party"",""channel"":""public online issuer product page""}] Eligibility: 19.49 Min. of (6.75+12.74) and 29.99 %– 27.99 Min. of (6.75+21.24) and 29.99 % variable APR. [† Opens pricing and terms in new window](https://sites.chase.com/services/creatives/pricingandterms.html/content/dam/pricingandterms/LGC64842.html) * Offer Details Opens offer details overlay. † [Pricing & Terms Opens pricing and terms in new window.](https://sites.chase.com/services/creatives/pricingandterms.html/content/dam/pricingandterms/LGC64842.html) . This credit card is unavailable to you if you currently have this card open. The new cardmember bonus may not be available to you if you previously held this card or received a new cardmember bonus for this card. We may also consider the number of cards you have opened and closed in determining your bonus eligibility. Full captured terms and bonus conditions are retained in the dated audit. Unresolved: Offer application expiration not explicitly stated; do not infer from benefit expiration dates.; Individual approval and bonus eligibility are issuer-determined; no user eligibility certification. No verified application end date; offer subject to change.",Chase,https://creditcards.chase.com/rewards-credit-cards/sapphire/reserve,2026-09-16,https://creditcards.chase.com/rewards-credit-cards/sapphire/reserve,public,verified,,
Bank of America Alaska Atmos Ascent,Bank of America,false,Visa,70000,Atmos Rewards points,,,2500,,95,,,,"Spend window: 90 days from account_opening (not calendar months). Audited reward components/tiers: [{""tier_id"":""public_base"",""status"":""verified_first_party"",""bonus_amount"":70000,""bonus_currency"":""Atmos Rewards points"",""min_spend_usd"":2500,""window"":{""value"":90,""unit"":""days"",""anchor"":""account_opening""},""relationship"":""base offer"",""source_urls"":[""https://www.bankofamerica.com/credit-cards/products/alaska-airlines-credit-card/""]}] Eligibility not fully verified; see linked issuer terms and audit evidence. Prior-cardholder restrictions may apply. Unresolved: offer_enrollment_expiration; complete_application_eligibility_and_underwriting; first_year_fee_waiver_not_separately_stated; prior_cardholder_bonus_cooldown No verified application end date; offer subject to change.",Bank of America,https://www.bankofamerica.com/credit-cards/products/alaska-airlines-credit-card/,2026-09-16,https://www.bankofamerica.com/credit-cards/products/alaska-airlines-credit-card/,public,verified,,90
Bank of America Alaska Atmos Business,Bank of America,true,Visa,70000,Atmos Rewards points,,,4000,,95,,,,"Spend window: 90 days from account_opening (not calendar months). Audited reward components/tiers: [{""tier_id"":""public_base"",""status"":""verified_first_party"",""bonus_amount"":70000,""bonus_currency"":""Atmos Rewards points"",""min_spend_usd"":4000,""window"":{""value"":90,""unit"":""days"",""anchor"":""account_opening""},""relationship"":""base offer"",""source_urls"":[""https://business.bankofamerica.com/en/credit-cards/atmos-rewards""]}] Annual fee structure: {""company_usd"": 70, ""per_card_usd"": 25, ""one_card_total_usd"": 95} Eligibility not fully verified; see linked issuer terms and audit evidence. Prior-cardholder restrictions may apply. Unresolved: offer_enrollment_expiration; complete_application_eligibility_and_underwriting; prior_cardholder_bonus_cooldown No verified application end date; offer subject to change.",Bank of America,https://business.bankofamerica.com/en/credit-cards/atmos-rewards,2026-09-16,https://www.bankofamerica.com/smallbusiness/credit-cards/products/alaska-airlines-business-credit-card/,public,verified,,90
Bank of America Alaska Atmos Summit,Bank of America,false,Visa,80000,Atmos Rewards points,,,4000,,395,,,,"Spend window: 90 days from account_opening (not calendar months). Audited reward components/tiers: [{""tier_id"":""public_base"",""status"":""verified_first_party"",""bonus_amount"":80000,""bonus_currency"":""Atmos Rewards points"",""min_spend_usd"":4000,""window"":{""value"":90,""unit"":""days"",""anchor"":""account_opening""},""relationship"":""base offer"",""source_urls"":[""https://www.bankofamerica.com/credit-cards/products/alaska-airlines-infinite-credit-card/""]}] Eligibility not fully verified; see linked issuer terms and audit evidence. Prior-cardholder restrictions may apply. Unresolved: offer_enrollment_expiration; complete_application_eligibility_and_underwriting; first_year_fee_waiver_not_separately_stated; prior_cardholder_bonus_cooldown No verified application end date; offer subject to change.",Bank of America,https://www.bankofamerica.com/credit-cards/products/alaska-airlines-infinite-credit-card/,2026-09-16,https://www.bankofamerica.com/credit-cards/products/alaska-airlines-infinite-credit-card/,public,verified,,90
Citi Strata Elite,Citi,false,Mastercard,75000,Citi TY,1.6,1200.0,6000,3,595,,,,"Audited reward components/tiers: [{""tier_id"":""public_base"",""status"":""verified_first_party"",""bonus_amount"":75000,""bonus_currency"":""Citi ThankYou points"",""min_spend_usd"":6000,""window"":{""value"":3,""unit"":""months"",""anchor"":""account_opening""},""relationship"":""base offer"",""source_urls"":[""https://www.citi.com/credit-cards/citi-strata-elite-credit-card"",""https://www.citi.com/credit-cards/travel-reward-credit-cards""]}] Eligibility not fully verified; see linked issuer terms and audit evidence. Prior-cardholder restrictions may apply. Unresolved: offer_enrollment_expiration; complete_application_eligibility_and_underwriting; first_year_fee_waiver_not_separately_stated No verified application end date; offer subject to change.",Citi,https://www.citi.com/credit-cards/citi-strata-elite-credit-card,2026-09-16,https://www.citi.com/credit-cards/citi-strata-elite-credit-card,public,verified,,
Citi AAdvantage Platinum Select,Citi,false,Mastercard,50000,American miles,1.5,750.0,2500,3,99,true,,,"Audited reward components/tiers: [{""tier_id"":""public_base"",""status"":""verified_first_party"",""bonus_amount"":50000,""bonus_currency"":""American Airlines AAdvantage miles"",""min_spend_usd"":2500,""window"":{""value"":3,""unit"":""months"",""anchor"":""account_opening""},""relationship"":""base offer"",""source_urls"":[""https://www.citi.com/credit-cards/citi-aadvantage-platinum-select-world-elite-mastercard"",""https://www.citi.com/credit-cards/travel-reward-credit-cards"",""https://www.citi.com/credit-cards/view-all-credit-cards""]},{""tier_id"":""indexed_alternate_80000"",""status"":""unresolved_search_index_only"",""bonus_amount"":80000,""bonus_currency"":""American Airlines AAdvantage miles"",""min_spend_usd"":3500,""window"":{""value"":4,""unit"":""months"",""anchor"":""account_opening""},""relationship"":""alternate, NOT additive to 50K category offer"",""source_urls"":[""https://citi.com/?y_source=1_Mjg5MTcwMjctNTUzLWxvY2F0aW9uLndlYnNpdGU%3D""],""evidence_snippet"":""CITI® / AADVANTAGE® PLATINUM SELECT® Earn 80,000 AAdvantage® bonus miles after $3,500 in purchases within the first 4 months of account opening. Limited Time Offer! CITI® / AADVANTAGE BUSINESS™ CARD Earn 65,000 AAdvantage® Bonus Miles after $4,000 in purchases within the first 4 months of account opening. Apply Now!\n\nCITI STRATA℠ CARD 20,000 bonus points after $1,000 spent in the first 3 months of account opening CITI STRATA ELITE℠ CARD 75,000 bonus points Unlock extraordinary value in shopping, dining, travel and more. Terms apply."",""note"":""Issuer search index shows 80K; fetched issuer category page shows 50K. Exact alternate campaign availability not certified.""}] Eligibility not fully verified; see linked issuer terms and audit evidence. Prior-cardholder restrictions may apply. Unresolved: offer_enrollment_expiration; complete_application_eligibility_and_underwriting; 80K_alternate_current_availability No verified application end date; offer subject to change.",Citi,https://www.citi.com/credit-cards/citi-aadvantage-platinum-select-world-elite-mastercard,2026-09-16,https://www.citi.com/credit-cards/citi-aadvantage-platinum-select-world-elite-mastercard,public,verified,,
Capital One Venture,Capital One,false,Visa,75000,Capital One miles,,,4000,3,95,,,,"Audited reward components/tiers: [{""tier_id"":""public_base"",""status"":""verified_first_party"",""bonus_amount"":75000,""bonus_currency"":""Capital One miles"",""min_spend_usd"":4000,""window"":{""value"":3,""unit"":""months"",""anchor"":""account_opening""},""relationship"":""base offer"",""source_urls"":[""https://www.capitalone.com/credit-cards/venture/""]}] Eligibility not fully verified; see linked issuer terms and audit evidence. Prior-cardholder restrictions may apply. Unresolved: offer_enrollment_expiration; complete_application_eligibility_and_underwriting; first_year_fee_waiver_not_separately_stated No verified application end date; offer subject to change.",Capital One,https://www.capitalone.com/credit-cards/venture/,2026-09-16,https://www.capitalone.com/credit-cards/venture/,public,verified,,
Capital One Venture X,Capital One,false,Visa,75000,Capital One miles,,,4000,3,395,,,,"Audited reward components/tiers: [{""tier_id"":""public_base"",""status"":""verified_first_party"",""bonus_amount"":75000,""bonus_currency"":""Capital One miles"",""min_spend_usd"":4000,""window"":{""value"":3,""unit"":""months"",""anchor"":""account_opening""},""relationship"":""base offer"",""source_urls"":[""https://www.capitalone.com/credit-cards/venture-x/""]}] Eligibility not fully verified; see linked issuer terms and audit evidence. Prior-cardholder restrictions may apply. Unresolved: offer_enrollment_expiration; complete_application_eligibility_and_underwriting; first_year_fee_waiver_not_separately_stated No verified application end date; offer subject to change.",Capital One,https://www.capitalone.com/credit-cards/venture-x/,2026-09-16,https://www.capitalone.com/credit-cards/venture-x/,public,verified,,
AmEx Delta SkyMiles Gold,American Express,false,Amex,80000,Delta miles,,,3000,6,150,true,,,"AS HIGH AS / personalized maximum; actual offer may be lower or unavailable. Not a guaranteed public bonus. Audited reward components/tiers: [{""tier_id"":""current-public-offer"",""status"":""current_observed"",""min_spend_usd"":3000,""spend_window_months"":6,""rewards"":[{""amount"":80000,""currency"":""Delta miles"",""kind"":""points_or_miles"",""amount_type"":""up_to_personalized""},{""amount"":250,""currency"":""USD"",""kind"":""statement_credit""}],""components_share_same_spend_gate"":true,""personalized"":true}] Eligibility: You may not be eligible to receive a welcome offer if you have or have had this Card, the Delta SkyMiles® Platinum American Express Card, the Delta SkyMiles® Reserve American Express Card or previous versions of these Cards. You also may not be eligible to receive a welcome offer based on various factors, such as your history with credit card balance transfers, your history as an American Express Card Member, the number of credit cards that you have opened and closed and other factors. If you are not eligible for a welcome offer, we will notify you prior to processing your application so you have the option to withdraw your application. Unresolved: applicant_specific_bonus_amount: Only maximum public offer is disclosed. Issuer reveals actual amount during application; no application or login performed. Lower amounts and ineligibility are possible; exact lower tiers are not public here.",American Express,https://www.americanexpress.com/us/credit-cards/card/delta-skymiles-gold-american-express-card/,2026-09-16,https://www.americanexpress.com/us/credit-cards/card/delta-skymiles-gold-american-express-card/,personalized,verified,2026-11-04,
AmEx Delta SkyMiles Gold Business,American Express,true,Amex,90000,Delta miles,,,6000,6,150,true,,,"Audited reward components/tiers: [{""tier_id"":""current-public-offer"",""status"":""current_observed"",""min_spend_usd"":6000,""spend_window_months"":6,""rewards"":[{""amount"":90000,""currency"":""Delta miles"",""kind"":""points_or_miles"",""amount_type"":""fixed_offer""}],""components_share_same_spend_gate"":true,""personalized"":false},{""tier_id"":""previous-struck-through-baseline"",""status"":""historical_comparison_not_current"",""bonus_amount"":60000,""bonus_currency"":""Delta miles"",""min_spend_usd"":null,""spend_window_months"":null,""evidence"":""Issuer product page says previously 60,000; not an additional current bonus.""}] Eligibility: You may not be eligible to receive a welcome offer if you have or have had this Card, the Delta SkyMiles® Platinum American Express Card, the Delta SkyMiles® Reserve American Express Card or previous versions of these cards. You also may not be eligible to receive a welcome offer based on various factors, such as your history with credit card balance transfers, your history as an American Express Card Member, the number of credit cards that you have opened and closed and other factors. If you are not eligible for a welcome offer, we will notify you prior to processing your application so you have the option to withdraw your application.",American Express,https://www.americanexpress.com/en-us/business/credit-cards/delta-skymiles-gold/,2026-09-16,https://www.americanexpress.com/en-us/business/credit-cards/delta-skymiles-gold/,public,verified,2026-11-04,
Chase Southwest Airlines Premier,Chase,false,Visa,55000,Southwest points,1.3,715.0,1500,3,149,false,,,"Audited reward components/tiers: [{""kind"":""signup_component"",""bonus_amount"":55000,""bonus_currency"":""Southwest points"",""min_spend_usd"":1500,""spend_window_months"":3,""condition"":""Eligible purchases from account opening"",""status"":""verified_current_first_party"",""channel"":""public online issuer product page""}] Eligibility: This product is available to you if you do not have a current Southwest Rapid Rewards Credit Card and have not received a new Cardmember bonus within the last 24 months. This does not apply to Business Card and Employee Credit Card products. Full captured terms and bonus conditions are retained in the dated audit. Unresolved: Offer application expiration not explicitly stated; do not infer from benefit expiration dates.; Individual approval and bonus eligibility are issuer-determined; no user eligibility certification. No verified application end date; offer subject to change.",Chase,https://creditcards.chase.com/travel-credit-cards/southwest/premier,2026-09-16,https://creditcards.chase.com/travel-credit-cards/southwest/premier,public,verified,,
Capital One Spark Cash,Capital One,true,Mastercard,1000,USD,,1000,10000,3,95,true,,,"Audited reward components/tiers: [{""tier_id"":""public_base"",""status"":""verified_first_party"",""bonus_amount"":1000,""bonus_currency"":""USD"",""min_spend_usd"":10000,""window"":{""value"":3,""unit"":""months"",""anchor"":""account_opening""},""relationship"":""base offer"",""source_urls"":[""https://www.capitalone.com/small-business/credit-cards/spark-cash/""]}] Eligibility not fully verified; see linked issuer terms and audit evidence. Prior-cardholder restrictions may apply. Unresolved: offer_enrollment_expiration; complete_application_eligibility_and_underwriting No verified application end date; offer subject to change.",Capital One,https://www.capitalone.com/small-business/credit-cards/spark-cash/,2026-09-16,https://www.capitalone.com/small-business/credit-cards/spark-cash/,public,verified,,
Citi AAdvantage Globe,Citi,false,Mastercard,60000,American miles,1.5,900.0,4000,3,350,,,,"Audited reward components/tiers: [{""tier_id"":""public_base"",""status"":""verified_first_party"",""bonus_amount"":60000,""bonus_currency"":""American Airlines AAdvantage miles"",""min_spend_usd"":4000,""window"":{""value"":3,""unit"":""months"",""anchor"":""account_opening""},""relationship"":""base offer"",""source_urls"":[""https://www.citi.com/credit-cards/citi-aadvantage-globe-mastercard""]}] Eligibility not fully verified; see linked issuer terms and audit evidence. Prior-cardholder restrictions may apply. Unresolved: offer_enrollment_expiration; complete_application_eligibility_and_underwriting; first_year_fee_waiver_not_separately_stated No verified application end date; offer subject to change.",Citi,https://www.citi.com/credit-cards/citi-aadvantage-globe-mastercard,2026-09-16,https://www.citi.com/credit-cards/citi-aadvantage-globe-mastercard,public,verified,,
Chase Marriott Bonvoy Boundless,Chase,false,Visa,3,hotel nights,,,3000,3,95,false,,,"Audited reward components/tiers: [{""kind"":""signup_component"",""bonus_amount"":3,""bonus_currency"":""hotel nights"",""min_spend_usd"":3000,""spend_window_months"":3,""condition"":""Eligible purchases from account opening"",""status"":""verified_current_first_party"",""channel"":""public online issuer product page"",""award_details"":""Three awards each capped at 50,000 Marriott points per night; awards expire 12 months after issuance; not 150,000 fungible points.""},{""kind"":""limited_time_cardmember_credit"",""bonus_amount"":50,""bonus_currency"":""USD"",""min_spend_usd"":250,""spend_window_months"":null,""condition"":""Eligible purchases directly with airlines between 2026-06-04 and 2026-12-31; new applicants 2026-06-04 through 2026-12-31 automatically registered upon activation"",""status"":""verified_current_first_party"",""channel"":""public online issuer product page"",""window_start"":""2026-06-04"",""window_end"":""2026-12-31""},{""kind"":""limited_time_cardmember_credit"",""bonus_amount"":50,""bonus_currency"":""USD"",""min_spend_usd"":250,""spend_window_months"":null,""condition"":""Eligible purchases directly with airlines between 2027-01-01 and 2027-06-30; new applicants 2026-06-04 through 2026-12-31 automatically registered upon activation"",""status"":""verified_current_first_party"",""channel"":""public online issuer product page"",""window_start"":""2027-01-01"",""window_end"":""2027-06-30""}] Eligibility: **This credit card is not available to you if (1)** you currently have any of the following cards or **(2)** you received a new cardmember bonus for any of the following cards within the last 24 months: _Marriott Bonvoy® Premier credit card, Marriott Rewards® Premier credit card, Marriott Bonvoy Boundless® credit card, Marriott Rewards® Premier Plus credit card, Marriott Bonvoy Bold® credit card._ Full captured terms and bonus conditions are retained in the dated audit. Unresolved: Offer application expiration not explicitly stated; do not infer from benefit expiration dates.; Individual approval and bonus eligibility are issuer-determined; no user eligibility certification.; Original 125,000-points plus one-night campaign not found on current product page; do not mark historical offer expired without dated evidence. No verified application end date; offer subject to change.",Chase,https://creditcards.chase.com/travel-credit-cards/marriott-bonvoy/boundless,2026-09-16,https://creditcards.chase.com/travel-credit-cards/marriott-bonvoy/boundless,public,verified,,
Chase Southwest Airlines Priority,Chase,false,Visa,60000,Southwest points,,,2000,3,229,false,,,"Audited reward components/tiers: [{""kind"":""signup_component"",""bonus_amount"":60000,""bonus_currency"":""Southwest points"",""min_spend_usd"":2000,""spend_window_months"":3,""condition"":""Eligible purchases from account opening"",""status"":""verified_current_first_party"",""channel"":""public online issuer product page""}] Eligibility: **The credit card is not available to either (i) current Cardmembers of any Southwest Rapid Rewards® Credit Card, or (ii) previous Cardmembers of any Southwest Rapid Rewards Credit Card who received a new Cardmember bonus within the last 24 months. This does not apply to Cardmembers of the Southwest Rapid Rewards Business Card and Employee Credit Card.** Full captured terms and bonus conditions are retained in the dated audit. Unresolved: Offer application expiration not explicitly stated; do not infer from benefit expiration dates.; Individual approval and bonus eligibility are issuer-determined; no user eligibility certification. No verified application end date; offer subject to change.",Chase,https://creditcards.chase.com/travel-credit-cards/southwest/priority,2026-09-16,https://creditcards.chase.com/travel-credit-cards/southwest/priority,public,verified,,
Chase Aer Lingus,Chase,false,Visa,75000,Avios,1.3,975.0,5000,3,95,false,,,"Audited reward components/tiers: [{""kind"":""signup_component"",""bonus_amount"":75000,""bonus_currency"":""Avios"",""min_spend_usd"":5000,""spend_window_months"":3,""condition"":""Eligible purchases from account opening"",""status"":""verified_current_first_party"",""channel"":""public online issuer product page""}] Eligibility: ### This credit card is not available to either (i) current cardmembers of this credit card, or (ii) previous cardmembers of this credit card who received a new cardmember bonus for this credit card within the last 24 months. Full captured terms and bonus conditions are retained in the dated audit. Unresolved: Offer application expiration not explicitly stated; do not infer from benefit expiration dates.; Individual approval and bonus eligibility are issuer-determined; no user eligibility certification. No verified application end date; offer subject to change.",Chase,https://creditcards.chase.com/travel-credit-cards/avios/aer-lingus,2026-09-16,https://creditcards.chase.com/travel-credit-cards/avios/aer-lingus,public,verified,,
Chase British Airways,Chase,false,Visa,75000,Avios,1.3,975.0,5000,3,95,false,,,"Audited reward components/tiers: [{""kind"":""signup_component"",""bonus_amount"":75000,""bonus_currency"":""Avios"",""min_spend_usd"":5000,""spend_window_months"":3,""condition"":""Eligible purchases from account opening"",""status"":""verified_current_first_party"",""channel"":""public online issuer product page""}] Eligibility: This credit card is not available to either (i) current cardmembers of this credit card, or (ii) previous cardmembers of this credit card who received a new cardmember bonus for this credit card within the last 24 months. Full captured terms and bonus conditions are retained in the dated audit. Unresolved: Offer application expiration not explicitly stated; do not infer from benefit expiration dates.; Individual approval and bonus eligibility are issuer-determined; no user eligibility certification. No verified application end date; offer subject to change.",Chase,https://creditcards.chase.com/travel-credit-cards/avios/british-airways,2026-09-16,https://creditcards.chase.com/travel-credit-cards/avios/british-airways,public,verified,,
Chase Iberia,Chase,false,Visa,75000,Avios,1.3,975.0,5000,3,95,false,,,"Audited reward components/tiers: [{""kind"":""signup_component"",""bonus_amount"":75000,""bonus_currency"":""Avios"",""min_spend_usd"":5000,""spend_window_months"":3,""condition"":""Eligible purchases from account opening"",""status"":""verified_current_first_party"",""channel"":""public online issuer product page""}] Eligibility: Offer Details Offers may vary depending on where you apply, for example online or in a branch, and can change over time. To take advantage of this particular offer now, apply through the method provided in this advertisement. Review offer details before you apply. This credit card is not available to either (i) current cardmembers of this credit card, or (ii) previous cardmembers of this credit card who received a new cardmember bonus for this credit card within the last 24 months. Full captured terms and bonus conditions are retained in the dated audit. Unresolved: Offer application expiration not explicitly stated; do not infer from benefit expiration dates.; Individual approval and bonus eligibility are issuer-determined; no user eligibility certification. No verified application end date; offer subject to change.",Chase,https://creditcards.chase.com/travel-credit-cards/avios/iberia,2026-09-16,https://creditcards.chase.com/travel-credit-cards/avios/iberia,public,verified,,
Citi AAdvantage Business World Elite,Citi,true,Mastercard,65000,American miles,1.5,975.0,4000,4,99,true,,,"Audited reward components/tiers: [{""tier_id"":""public_base"",""status"":""verified_first_party"",""bonus_amount"":65000,""bonus_currency"":""American Airlines AAdvantage miles"",""min_spend_usd"":4000,""window"":{""value"":4,""unit"":""months"",""anchor"":""account_opening""},""relationship"":""base offer"",""source_urls"":[""https://www.citi.com/credit-cards/citi-aadvantage-business-credit-card"",""https://www.citi.com/credit-cards/travel-reward-credit-cards"",""https://www.citi.com/credit-cards/view-all-credit-cards""]}] Eligibility not fully verified; see linked issuer terms and audit evidence. Prior-cardholder restrictions may apply. Unresolved: offer_enrollment_expiration; complete_application_eligibility_and_underwriting No verified application end date; offer subject to change.",Citi,https://www.citi.com/credit-cards/citi-aadvantage-business-credit-card,2026-09-16,https://www.citi.com/credit-cards/citi-aadvantage-business-credit-card,public,verified,,
AmEx Marriott Bonvoy Bevy,American Express,false,Amex,125000,Marriott points,,,5000,6,250,false,,,"Audited reward components/tiers: [{""tier_id"":""current-public-offer"",""status"":""current_observed"",""min_spend_usd"":5000,""spend_window_months"":6,""rewards"":[{""amount"":125000,""currency"":""Marriott points"",""kind"":""points_or_miles"",""amount_type"":""fixed_offer""},{""amount"":150,""currency"":""USD"",""kind"":""statement_credit""}],""components_share_same_spend_gate"":true,""personalized"":false},{""tier_id"":""original-feed-base"",""status"":""not_reverified_current_superseded_in_observed_channels"",""bonus_amount"":85000,""bonus_currency"":""Marriott points"",""min_spend_usd"":5000,""spend_window_months"":6},{""tier_id"":""original-feed-increment"",""status"":""not_reverified_current_superseded_in_observed_channels"",""bonus_amount"":50000,""bonus_currency"":""Marriott points"",""additional_spend_usd"":2000,""cumulative_spend_usd"":7000,""spend_window_months"":6}] Eligibility: You may not be eligible to receive a welcome offer if you have or have had this Card, the Marriott Bonvoy Brilliant® American Express® Card or previous versions of these Cards. You also may not be eligible to receive a welcome offer based on various factors, such as your history with credit card balance transfers, your history as an American Express Card Member, the number of credit cards that you have opened and closed and other factors. If you are not eligible for a welcome offer, we will notify you prior to processing your application so you have the option to withdraw your application. Welcome offer not available to applicants who (i) have or have had The Ritz-Carlton® Credit Card from J.P. Morgan, the J.P. Morgan Ritz-Carlton Rewards® Credit Card, the Marriott Bonvoy Bountiful™ Credit Card from Chase, the Marriott Bonvoy Boundless® Credit Card from Chase, the Marriott Rewards® Premier Plus Credit Card from Chase, the Marriott Bonvoy® Premier Credit Card from Chase, the Marriott Rewards® Premier Credit Card from Chase, the Marriott Bonvoy® Credit Card from Chase, the Marriott Rewards® Credit Card from Chase, the Marriott Bonvoy Bold® Credit Card from Chase, the Marriott Bonvoy® Premier Plus Business Credit Card from Chase, the Marriott Rewards® Premier Plus Business Credit Card from Chase, the Marriott Bonvoy Business® Credit Card from Chase, or the Marriott Rewards Business® Credit Card from Chase in the last 30 days, (ii) have acquired the Marriott Bonvoy Bountiful™ Credit Card from Chase, the Marriott Bonvoy Boundless® Credit Card from Chase, the Marriott Bonvoy Bold® Credit Card from Chase in the last 90 days, or (iii) received a new Card Member bonus or upgrade offer for the Marriott Bonvoy Bountiful™ Credit Card from Chase, the Marriott Bonvoy Boundless® Credit Card from Chase, or the Marriott Bonvoy Bold® Credit Card from Chase in the last 24 months.",American Express,https://www.americanexpress.com/us/credit-cards/card/marriott-bonvoy-bevy/,2026-09-16,https://www.americanexpress.com/us/credit-cards/card/marriott-bonvoy-bevy/,public,verified,2026-09-30,
Wells Fargo Premier Autograph,Wells Fargo,false,Visa,,,,,,,,,,,"NOT A VERIFIED DEFAULT PUBLIC OFFER: unresolved_restricted_offer. Eligibility: Subject to issuer underwriting; detailed bonus eligibility not fully recovered, do not infer from another product. Unresolved: product_identity; bonus_amount; bonus_currency; min_spend_usd; spend_window; annual_fee_usd; eligibility; application_channel; detailed_bonus_eligibility; offer_expiration_date_not_stated No verified application end date; offer subject to change.",Wells Fargo,https://www.wellsfargo.com/premier/,,,unknown,unresolved,,
Chase Southwest Airlines Plus,Chase,false,Visa,50000,Southwest points,1.3,650.0,1000,3,99,false,,,"Audited reward components/tiers: [{""kind"":""signup_component"",""bonus_amount"":50000,""bonus_currency"":""Southwest points"",""min_spend_usd"":1000,""spend_window_months"":3,""condition"":""Eligible purchases from account opening"",""status"":""verified_current_first_party"",""channel"":""public online issuer product page""}] Eligibility: This product is available to you if you do not have a current Southwest Rapid Rewards Credit Card and have not received a new Cardmember bonus within the last 24 months. This does not apply to Business Card and Employee Credit Card products. Full captured terms and bonus conditions are retained in the dated audit. Unresolved: Offer application expiration not explicitly stated; do not infer from benefit expiration dates.; Individual approval and bonus eligibility are issuer-determined; no user eligibility certification. No verified application end date; offer subject to change.",Chase,https://creditcards.chase.com/travel-credit-cards/southwest/plus,2026-09-16,https://creditcards.chase.com/travel-credit-cards/southwest/plus,public,verified,,
AmEx Marriott Bonvoy Business,American Express,true,Amex,100000,Marriott points,,,8000,6,125,false,,,"Audited reward components/tiers: [{""tier_id"":""current-public-offer"",""status"":""current_observed"",""min_spend_usd"":8000,""spend_window_months"":6,""rewards"":[{""amount"":100000,""currency"":""Marriott points"",""kind"":""points_or_miles"",""amount_type"":""fixed_offer""},{""amount"":1,""currency"":""hotel nights"",""kind"":""Marriott Free Night Award"",""redemption_cap_points"":50000,""expires"":""one year from issuance"",""restrictions"":""Resort fees may apply; availability required; not cash or points, nontransferable, no extension.""}],""components_share_same_spend_gate"":true,""personalized"":false},{""tier_id"":""original-feed-base"",""status"":""not_reverified_current_superseded_in_observed_channels"",""bonus_amount"":100000,""bonus_currency"":""Marriott points"",""min_spend_usd"":6000,""spend_window_months"":6},{""tier_id"":""original-feed-increment"",""status"":""not_reverified_current_superseded_in_observed_channels"",""bonus_amount"":50000,""bonus_currency"":""Marriott points"",""additional_spend_usd"":2000,""cumulative_spend_usd"":8000,""spend_window_months"":6}] Eligibility: You may not be eligible to receive a welcome offer if you have or have had this Card or the Starwood Preferred Guest® Business Credit Card from American Express or previous versions of these Cards. You also may not be eligible to receive a welcome offer based on various factors, such as your history with credit card balance transfers, your history as an American Express Card Member, the number of credit cards that you have opened and closed and other factors. If you are not eligible for a welcome offer, we will notify you prior to processing your application so you have the option to withdraw your application. Welcome offer not available to applicants who (i) have or have had the Marriott Bonvoy® Premier Plus Business Credit Card from Chase, the Marriott Rewards® Premier Plus Business Credit Card from Chase, the Marriott Bonvoy Business® Credit Card from Chase, or the Marriott Rewards® Business Credit Card from Chase in the last 30 days, (ii) have acquired the Marriott Bonvoy Bountiful™ Credit Card from Chase, the Marriott Bonvoy Boundless® Credit Card from Chase, the Marriott Bonvoy Bold® Credit Card from Chase, in the last 90 days, or (iii) received a new Card Member bonus offer in the last 24 months on the Marriott Bonvoy Bountiful™ Credit Card from Chase, Marriott Bonvoy Boundless® Credit Card from Chase, or the Marriott Bonvoy Bold® Credit Card from Chase.",American Express,https://www.americanexpress.com/us/credit-cards/business/business-credit-cards/amex-marriott-bonvoy-business-credit-card/,2026-09-16,https://www.americanexpress.com/us/credit-cards/business/business-credit-cards/amex-marriott-bonvoy-business-credit-card/,public,verified,2026-11-04,
Citi AAdvantage Executive,Citi,false,Mastercard,125000,American miles,1.5,1875.0,15000,5,695,,,,"Audited reward components/tiers: [{""tier_id"":""public_base"",""status"":""verified_first_party"",""bonus_amount"":125000,""bonus_currency"":""American Airlines AAdvantage miles"",""min_spend_usd"":15000,""window"":{""value"":5,""unit"":""months"",""anchor"":""account_opening""},""relationship"":""base offer"",""source_urls"":[""https://www.citi.com/credit-cards/citi-aadvantage-executive-world-elite-mastercard"",""https://www.citi.com/credit-cards/travel-reward-credit-cards""]}] Eligibility not fully verified; see linked issuer terms and audit evidence. Prior-cardholder restrictions may apply. Unresolved: offer_enrollment_expiration; complete_application_eligibility_and_underwriting; first_year_fee_waiver_not_separately_stated No verified application end date; offer subject to change.",Citi,https://www.citi.com/credit-cards/citi-aadvantage-executive-world-elite-mastercard,2026-09-16,https://www.citi.com/credit-cards/citi-aadvantage-executive-world-elite-mastercard,public,verified,,
Citi Strata Premier,Citi,false,Mastercard,60000,Citi TY,1.6,960.0,4000,3,95,,,,"Audited reward components/tiers: [{""tier_id"":""public_base"",""status"":""verified_first_party"",""bonus_amount"":60000,""bonus_currency"":""Citi ThankYou points"",""min_spend_usd"":4000,""window"":{""value"":3,""unit"":""months"",""anchor"":""account_opening""},""relationship"":""base offer"",""source_urls"":[""https://www.citi.com/credit-cards/citi-strata-premier-credit-card""]}] Eligibility not fully verified; see linked issuer terms and audit evidence. Prior-cardholder restrictions may apply. Unresolved: offer_enrollment_expiration; complete_application_eligibility_and_underwriting; first_year_fee_waiver_not_separately_stated No verified application end date; offer subject to change.",Citi,https://www.citi.com/credit-cards/citi-strata-premier-credit-card,2026-09-16,https://www.citi.com/credit-cards/citi-strata-premier-credit-card,public,verified,,
Barclays JetBlue Business,Barclays,true,Mastercard,50000,JetBlue points,1.3,650.0,4000,,99,false,,,"Observed product: JetBlue Business Card. Spend window: 90 days from account opening (not calendar months). Audited reward components/tiers: [{""product"":""JetBlue Business Card"",""bonus_amount"":50000,""bonus_currency"":""JetBlue TrueBlue points"",""min_spend_usd"":4000,""spend_window"":{""length"":90,""unit"":""days"",""anchor"":""account opening""},""annual_fee_usd"":99,""annual_fee_waived_y1"":false,""additional_conditions"":""Pay annual fee in full within the same first 90 days.""}] Pay annual fee in full within the same first 90 days. Eligibility: Business applicants, subject to credit approval. Full current/prior-card exclusion needs linked terms. Unresolved: repeat_bonus_eligibility; offer_expiration_date_not_stated No verified application end date; offer subject to change.",Barclays,https://cards.barclaycardus.com/banking/cards/jetblue-business-card/,2026-09-16,https://cards.barclaycardus.com/banking/cards/jetblue-business-card/,public,verified,,90
AmEx Delta SkyMiles Platinum,American Express,false,Amex,90000,Delta miles,,,4000,6,350,false,,,"AS HIGH AS / personalized maximum; actual offer may be lower or unavailable. Not a guaranteed public bonus. Audited reward components/tiers: [{""tier_id"":""current-public-offer"",""status"":""current_observed"",""min_spend_usd"":4000,""spend_window_months"":6,""rewards"":[{""amount"":90000,""currency"":""Delta miles"",""kind"":""points_or_miles"",""amount_type"":""up_to_personalized""},{""amount"":300,""currency"":""USD"",""kind"":""statement_credit""}],""components_share_same_spend_gate"":true,""personalized"":true}] Eligibility: You may not be eligible to receive a welcome offer if you have or have had this Card, the Delta SkyMiles® Reserve American Express Card or previous versions of these Cards. You also may not be eligible to receive a welcome offer based on various factors, such as your history with credit card balance transfers, your history as an American Express Card Member, the number of credit cards that you have opened and closed and other factors. If you are not eligible for a welcome offer, we will notify you prior to processing your application so you have the option to withdraw your application. Unresolved: applicant_specific_bonus_amount: Only maximum public offer is disclosed. Issuer reveals actual amount during application; no application or login performed. Lower amounts and ineligibility are possible; exact lower tiers are not public here.",American Express,https://www.americanexpress.com/us/credit-cards/card/delta-skymiles-platinum-american-express-card/,2026-09-16,https://www.americanexpress.com/us/credit-cards/card/delta-skymiles-platinum-american-express-card/,personalized,verified,2026-11-04,
AmEx Delta SkyMiles Platinum Business,American Express,true,Amex,100000,Delta miles,,,8000,6,350,false,,,"Audited reward components/tiers: [{""tier_id"":""current-public-offer"",""status"":""current_observed"",""min_spend_usd"":8000,""spend_window_months"":6,""rewards"":[{""amount"":100000,""currency"":""Delta miles"",""kind"":""points_or_miles"",""amount_type"":""fixed_offer""}],""components_share_same_spend_gate"":true,""personalized"":false},{""tier_id"":""previous-struck-through-baseline"",""status"":""historical_comparison_not_current"",""bonus_amount"":70000,""bonus_currency"":""Delta miles"",""min_spend_usd"":null,""spend_window_months"":null,""evidence"":""Issuer product page says previously 70,000; not an additional current bonus.""}] Eligibility: You may not be eligible to receive a welcome offer if you have or have had this Card or previous versions of this Card. You also may not be eligible to receive a welcome offer based on various factors, such as your history with credit card balance transfers, your history as an American Express Card Member, the number of credit cards that you have opened and closed and other factors. If you are not eligible for a welcome offer, we will notify you prior to processing your application so you have the option to withdraw your application.",American Express,https://www.americanexpress.com/en-us/business/credit-cards/delta-skymiles-platinum/,2026-09-16,https://www.americanexpress.com/en-us/business/credit-cards/delta-skymiles-platinum/,public,verified,2026-11-04,
AmEx Delta SkyMiles Reserve,American Express,false,Amex,50000,Delta miles,,,10000,6,650,false,,,"Audited reward components/tiers: [{""tier_id"":""current-public-offer"",""status"":""current_observed"",""min_spend_usd"":10000,""spend_window_months"":6,""rewards"":[{""amount"":50000,""currency"":""Delta miles"",""kind"":""points_or_miles"",""amount_type"":""fixed_offer""},{""amount"":2,""currency"":""Delta Comfort Flight Certificates"",""kind"":""round-trip flight certificates"",""expires"":""2028-01-15 (travel booked and fully flown)"",""restrictions"":""Delta/Delta Connection only; origin US including PR/USVI, destinations lower 48/PR/USVI; Delta Comfort or Main, not Basic; 21-day advance purchase; up to $80 taxes/fees per person; use Reserve Card to pay; availability restrictions; no miles/MQDs earned.""}],""components_share_same_spend_gate"":true,""personalized"":false}] Eligibility: You may not be eligible to receive a welcome offer if you have or have had this Card or previous versions of this Card. You also may not be eligible to receive a welcome offer based on various factors, such as your history with credit card balance transfers, your history as an American Express Card Member, the number of credit cards that you have opened and closed and other factors. If you are not eligible for a welcome offer, we will notify you prior to processing your application so you have the option to withdraw your application.",American Express,https://www.americanexpress.com/us/credit-cards/card/delta-skymiles-reserve-american-express-card/,2026-09-16,https://www.americanexpress.com/us/credit-cards/card/delta-skymiles-reserve-american-express-card/,public,verified,2026-11-04,
AmEx Delta SkyMiles Reserve Business,American Express,true,Amex,200000,Delta miles,,,20000,6,650,false,,,"Audited reward components/tiers: [{""tier_id"":""current-public-offer"",""status"":""current_observed"",""min_spend_usd"":20000,""spend_window_months"":6,""rewards"":[{""amount"":200000,""currency"":""Delta miles"",""kind"":""points_or_miles"",""amount_type"":""fixed_offer""}],""components_share_same_spend_gate"":true,""personalized"":false},{""tier_id"":""previous-struck-through-baseline"",""status"":""historical_comparison_not_current"",""bonus_amount"":80000,""bonus_currency"":""Delta miles"",""min_spend_usd"":null,""spend_window_months"":null,""evidence"":""Issuer product page says previously 80,000; not an additional current bonus.""}] Eligibility: You may not be eligible to receive a welcome offer if you have or have had this Card or previous versions of this Card. You also may not be eligible to receive a welcome offer based on various factors, such as your history with credit card balance transfers, your history as an American Express Card Member, the number of credit cards that you have opened and closed and other factors. If you are not eligible for a welcome offer, we will notify you prior to processing your application so you have the option to withdraw your application.",American Express,https://www.americanexpress.com/en-us/business/credit-cards/delta-skymiles-reserve/,2026-09-16,https://www.americanexpress.com/en-us/business/credit-cards/delta-skymiles-reserve/,public,verified,2026-11-04,
Chase United Club Business,Chase,true,Visa,100000,United miles,1.4,1400.0,5000,3,695,false,,,"Audited reward components/tiers: [{""kind"":""signup_component"",""bonus_amount"":100000,""bonus_currency"":""United miles"",""min_spend_usd"":5000,""spend_window_months"":3,""condition"":""Eligible purchases from account opening"",""status"":""verified_current_first_party"",""channel"":""public online issuer product page""},{""kind"":""signup_component"",""bonus_amount"":10000,""bonus_currency"":""United miles"",""min_spend_usd"":null,""spend_window_months"":3,""condition"":""Add an employee card (business) / authorized user (personal) in first 3 months; no separate purchase threshold stated"",""status"":""verified_current_first_party"",""channel"":""public online issuer product page""},{""kind"":""signup_component"",""bonus_amount"":2000,""bonus_currency"":""United PQP"",""min_spend_usd"":5000,""spend_window_months"":3,""condition"":""Same purchase threshold as base signup miles; status points, not redeemable miles"",""status"":""verified_current_first_party"",""channel"":""public online issuer product page""}] Eligibility: 10,000 Bonus Miles After You Add An Authorized User In The First 3 Months From Account Opening: This product is not available to either (i) current Cardmembers of this credit card, or (ii) previous Cardmembers of this credit card who received a new Cardmember bonus for this credit card within the last 24 months. With this bonus offer, you will qualify and receive 10,000 bonus miles after your addition of an authorized user to your account during the first 3 months from account opening. 10,000 bonus miles will only be awarded once, for the first authorized user added to your account regardless of how many total authorized users you add to your account. After qualifying, please allow 6 to 8 weeks for bonus miles to post to your account. To be eligible for this bonus offer, account must be open and not in default, and authorized user must be on your account at the time of fulfillment. These miles do not count toward Premier status. If your account is not open for at least 6 months, United and Chase reserve the right to deduct the bonus miles from your MileagePlus Program account. Chase is not responsible for the provision of, or failure to provide, the 10,000 bonus miles, which will post directly to your MileagePlus account and not appear on your credit card statement. Full captured terms and bonus conditions are retained in the dated audit. Unresolved: Offer application expiration not explicitly stated; do not infer from benefit expiration dates.; Individual approval and bonus eligibility are issuer-determined; no user eligibility certification. No verified application end date; offer subject to change.",Chase,https://creditcards.chase.com/business-credit-cards/united/united-club-business,2026-09-16,https://creditcards.chase.com/business-credit-cards/united/united-club-business,public,verified,,
Chase Southwest Airlines Performance Business,Chase,true,Visa,80000,Southwest points,1.3,1040.0,5000,3,299,false,,,"Audited reward components/tiers: [{""kind"":""signup_component"",""bonus_amount"":80000,""bonus_currency"":""Southwest points"",""min_spend_usd"":5000,""spend_window_months"":3,""condition"":""Eligible purchases from account opening"",""status"":""verified_current_first_party"",""channel"":""public online issuer product page""}] Eligibility: **80,000 Bonus Points After You Spend $5,000 On Purchases In The First 3 Months From Account Opening: This new Cardmember bonus offer is not available to either (i) current Cardmembers of this business credit card, or (ii) previous Cardmembers of this business credit card who received a new Cardmember bonus for this business credit card within the last 24 months.** To qualify for your bonus points, you must make Purchases totaling $5,000 or more during the first 3 months from account opening. Please allow up to 8 weeks for bonus points to post to your Rapid Rewards® account. (""Purchases"" do not include balance transfers, cash advances, travelers checks, foreign currency, money orders, wire transfers or similar cash-like transactions, lottery tickets, casino gaming chips, race track wagers or similar betting transactions, any checks that access your account, interest, unauthorized or fraudulent charges, and fees of any kind, including an annual fee, if applicable.) To be eligible for this bonus offer, account must be open and not in default at the time of fulfillment. Full captured terms and bonus conditions are retained in the dated audit. Unresolved: Offer application expiration not explicitly stated; do not infer from benefit expiration dates.; Individual approval and bonus eligibility are issuer-determined; no user eligibility certification. No verified application end date; offer subject to change.",Chase,https://creditcards.chase.com/business-credit-cards/southwest/performance-business,2026-09-16,https://creditcards.chase.com/business-credit-cards/southwest/performance-business,public,verified,,
Chase United Explorer,Chase,false,Visa,50000,United miles,1.4,700.0,3000,3,150,true,,,"Audited reward components/tiers: [{""kind"":""signup_component"",""bonus_amount"":50000,""bonus_currency"":""United miles"",""min_spend_usd"":3000,""spend_window_months"":3,""condition"":""Eligible purchases from account opening"",""status"":""verified_current_first_party"",""channel"":""public online issuer product page""},{""kind"":""signup_component"",""bonus_amount"":10000,""bonus_currency"":""United miles"",""min_spend_usd"":null,""spend_window_months"":3,""condition"":""Add an employee card (business) / authorized user (personal) in first 3 months; no separate purchase threshold stated"",""status"":""verified_current_first_party"",""channel"":""public online issuer product page""}] Eligibility: This card product is available to you if you do not have this card and have not received a new Cardmember bonus for this card in the past 24 months. Full captured terms and bonus conditions are retained in the dated audit. Unresolved: Offer application expiration not explicitly stated; do not infer from benefit expiration dates.; Individual approval and bonus eligibility are issuer-determined; no user eligibility certification. No verified application end date; offer subject to change.",Chase,https://creditcards.chase.com/travel-credit-cards/united/united-explorer,2026-09-16,https://creditcards.chase.com/travel-credit-cards/united/united-explorer,public,verified,,
Bank of America Premium Rewards Elite,Bank of America,false,Visa,75000,Bank of America points,1.0,750.0,5000,,550,,,,"Spend window: 90 days from account_opening (not calendar months). Audited reward components/tiers: [{""tier_id"":""public_base"",""status"":""verified_first_party"",""bonus_amount"":75000,""bonus_currency"":""Bank of America points"",""min_spend_usd"":5000,""window"":{""value"":90,""unit"":""days"",""anchor"":""account_opening""},""relationship"":""base offer"",""source_urls"":[""https://www.bankofamerica.com/credit-cards/products/premium-rewards-elite-credit-card/""]}] Eligibility not fully verified; see linked issuer terms and audit evidence. Prior-cardholder restrictions may apply. Unresolved: offer_enrollment_expiration; complete_application_eligibility_and_underwriting; first_year_fee_waiver_not_separately_stated; prior_cardholder_bonus_cooldown No verified application end date; offer subject to change.",Bank of America,https://www.bankofamerica.com/credit-cards/products/premium-rewards-elite-credit-card/,2026-09-16,https://www.bankofamerica.com/credit-cards/products/premium-rewards-elite-credit-card/,public,verified,,90
Chase IHG Premier,Chase,false,Mastercard,140000,IHG points,0.5,700.0,3000,3,99,false,,,"Audited reward components/tiers: [{""kind"":""signup_component"",""bonus_amount"":140000,""bonus_currency"":""IHG points"",""min_spend_usd"":3000,""spend_window_months"":3,""condition"":""Eligible purchases from account opening"",""status"":""verified_current_first_party"",""channel"":""public online issuer product page""},{""kind"":""signup_component"",""bonus_amount"":10000,""bonus_currency"":""IHG points"",""min_spend_usd"":null,""spend_window_months"":3,""condition"":""Add an employee card (business) / authorized user (personal) in first 3 months; no separate purchase threshold stated"",""status"":""verified_current_first_party"",""channel"":""public online issuer product page""}] Eligibility: This product is available to you if you do not have a current IHG One Rewards Credit Card and have not received a new Cardmember bonus within the last 24 months. This does not apply to Business Card Credit Card products. Full captured terms and bonus conditions are retained in the dated audit. Unresolved: Offer application expiration not explicitly stated; do not infer from benefit expiration dates.; Individual approval and bonus eligibility are issuer-determined; no user eligibility certification. No verified application end date; offer subject to change.",Chase,https://creditcards.chase.com/travel-credit-cards/ihg-rewards-club/premier,2026-09-16,https://creditcards.chase.com/travel-credit-cards/ihg-rewards-club/premier,public,verified,,
Barclays Wyndham Earner Premier,Barclays,false,Mastercard,90000,Wyndham points,1.0,900.0,6000,,395,false,,,"Observed product: Wyndham Rewards Earner Premier. Spend window: 120 days from account opening (not calendar months). Audited reward components/tiers: [{""product"":""Wyndham Rewards Earner Premier"",""bonus_amount"":90000,""bonus_currency"":""Wyndham Rewards points"",""min_spend_usd"":6000,""spend_window"":{""length"":120,""unit"":""days"",""anchor"":""account opening""},""annual_fee_usd"":395,""annual_fee_waived_y1"":false,""additional_conditions"":""Base component; pay annual fee in full within first 120 days.""},{""product"":""Wyndham Rewards Earner Premier"",""bonus_amount"":30000,""bonus_currency"":""Wyndham Rewards points"",""min_spend_usd"":750,""spend_window"":{""length"":180,""unit"":""days"",""anchor"":""account opening""},""annual_fee_usd"":395,""annual_fee_waived_y1"":false,""additional_conditions"":""Additional component for purchases at Hotels by Wyndham; not an alternative offer. Do not add spend amounts without resolving overlap.""}] Base component; pay annual fee in full within first 120 days. Eligibility: Subject to issuer underwriting; detailed bonus eligibility not fully recovered, do not infer from another product. Unresolved: repeat_bonus_eligibility; overlap_of_general_and_hotel_spend; detailed_bonus_eligibility; offer_expiration_date_not_stated No verified application end date; offer subject to change.",Barclays,https://cards.barclaycardus.com/banking/cards/wyndham-rewards-earner-premier-card/,2026-09-16,https://cards.barclaycardus.com/banking/cards/wyndham-rewards-earner-premier-card/,public,verified,,120
Chase Ink Premier,Chase,true,Visa,1000,USD,,1000,10000,3,195,false,,,"Audited reward components/tiers: [{""kind"":""signup_component"",""bonus_amount"":1000,""bonus_currency"":""USD"",""min_spend_usd"":10000,""spend_window_months"":3,""condition"":""Eligible purchases from account opening"",""status"":""verified_current_first_party"",""channel"":""public online issuer product page""}] Eligibility: The new cardmember bonus may not be available to you if you have ever had this card. We may also consider factors pertinent to your business in determining your bonus eligibility. Full captured terms and bonus conditions are retained in the dated audit. Unresolved: Offer application expiration not explicitly stated; do not infer from benefit expiration dates.; Individual approval and bonus eligibility are issuer-determined; no user eligibility certification. No verified application end date; offer subject to change.",Chase,https://creditcards.chase.com/business-credit-cards/ink/premier,2026-09-16,https://creditcards.chase.com/business-credit-cards/ink/premier,public,verified,,
Barclays JetBlue Plus,Barclays,false,Mastercard,70000,JetBlue points,1.3,910.0,1000,,99,false,,,"Observed product: JetBlue Plus Card. Spend window: 90 days from account opening (not calendar months). Audited reward components/tiers: [{""product"":""JetBlue Plus Card"",""bonus_amount"":70000,""bonus_currency"":""JetBlue TrueBlue points"",""min_spend_usd"":1000,""spend_window"":{""length"":90,""unit"":""days"",""anchor"":""account opening""},""annual_fee_usd"":99,""annual_fee_waived_y1"":false,""additional_conditions"":""Pay annual fee in full within first 90 days.""}] Pay annual fee in full within first 90 days. Eligibility: Approved applicants; bonus may only be earned once; current or previous accounts in the program may be ineligible; anti-gaming exclusion. Unresolved: offer_expiration_date_not_stated No verified application end date; offer subject to change.",Barclays,https://cards.barclaycardus.com/banking/cards/jetblue-plus-card/,2026-09-16,https://cards.barclaycardus.com/banking/cards/jetblue-plus-card/,public,verified,,90
Synchrony Virgin Red Rewards,Synchrony,false,,60000,Virgin points,1.4,840.0,4000,,99,false,,,"Observed product: Virgin Red Rewards Mastercard. Spend window: 90 days from account opening (not calendar months). Audited reward components/tiers: [{""product"":""Virgin Red Rewards Mastercard"",""bonus_amount"":60000,""bonus_currency"":""Virgin Points"",""min_spend_usd"":4000,""spend_window"":{""length"":90,""unit"":""days"",""anchor"":""account opening""},""annual_fee_usd"":99,""annual_fee_waived_y1"":false,""additional_conditions"":null}] Eligibility: One offer per accountholder; new account; card linked to Virgin Red account; account open, good standing and not delinquent. Applicants aged 18+ with US address. Unresolved: offer_expiration_date_not_stated No verified application end date; offer subject to change.",Synchrony,https://www.synchrony.com/partner/virgin-red-rewards-card,2026-09-16,https://www.synchrony.com/partner/virgin-red-rewards-card,public,verified,,90
Capital One VentureOne Business,Capital One,true,Visa,50000,Capital One miles,,,4500,3,0,,,,"Audited reward components/tiers: [{""tier_id"":""public_base"",""status"":""verified_first_party"",""bonus_amount"":50000,""bonus_currency"":""Capital One miles"",""min_spend_usd"":4500,""window"":{""value"":3,""unit"":""months"",""anchor"":""account_opening""},""relationship"":""base offer"",""source_urls"":[""https://www.capitalone.com/small-business/credit-cards/ventureone-business/"",""https://www.capitalone.com/small-business/credit-cards/""]}] Eligibility not fully verified; see linked issuer terms and audit evidence. Prior-cardholder restrictions may apply. Unresolved: offer_enrollment_expiration; complete_application_eligibility_and_underwriting; prior_cardholder_bonus_cooldown No verified application end date; offer subject to change.",Capital One,https://www.capitalone.com/small-business/credit-cards/ventureone-business/,2026-09-16,https://www.capitalone.com/small-business/credit-cards/ventureone-business/,public,verified,,
Chase World of Hyatt Business,Chase,true,Visa,70000,Hyatt points,1.6,1120.0,7000,3,199,false,,,"Audited reward components/tiers: [{""kind"":""signup_component"",""bonus_amount"":70000,""bonus_currency"":""Hyatt points"",""min_spend_usd"":7000,""spend_window_months"":3,""condition"":""Eligible purchases from account opening"",""status"":""verified_current_first_party"",""channel"":""public online issuer product page""}] Eligibility: 70,000 Bonus Points After You Spend $7,000 On Purchases In The First 3 Months From Account Opening: This new Cardmember bonus offer is not available to either (i) current Cardmembers of this business credit card, or (ii) previous Cardmembers of this business credit card who received a new Cardmember bonus for this business credit card within the last 24 months. To qualify for and receive your 70,000 Bonus Points, you must make Purchases totaling $7,000 or more during the first 3 months from account opening. (""Purchases"" do not include balance transfers, cash advances, travelers checks, foreign currency, money orders, wire transfers or similar cash-like transactions, lottery tickets, casino gaming chips, race track wagers or similar betting transactions, any checks that access your account, interest, unauthorized or fraudulent charges, and fees of any kind, including an annual fee, if applicable.) After qualifying, please allow 6-8 weeks for your Bonus Points to post to your World of Hyatt account. To be eligible for this bonus offer, account must be open and not in default at the t Full captured terms and bonus conditions are retained in the dated audit. Unresolved: Offer application expiration not explicitly stated; do not infer from benefit expiration dates.; Individual approval and bonus eligibility are issuer-determined; no user eligibility certification. No verified application end date; offer subject to change.",Chase,https://creditcards.chase.com/business-credit-cards/world-of-hyatt/hyatt-business-card,2026-09-16,https://creditcards.chase.com/business-credit-cards/world-of-hyatt/hyatt-business-card,public,verified,,
AmEx Hilton Aspire,American Express,false,Amex,200000,Hilton points,,,6000,6,550,false,,,"Audited reward components/tiers: [{""tier_id"":""current-public-offer"",""status"":""current_observed"",""min_spend_usd"":6000,""spend_window_months"":6,""rewards"":[{""amount"":200000,""currency"":""Hilton points"",""kind"":""points_or_miles"",""amount_type"":""fixed_offer""}],""components_share_same_spend_gate"":true,""personalized"":false}] Eligibility: You may not be eligible to receive a welcome offer if you have or have had this Card or previous versions of these Cards. You also may not be eligible to receive a welcome offer based on various factors, such as your history with credit card balance transfers, your history as an American Express Card Member, the number of credit cards that you have opened and closed and other factors. If you are not eligible for a welcome offer, we will notify you prior to processing your application so you have the option to withdraw your application.",American Express,https://www.americanexpress.com/us/credit-cards/card/hilton-honors-aspire/,2026-09-16,https://www.americanexpress.com/us/credit-cards/card/hilton-honors-aspire/,public,verified,2027-01-13,
Bank of America Air France KLM,Bank of America,false,Visa,50000,Air France KLM Flying Blue miles,,,2000,,89,,,,"Spend window: 90 days from account_opening (not calendar months). Audited reward components/tiers: [{""tier_id"":""public_base"",""status"":""verified_first_party"",""bonus_amount"":50000,""bonus_currency"":""Air France KLM Flying Blue miles"",""min_spend_usd"":2000,""window"":{""value"":90,""unit"":""days"",""anchor"":""account_opening""},""relationship"":""base offer"",""source_urls"":[""https://www.bankofamerica.com/credit-cards/products/air-france-credit-card/""]}] Eligibility not fully verified; see linked issuer terms and audit evidence. Prior-cardholder restrictions may apply. Unresolved: offer_enrollment_expiration; complete_application_eligibility_and_underwriting; first_year_fee_waiver_not_separately_stated; prior_cardholder_bonus_cooldown No verified application end date; offer subject to change.",Bank of America,https://www.bankofamerica.com/credit-cards/products/air-france-credit-card/,2026-09-16,https://www.bankofamerica.com/credit-cards/products/air-france-credit-card/,public,verified,,90
AmEx Marriott Bonvoy Brilliant,American Express,false,Amex,150000,Marriott points,,,6000,6,650,false,,,"Audited reward components/tiers: [{""tier_id"":""current-public-offer"",""status"":""current_observed"",""min_spend_usd"":6000,""spend_window_months"":6,""rewards"":[{""amount"":150000,""currency"":""Marriott points"",""kind"":""points_or_miles"",""amount_type"":""fixed_offer""},{""amount"":250,""currency"":""USD"",""kind"":""statement_credit""}],""components_share_same_spend_gate"":true,""personalized"":false},{""tier_id"":""original-feed-base"",""status"":""not_reverified_current_superseded_in_observed_channels"",""bonus_amount"":100000,""bonus_currency"":""Marriott points"",""min_spend_usd"":6000,""spend_window_months"":6},{""tier_id"":""original-feed-increment"",""status"":""not_reverified_current_superseded_in_observed_channels"",""bonus_amount"":50000,""bonus_currency"":""Marriott points"",""additional_spend_usd"":2000,""cumulative_spend_usd"":8000,""spend_window_months"":6}] Eligibility: You may not be eligible to receive a welcome offer if you have or have had this Card or the Starwood Preferred Guest® American Express Luxury Card or previous versions of these Cards. You also may not be eligible to receive a welcome offer based on various factors, such as your history with credit card balance transfers, your history as an American Express Card Member, the number of credit cards that you have opened and closed and other factors. If you are not eligible for a welcome offer, we will notify you prior to processing your application so you have the option to withdraw your application. Welcome offer not available to applicants who (i) have or have had The Ritz-Carlton® Credit Card from JPMorgan or the J.P. Morgan RitzCarlton Rewards® Credit Card in the last 30 days, (ii) have acquired the Marriott Bonvoy Bountiful Credit Card from Chase, the Marriott Bonvoy Boundless® Credit Card from Chase, or the Marriott Bonvoy Bold® Credit Card from Chase in the last 90 days, or (iii) received a new Card Member bonus or upgrade offer for the Marriott Bonvoy Bountiful Credit Card from Chase, the Marriott Bonvoy Boundless® Credit Card from Chase, or the Marriott Bonvoy Bold® Credit Card from Chase in the last 24 months.",American Express,https://www.americanexpress.com/us/credit-cards/card/marriott-bonvoy-brilliant/,2026-09-16,https://www.americanexpress.com/us/credit-cards/card/marriott-bonvoy-brilliant/,public,verified,2026-09-30,
Capital One Spark Cash Select,Capital One,true,Mastercard,750,USD,,750,6000,3,0,,,,"Audited reward components/tiers: [{""tier_id"":""public_base"",""status"":""verified_first_party"",""bonus_amount"":750,""bonus_currency"":""USD"",""min_spend_usd"":6000,""window"":{""value"":3,""unit"":""months"",""anchor"":""account_opening""},""relationship"":""base offer"",""source_urls"":[""https://www.capitalone.com/small-business/credit-cards/spark-cash-select/"",""https://www.capitalone.com/small-business/credit-cards/""]}] Eligibility not fully verified; see linked issuer terms and audit evidence. Prior-cardholder restrictions may apply. Unresolved: offer_enrollment_expiration; complete_application_eligibility_and_underwriting; prior_cardholder_bonus_cooldown No verified application end date; offer subject to change.",Capital One,https://www.capitalone.com/small-business/credit-cards/spark-cash-select/,2026-09-16,https://www.capitalone.com/small-business/credit-cards/spark-cash-select/,public,verified,,
U.S. Bank Business Altitude Connect,U.S. Bank,true,Visa,75000,U.S. Bank points,,,6000,,95,true,,,"Observed product: Business Altitude Connect Visa Signature. Spend window: 180 days from account opening (not calendar months). Audited reward components/tiers: [{""product"":""Business Altitude Connect Visa Signature"",""bonus_amount"":75000,""bonus_currency"":""U.S. Bank points"",""min_spend_usd"":6000,""spend_window"":{""length"":180,""unit"":""days"",""anchor"":""account opening""},""annual_fee_usd"":95,""annual_fee_waived_y1"":true,""additional_conditions"":""Account Owner spending requirement; days, not exactly six calendar months.""}] Account Owner spending requirement; days, not exactly six calendar months. Eligibility: Subject to issuer underwriting; detailed bonus eligibility not fully recovered, do not infer from another product. Unresolved: repeat_bonus_eligibility; detailed_bonus_eligibility; offer_expiration_date_not_stated No verified application end date; offer subject to change.",U.S. Bank,https://www.usbank.com/business-banking/business-credit-cards/business-altitude-connect-credit-card.html,2026-09-16,https://www.usbank.com/business-banking/business-credit-cards/business-altitude-connect-credit-card.html,public,verified,,180
U.S. Bank Business Leverage,U.S. Bank,true,Visa,60000,U.S. Bank points,,,6000,,95,true,,,"Observed product: Business Leverage Visa Signature. Spend window: 120 days from account opening (not calendar months). Audited reward components/tiers: [{""product"":""Business Leverage Visa Signature"",""bonus_amount"":60000,""bonus_currency"":""U.S. Bank points"",""min_spend_usd"":6000,""spend_window"":{""length"":120,""unit"":""days"",""anchor"":""account opening""},""annual_fee_usd"":95,""annual_fee_waived_y1"":true,""additional_conditions"":""Account Owner card only; employee-card purchases excluded; advertised as up to $600 rewards.""}] Account Owner card only; employee-card purchases excluded; advertised as up to $600 rewards. Eligibility: Subject to credit approval; cannot combine with any other bonus offer. Unresolved: repeat_bonus_eligibility; offer_expiration_date_not_stated No verified application end date; offer subject to change.",U.S. Bank,https://www.usbank.com/business-banking/business-credit-cards/business-leverage-rewards-credit-card.html,2026-09-16,https://www.usbank.com/business-banking/business-credit-cards/business-leverage-rewards-credit-card.html,public,verified,,120
U.S. Bank Triple Cash Business,U.S. Bank,true,Visa,750,USD,,750,6000,,0,false,,,"Observed product: Triple Cash Rewards Visa Business. Spend window: 180 days from account opening (not calendar months). Audited reward components/tiers: [{""product"":""Triple Cash Rewards Visa Business"",""bonus_amount"":750,""bonus_currency"":""USD"",""min_spend_usd"":6000,""spend_window"":{""length"":180,""unit"":""days"",""anchor"":""account opening""},""annual_fee_usd"":0,""annual_fee_waived_y1"":false,""additional_conditions"":""Spend on Account Owner card.""}] Spend on Account Owner card. Eligibility: Subject to issuer underwriting; detailed bonus eligibility not fully recovered, do not infer from another product. Unresolved: repeat_bonus_eligibility; detailed_bonus_eligibility; offer_expiration_date_not_stated No verified application end date; offer subject to change.",U.S. Bank,https://www.usbank.com/business-banking/business-credit-cards/business-triple-cash-back-credit-card.html,2026-09-16,https://www.usbank.com/business-banking/business-credit-cards/business-triple-cash-back-credit-card.html,public,verified,,180
Chase Aeroplan,Chase,false,Visa,75000,Aeroplan points,,,4000,3,195,false,,,"Audited reward components/tiers: [{""kind"":""signup_component"",""bonus_amount"":75000,""bonus_currency"":""Aeroplan points"",""min_spend_usd"":4000,""spend_window_months"":3,""condition"":""Eligible purchases from account opening"",""status"":""verified_current_first_party"",""channel"":""public online issuer product page""},{""kind"":""signup_component"",""bonus_amount"":40000,""bonus_currency"":""Aeroplan points"",""min_spend_usd"":20000,""spend_window_months"":12,""condition"":""Cumulative purchases from opening; additional to 75,000 points, total possible 115,000"",""status"":""verified_current_first_party"",""channel"":""public online issuer product page""}] Eligibility: This credit card is available to you if you do not have the Chase Air Canada Aeroplan® Card or previous versions and have not received a new cardmember bonus for the Chase Air Canada Aeroplan® Card or previous versions in the past 24 months. Full captured terms and bonus conditions are retained in the dated audit. Unresolved: Offer application expiration not explicitly stated; do not infer from benefit expiration dates.; Individual approval and bonus eligibility are issuer-determined; no user eligibility certification.; Spend/window of struck-through historical headline not provided. No verified application end date; offer subject to change.",Chase,https://creditcards.chase.com/travel-credit-cards/aircanada/aeroplan,2026-09-16,https://creditcards.chase.com/travel-credit-cards/aircanada/aeroplan,public,verified,,
Bank of America Premium Rewards,Bank of America,false,Visa,60000,Bank of America points,1.0,600.0,4000,,95,,,,"Spend window: 90 days from account_opening (not calendar months). Audited reward components/tiers: [{""tier_id"":""public_base"",""status"":""verified_first_party"",""bonus_amount"":60000,""bonus_currency"":""Bank of America points"",""min_spend_usd"":4000,""window"":{""value"":90,""unit"":""days"",""anchor"":""account_opening""},""relationship"":""base offer"",""source_urls"":[""https://bankofamerica.com/credit-cards/products/premium-rewards-credit-card""]}] Eligibility not fully verified; see linked issuer terms and audit evidence. Prior-cardholder restrictions may apply. Unresolved: offer_enrollment_expiration; complete_application_eligibility_and_underwriting; first_year_fee_waiver_not_separately_stated; prior_cardholder_bonus_cooldown No verified application end date; offer subject to change.",Bank of America,https://bankofamerica.com/credit-cards/products/premium-rewards-credit-card,2026-09-16,https://www.bankofamerica.com/credit-cards/products/premium-rewards-credit-card/,public,verified,,90
Barclays Wyndham Earner Plus,Barclays,false,Mastercard,45000,Wyndham points,1.0,450.0,1000,,95,false,,,"Observed product: Wyndham Rewards Earner Plus. Spend window: 90 days from account opening (not calendar months). Audited reward components/tiers: [{""product"":""Wyndham Rewards Earner Plus"",""bonus_amount"":45000,""bonus_currency"":""Wyndham Rewards points"",""min_spend_usd"":1000,""spend_window"":{""length"":90,""unit"":""days"",""anchor"":""account opening""},""annual_fee_usd"":95,""annual_fee_waived_y1"":false,""additional_conditions"":""Base component.""},{""product"":""Wyndham Rewards Earner Plus"",""bonus_amount"":55000,""bonus_currency"":""Wyndham Rewards points"",""min_spend_usd"":500,""spend_window"":{""length"":180,""unit"":""days"",""anchor"":""account opening""},""annual_fee_usd"":95,""annual_fee_waived_y1"":false,""additional_conditions"":""Additional component for spending at Hotels by Wyndham, not a standalone alternative.""}] Base component. Eligibility: Subject to issuer underwriting; detailed bonus eligibility not fully recovered, do not infer from another product. Unresolved: repeat_bonus_eligibility; overlap_of_general_and_hotel_spend; detailed_bonus_eligibility; offer_expiration_date_not_stated No verified application end date; offer subject to change.",Barclays,https://cards.barclaycardus.com/banking/cards/wyndham-rewards-earner-plus-card/,2026-09-16,https://cards.barclaycardus.com/banking/cards/wyndham-rewards-earner-plus-card/,public,verified,,90
Chase Southwest Airlines Premier Business,Chase,true,Visa,60000,Southwest points,1.3,780.0,3000,3,149,false,,,"Audited reward components/tiers: [{""kind"":""signup_component"",""bonus_amount"":60000,""bonus_currency"":""Southwest points"",""min_spend_usd"":3000,""spend_window_months"":3,""condition"":""Eligible purchases from account opening"",""status"":""verified_current_first_party"",""channel"":""public online issuer product page""}] Eligibility: 60,000 Bonus Points After You Spend $3,000 On Purchases In The First 3 Months From Account Opening: This new Cardmember bonus offer is not available to either (i) current Cardmembers of this business credit card, or (ii) previous Cardmembers of this business credit card who received a new Cardmember bonus for this business credit card within the last 24 months. To qualify for your bonus points, you must make Purchases totaling $3,000 or more during the first 3 months from account opening. Please allow up to 8 weeks for bonus points to post to your Rapid Rewards® account. (""Purchases"" do not include balance transfers, cash advances, travelers checks, foreign currency, money orders, wire transfers or similar cash-like transactions, lottery tickets, casino gaming chips, race track wagers or similar betting transactions, any checks that access your account, interest, unauthorized or fraudulent charges, and fees of any kind, including an annual fee, if applicable.) To be eligible for this bonus offer, account must be open and not in default at the time of fulfillment. Full captured terms and bonus conditions are retained in the dated audit. Unresolved: Offer application expiration not explicitly stated; do not infer from benefit expiration dates.; Individual approval and bonus eligibility are issuer-determined; no user eligibility certification. No verified application end date; offer subject to change.",Chase,https://creditcards.chase.com/business-credit-cards/southwest/premier-business,2026-09-16,https://creditcards.chase.com/business-credit-cards/southwest/premier-business,public,verified,,
Chase United Quest,Chase,false,Visa,60000,United miles,1.4,840.0,4000,3,350,false,,,"Audited reward components/tiers: [{""kind"":""signup_component"",""bonus_amount"":60000,""bonus_currency"":""United miles"",""min_spend_usd"":4000,""spend_window_months"":3,""condition"":""Eligible purchases from account opening"",""status"":""verified_current_first_party"",""channel"":""public online issuer product page""},{""kind"":""signup_component"",""bonus_amount"":10000,""bonus_currency"":""United miles"",""min_spend_usd"":null,""spend_window_months"":3,""condition"":""Add an employee card (business) / authorized user (personal) in first 3 months; no separate purchase threshold stated"",""status"":""verified_current_first_party"",""channel"":""public online issuer product page""},{""kind"":""signup_component"",""bonus_amount"":500,""bonus_currency"":""United PQP"",""min_spend_usd"":4000,""spend_window_months"":3,""condition"":""Same purchase threshold as base signup miles; status points, not redeemable miles"",""status"":""verified_current_first_party"",""channel"":""public online issuer product page""}] Eligibility: This card product is available to you if you do not have this card and have not received a new Cardmember bonus for this card in the past 24 months. Full captured terms and bonus conditions are retained in the dated audit. Unresolved: Offer application expiration not explicitly stated; do not infer from benefit expiration dates.; Individual approval and bonus eligibility are issuer-determined; no user eligibility certification. No verified application end date; offer subject to change.",Chase,https://creditcards.chase.com/travel-credit-cards/united/united-quest,2026-09-16,https://creditcards.chase.com/travel-credit-cards/united/united-quest,public,verified,,
Chase IHG Traveler,Chase,false,Mastercard,80000,IHG points,0.5,400.0,2000,3,0,false,,,"Audited reward components/tiers: [{""kind"":""signup_component"",""bonus_amount"":80000,""bonus_currency"":""IHG points"",""min_spend_usd"":2000,""spend_window_months"":3,""condition"":""Eligible purchases from account opening"",""status"":""verified_current_first_party"",""channel"":""public online issuer product page""},{""kind"":""signup_component"",""bonus_amount"":10000,""bonus_currency"":""IHG points"",""min_spend_usd"":null,""spend_window_months"":3,""condition"":""Add an employee card (business) / authorized user (personal) in first 3 months; no separate purchase threshold stated"",""status"":""verified_current_first_party"",""channel"":""public online issuer product page""}] Eligibility: **This credit card is not available to either (i) current cardmembers of any personal IHG One Rewards Credit Card, or (ii) previous cardmembers of any personal IHG One Rewards Credit Card who received a new cardmember bonus for any personal IHG One Rewards Credit Card within the last 24 months.** Full captured terms and bonus conditions are retained in the dated audit. Unresolved: Offer application expiration not explicitly stated; do not infer from benefit expiration dates.; Individual approval and bonus eligibility are issuer-determined; no user eligibility certification. No verified application end date; offer subject to change.",Chase,https://creditcards.chase.com/travel-credit-cards/ihg-rewards-club/traveler,2026-09-16,https://creditcards.chase.com/travel-credit-cards/ihg-rewards-club/traveler,public,verified,,
Discover it,,false,Discover,,USD,,,,,0,false,,,"NOT A VERIFIED DEFAULT PUBLIC OFFER: current_offer_observed. Observed product: Discover it Cash Back. Spend window: 365 days from new account approval (not calendar months). Audited reward components/tiers: [{""product"":""Discover it Cash Back"",""bonus_amount"":null,""bonus_currency"":""USD"",""min_spend_usd"":null,""spend_window"":{""length"":365,""unit"":""days"",""anchor"":""new account approval""},""annual_fee_usd"":0,""annual_fee_waived_y1"":false,""additional_conditions"":""Unlimited match of cash back earned in first 365 days; variable reward, no purchase minimum. Not a fixed $200 bonus.""}] Unlimited match of cash back earned in first 365 days; variable reward, no purchase minimum. Not a fixed $200 bonus. Eligibility: Exclusively new cardholders; account must not be closed; excludes rewards processed after match period, statement credits and rewards transfers. Unresolved: fixed_bonus_amount_not_applicable; offer_expiration_date_not_stated No verified application end date; offer subject to change.",First-party issuer audit,https://www.discover.com/credit-cards/cash-back/it-card/,,https://www.discover.com/credit-cards/cash-back/it-card/,unknown,unresolved,,365
U.S. Bank Amazon Prime Business $200-$750,U.S. Bank,true,Visa,,,,,,,0,false,,,"NOT A VERIFIED DEFAULT PUBLIC OFFER: partial_no_public_bonus. Observed product: Prime Business Card (eligible Prime membership). Audited reward components/tiers: [{""product"":""Prime Business Card (eligible Prime membership)"",""bonus_amount"":null,""bonus_currency"":null,""min_spend_usd"":null,""spend_window"":null,""annual_fee_usd"":0,""annual_fee_waived_y1"":false,""additional_conditions"":null}] Eligibility: Eligible Prime membership required for Prime Business reward tier. Unresolved: bonus_amount; bonus_currency; min_spend_usd; spend_window; targeted_offer_eligibility; offer_expiration_date_not_stated No verified application end date; offer subject to change.",U.S. Bank,https://www.usbank.com/business-banking/business-credit-cards/amazon-business-credit-cards.html,,https://www.usbank.com/business-banking/business-credit-cards/amazon-business-credit-cards.html,unknown,unresolved,,
Wells Fargo Autograph Journey,Wells Fargo,false,Visa,60000,Wells Fargo points,,,4000,3,95,false,,,"Observed product: Autograph Journey Visa Signature. Audited reward components/tiers: [{""product"":""Autograph Journey Visa Signature"",""bonus_amount"":60000,""bonus_currency"":""Wells Fargo Rewards points"",""min_spend_usd"":4000,""spend_window"":{""length"":3,""unit"":""months"",""anchor"":""account opening""},""annual_fee_usd"":95,""annual_fee_waived_y1"":false,""additional_conditions"":null}] Eligibility: May not qualify if another Wells Fargo-branded consumer card opened within last 4 months; bonus may be unavailable if same product held or opened within last 48 months. Unresolved: offer_expiration_date_not_stated No verified application end date; offer subject to change.",Wells Fargo,https://creditcards.wellsfargo.com/autograph-journey-visa-credit-card,2026-09-16,https://creditcards.wellsfargo.com/autograph-journey-visa-credit-card,public,verified,,
Capital One Savor,Capital One,false,Mastercard,200,USD,,200,500,3,0,,,,"Audited reward components/tiers: [{""tier_id"":""public_base"",""status"":""verified_first_party"",""bonus_amount"":200,""bonus_currency"":""USD"",""min_spend_usd"":500,""window"":{""value"":3,""unit"":""months"",""anchor"":""account_opening""},""relationship"":""base offer"",""source_urls"":[""https://www.capitalone.com/credit-cards/savor/""]}] Eligibility not fully verified; see linked issuer terms and audit evidence. Prior-cardholder restrictions may apply. Unresolved: offer_enrollment_expiration; complete_application_eligibility_and_underwriting No verified application end date; offer subject to change.",Capital One,https://www.capitalone.com/credit-cards/savor/,2026-09-16,https://www.capitalone.com/credit-cards/savor/,public,verified,,
Barclays Priceline,Barclays,false,Mastercard,,,,,,,,,,,"NOT A VERIFIED DEFAULT PUBLIC OFFER: offer_expired. Eligibility: Subject to issuer underwriting; detailed bonus eligibility not fully recovered, do not infer from another product. Unresolved: current_product_availability; current_bonus; current_fee; eligibility; detailed_bonus_eligibility; offer_expiration_date_not_stated No verified application end date; offer subject to change.",Barclays,https://cards.barclaycardus.com/banking/cards/priceline-rewards-visa-card/,,https://cards.barclaycardus.com/banking/cards/priceline-rewards-visa-card/,historical,withdrawn,,
Wells Fargo Expedia One Key $600,Wells Fargo,false,Visa,350,OneKeyCash,,,3000,3,99,false,,,"Observed product: One Key+ Mastercard. Audited reward components/tiers: [{""product"":""One Key+ Mastercard"",""bonus_amount"":350,""bonus_currency"":""OneKeyCash"",""min_spend_usd"":3000,""spend_window"":{""length"":3,""unit"":""months"",""anchor"":""account opening""},""annual_fee_usd"":99,""annual_fee_waived_y1"":false,""additional_conditions"":null}] Eligibility: May not be eligible if One Key, One Key+, or Hotels.com Card opened within last 48 months. Unresolved: offer_expiration_date_not_stated No verified application end date; offer subject to change.",Wells Fargo,https://creditcards.wellsfargo.com/one-key-plus-credit-card,2026-09-16,https://creditcards.wellsfargo.com/one-key-plus-credit-card,public,verified,,
"Wells Fargo Choice Privileges 60,000 Points",Wells Fargo,false,Visa,,,,,,,,,,,"NOT A VERIFIED DEFAULT PUBLIC OFFER: product_ambiguous. Audited reward components/tiers: [{""product"":""Choice Privileges Mastercard"",""bonus_amount"":60000,""bonus_currency"":""Choice Privileges points"",""min_spend_usd"":1000,""spend_window"":{""length"":3,""unit"":""months"",""anchor"":""account opening""},""annual_fee_usd"":0,""annual_fee_waived_y1"":false,""additional_conditions"":null},{""product"":""Choice Privileges Select Mastercard"",""bonus_amount"":60000,""bonus_currency"":""Choice Privileges points"",""min_spend_usd"":3000,""spend_window"":{""length"":3,""unit"":""months"",""anchor"":""account opening""},""annual_fee_usd"":95,""annual_fee_waived_y1"":false,""additional_conditions"":null}] Eligibility: May be ineligible for intro bonus if either Choice Privileges Mastercard or Select opened within last 15 months. Unresolved: intended_product_for_original_row; offer_expiration_date_not_stated No verified application end date; offer subject to change.",Wells Fargo,https://creditcards.wellsfargo.com/wells-fargo-choice-privileges-credit-cards,,https://creditcards.wellsfargo.com/wells-fargo-choice-privileges-credit-cards,unknown,unresolved,,
Lafayette Federal Credit Union Mastercard,,false,Mastercard,50000,CURewards points,,,5000,,0,false,,,"Observed product: Lafayette Federal Mastercard. Spend window: 90 days from account opening (not calendar months). Audited reward components/tiers: [{""product"":""Lafayette Federal Mastercard"",""bonus_amount"":50000,""bonus_currency"":""CURewards points"",""min_spend_usd"":5000,""spend_window"":{""length"":90,""unit"":""days"",""anchor"":""account opening""},""annual_fee_usd"":0,""annual_fee_waived_y1"":false,""additional_conditions"":null}] Eligibility: Credit union membership and credit approval; other restrictions may apply. Unresolved: membership_eligibility; repeat_bonus_eligibility; offer_expiration_date_not_stated No verified application end date; offer subject to change.",First-party issuer audit,https://www.lfcu.org/personal/credit-cards/,2026-09-16,https://www.lfcu.org/personal/credit-cards/,public,verified,,90
PenFed Pathfinder Rewards,PenFed,false,Visa,50000,PenFed rewards points,,,3000,,95,,,,"Observed product: PenFed Pathfinder Rewards Visa Signature. Spend window: 90 days from account opening (not calendar months). Audited reward components/tiers: [{""product"":""PenFed Pathfinder Rewards Visa Signature"",""bonus_amount"":50000,""bonus_currency"":""PenFed rewards points"",""min_spend_usd"":3000,""spend_window"":{""length"":90,""unit"":""days"",""anchor"":""account opening""},""annual_fee_usd"":95,""annual_fee_waived_y1"":null,""additional_conditions"":""Annual fee waived for qualifying existing PenFed Honors Advantage members.""}] Annual fee waived for qualifying existing PenFed Honors Advantage members. Eligibility: Good/excellent credit; membership and Honors Advantage qualification apply. Fee-waiver terms include eligible checking at application. Unresolved: membership_eligibility; repeat_bonus_eligibility; applicant_fee_waiver_qualification; offer_expiration_date_not_stated No verified application end date; offer subject to change.",PenFed,https://www.penfed.org/credit-cards/pathfinder-rewards-visa,2026-09-16,https://www.penfed.org/credit-cards/pathfinder-rewards-visa,public,verified,,90
Fremont Bank Personal World Mastercard $500 Bonus,,false,Mastercard,500,USD,,500,5000,,,,,,"NOT A VERIFIED DEFAULT PUBLIC OFFER: current_offer_observed. Observed product: Fremont Bank Personal World Mastercard. Spend window: 90 days from date of new account letter (not calendar months). Audited reward components/tiers: [{""product"":""Fremont Bank Personal World Mastercard"",""bonus_amount"":500,""bonus_currency"":""USD"",""min_spend_usd"":5000,""spend_window"":{""length"":90,""unit"":""days"",""anchor"":""date of new account letter""},""annual_fee_usd"":null,""annual_fee_waived_y1"":null,""additional_conditions"":null}] Eligibility: Exclusively for Fremont Bank customers; subject to credit approval. Unresolved: annual_fee_usd; annual_fee_waived_y1; repeat_bonus_eligibility; offer_expiration_date_not_stated No verified application end date; offer subject to change.",First-party issuer audit,https://www.fremontbank.com/personal/credit/world-mastercard,,https://www.fremontbank.com/personal/credit/world-mastercard,unknown,unresolved,,90
Northwest Federal Credit Union $500,,false,Visa,50000,Northwest Federal rewards points,,,5000,,0,false,,,"Observed product: Northwest Federal NOW Plus Rewards. Spend window: 120 days from account opening (not calendar months). Audited reward components/tiers: [{""product"":""Northwest Federal NOW Plus Rewards"",""bonus_amount"":50000,""bonus_currency"":""Northwest Federal rewards points"",""min_spend_usd"":5000,""spend_window"":{""length"":120,""unit"":""days"",""anchor"":""account opening""},""annual_fee_usd"":0,""annual_fee_waived_y1"":false,""additional_conditions"":null}] Eligibility: New consumer NOW Plus Rewards accounts opened beginning 2025-08-01; account good standing. Offer subject to end any time. Unresolved: membership_eligibility; offer_expiration_date_not_stated No verified application end date; offer subject to change.",First-party issuer audit,https://www.nwfcu.org/credit-cards/,2026-09-16,https://www.nwfcu.org/credit-cards/,public,verified,,120
Wescom Credit Union,,false,Visa,,MyRewards points,,,,,0,false,,,"NOT A VERIFIED DEFAULT PUBLIC OFFER: unresolved_product_and_bonus. Observed product: Wescom product unresolved. Audited reward components/tiers: [{""product"":""Wescom product unresolved"",""bonus_amount"":null,""bonus_currency"":""MyRewards points"",""min_spend_usd"":null,""spend_window"":null,""annual_fee_usd"":0,""annual_fee_waived_y1"":false,""additional_conditions"":null}] Eligibility: New Wescom cardholders with no new-cardholder bonus in prior 24 months; existing cardholders ineligible. Page says Southern and Central California membership. Unresolved: product_identity; bonus_amount; min_spend_usd; spend_window; exact_membership_geography; offer_expiration_date_not_stated No verified application end date; offer subject to change.",First-party issuer audit,https://wescom.org/cards/credit-cards,,,unknown,unresolved,,
"U.S. Bank Altitude Connect 30,000 ($300)",U.S. Bank,false,Visa,20000,U.S. Bank points,,,1000,,0,false,,,"Observed product: Altitude Connect Visa Signature. Spend window: 90 days from account opening (not calendar months). Audited reward components/tiers: [{""product"":""Altitude Connect Visa Signature"",""bonus_amount"":20000,""bonus_currency"":""U.S. Bank points"",""min_spend_usd"":1000,""spend_window"":{""length"":90,""unit"":""days"",""anchor"":""account opening""},""annual_fee_usd"":0,""annual_fee_waived_y1"":false,""additional_conditions"":null}] Eligibility: Subject to issuer underwriting; detailed bonus eligibility not fully recovered, do not infer from another product. Unresolved: repeat_bonus_eligibility; detailed_bonus_eligibility; offer_expiration_date_not_stated No verified application end date; offer subject to change.",U.S. Bank,https://www.usbank.com/credit-cards/altitude-connect-visa-signature-credit-card.html,2026-09-16,https://www.usbank.com/credit-cards/altitude-connect-visa-signature-credit-card.html,public,verified,,90
Citi Double Cash $200,Citi,false,Mastercard,200,USD,,200,1500,6,0,,,,"Audited reward components/tiers: [{""tier_id"":""public_base"",""status"":""verified_first_party"",""bonus_amount"":200,""bonus_currency"":""USD cash back (earned as Citi ThankYou points)"",""min_spend_usd"":1500,""window"":{""value"":6,""unit"":""months"",""anchor"":""account_opening""},""relationship"":""base offer"",""source_urls"":[""https://www.citi.com/credit-cards/citi-double-cash-credit-card"",""https://www.citi.com/credit-cards/credit-card-rewards/citi-double-cash-credit-card-benefits"",""https://www.citi.com/credit-cards/view-all-credit-cards""]}] Eligibility not fully verified; see linked issuer terms and audit evidence. Prior-cardholder restrictions may apply. Unresolved: offer_enrollment_expiration; complete_application_eligibility_and_underwriting No verified application end date; offer subject to change.",Citi,https://www.citi.com/credit-cards/citi-double-cash-credit-card,2026-09-16,https://www.citi.com/credit-cards/citi-double-cash-credit-card,public,verified,,
Wells Fargo Active Cash $200 Bonus,Wells Fargo,false,Visa,100,USD,,100,500,3,0,false,,,"Observed product: Active Cash Visa. Audited reward components/tiers: [{""product"":""Active Cash Visa"",""bonus_amount"":100,""bonus_currency"":""USD"",""min_spend_usd"":500,""spend_window"":{""length"":3,""unit"":""months"",""anchor"":""account opening""},""annual_fee_usd"":0,""annual_fee_waived_y1"":false,""additional_conditions"":null}] Eligibility: May not qualify if another Wells Fargo-branded consumer card opened within last 4 months; intro offer may be unavailable if same product held/opened within last 48 months. Unresolved: offer_expiration_date_not_stated No verified application end date; offer subject to change.",Wells Fargo,https://creditcards.wellsfargo.com/active-cash-credit-card/,2026-09-16,https://creditcards.wellsfargo.com/active-cash-credit-card/,public,verified,,
U.S. Bank Shopper Cash Rewards $250 Bonus,U.S. Bank,false,Visa,,,,,,,,,,,"NOT A VERIFIED DEFAULT PUBLIC OFFER: closed_to_new_applications. Eligibility: Subject to issuer underwriting; detailed bonus eligibility not fully recovered, do not infer from another product. Unresolved: closure_date; legacy_card_fee_not_reaudited; detailed_bonus_eligibility; offer_expiration_date_not_stated No verified application end date; offer subject to change.",U.S. Bank,https://www.usbank.com/credit-cards/shopper-cash-rewards-visa-signature-credit-card.html,,https://www.usbank.com/credit-cards/shopper-cash-rewards-visa-signature-credit-card.html,historical,withdrawn,,
Ridgewood Savings Bank $500 Bonus – NY & CT,,false,Visa,500,USD,,500,5000,,95,true,,,"Observed product: Ridgewood Savings Bank World Mastercard. Spend window: 90 days from date of new account letter (not calendar months). Audited reward components/tiers: [{""product"":""Ridgewood Savings Bank World Mastercard"",""bonus_amount"":500,""bonus_currency"":""USD"",""min_spend_usd"":5000,""spend_window"":{""length"":90,""unit"":""days"",""anchor"":""date of new account letter""},""annual_fee_usd"":95,""annual_fee_waived_y1"":true,""additional_conditions"":null}] Eligibility: Subject to issuer underwriting; detailed bonus eligibility not fully recovered, do not infer from another product. Unresolved: geographic_eligibility; repeat_bonus_eligibility; detailed_bonus_eligibility; offer_expiration_date_not_stated No verified application end date; offer subject to change.",First-party issuer audit,https://www.ridgewoodbank.com/home/personal/cardpromotion,2026-09-16,,public,verified,,90
American Express Blue Cash Preferred $300 + Waived Fee,American Express,false,Amex,300,USD,,300,3000,6,95,true,,,"AS HIGH AS / personalized maximum; actual offer may be lower or unavailable. Not a guaranteed public bonus. Audited reward components/tiers: [{""tier_id"":""current-public-offer"",""status"":""current_observed"",""min_spend_usd"":3000,""spend_window_months"":6,""rewards"":[{""amount"":300,""currency"":""USD"",""kind"":""Reward Dollars"",""amount_type"":""up_to_personalized""}],""components_share_same_spend_gate"":true,""personalized"":true}] Eligibility: You may not be eligible to receive the welcome offer, intro APR offer, and intro plan fee offer if you have or have had this Card, the Morgan Stanley Blue Cash Preferred® American Express Card or previous versions of these Cards. You also may not be eligible to receive the welcome offer, intro APR offer, and intro plan fee offer based on various factors, such as your history with credit card balance transfers, your history as an American Express Card Member, the number of credit cards that you have opened and closed and other factors. If you are not eligible for the welcome offer, intro APR offer, and intro plan fee offer we will notify you prior to processing your application so you have the option to withdraw your application. Unresolved: applicant_specific_bonus_amount: Only maximum public offer is disclosed. Issuer reveals actual amount during application; no application or login performed. Lower amounts and ineligibility are possible; exact lower tiers are not public here.; expiration: No fixed offer end date disclosed in captured public offer evidence; subject to modification/revocation. No verified application end date; offer subject to change.",American Express,https://www.americanexpress.com/us/credit-cards/card/blue-cash-preferred/,2026-09-16,https://www.americanexpress.com/us/credit-cards/card/blue-cash-preferred/,personalized,verified,,
Citi AT&T Points Plus,Citi,false,Mastercard,200,USD,,200,1000,3,0,,,,"Audited reward components/tiers: [{""tier_id"":""public_base"",""status"":""verified_first_party"",""bonus_amount"":200,""bonus_currency"":""USD statement credit"",""min_spend_usd"":1000,""window"":{""value"":3,""unit"":""months"",""anchor"":""account_opening""},""relationship"":""base offer"",""source_urls"":[""https://www.citi.com/credit-cards/citi-att-pointsplus-credit-card"",""https://www.citi.com/usc/lpaca/citi/cards/ATT/ps/index.html?sa=X"",""https://www.citi.com/credit-cards/view-all-credit-cards""]}] Eligibility not fully verified; see linked issuer terms and audit evidence. Prior-cardholder restrictions may apply. Unresolved: offer_enrollment_expiration; complete_application_eligibility_and_underwriting; landing_page_vs_generic_product_recurring_terms_conflict No verified application end date; offer subject to change.",Citi,https://www.citi.com/credit-cards/citi-att-pointsplus-credit-card,2026-09-16,https://www.citi.com/credit-cards/citi-att-pointsplus-credit-card,public,verified,,
Chase Freedom Unlimited $200,Chase,false,Visa,200,USD,,200,500,3,0,false,,,"Audited reward components/tiers: [{""kind"":""signup_component"",""bonus_amount"":200,""bonus_currency"":""USD"",""min_spend_usd"":500,""spend_window_months"":3,""condition"":""Eligible purchases from account opening"",""status"":""verified_current_first_party"",""channel"":""public online issuer product page""}] Eligibility: This product is available to you if you do not have this card and have not received a new cardmember bonus for this card in the past 24 months. Full captured terms and bonus conditions are retained in the dated audit. Unresolved: Offer application expiration not explicitly stated; do not infer from benefit expiration dates.; Individual approval and bonus eligibility are issuer-determined; no user eligibility certification.; Original branch-only limitation not verified; current $200/$500/3-month offer publicly available online. No verified application end date; offer subject to change.",Chase,https://creditcards.chase.com/cash-back-credit-cards/freedom/unlimited,2026-09-16,https://creditcards.chase.com/cash-back-credit-cards/freedom/unlimited,public,verified,,
American Express Blue Cash Everyday $250,American Express,false,Amex,200,USD,,200,2000,6,0,false,,,"AS HIGH AS / personalized maximum; actual offer may be lower or unavailable. Not a guaranteed public bonus. Audited reward components/tiers: [{""tier_id"":""current-public-offer"",""status"":""current_observed"",""min_spend_usd"":2000,""spend_window_months"":6,""rewards"":[{""amount"":200,""currency"":""USD"",""kind"":""Reward Dollars"",""amount_type"":""up_to_personalized""}],""components_share_same_spend_gate"":true,""personalized"":true},{""tier_id"":""original-feed-250"",""status"":""unverified_current_channel"",""bonus_amount"":250,""bonus_currency"":""USD"",""min_spend_usd"":2000,""spend_window_months"":6},{""tier_id"":""original-feed-dining-variant"",""status"":""unverified_current_channel"",""rewards"":[{""amount"":200,""currency"":""USD""},{""rate_percent"":10,""cap_usd"":150,""category"":""Dining""}],""min_spend_usd"":2000,""spend_window_months"":6,""note"":""Feed notes only; dining duration/conditions not verified from issuer.""}] Eligibility: You may not be eligible to receive the welcome offer, intro APR offer, and intro plan fee offer if you have or have had this Card, the Cash Magnet® Card, the Blue Cash Preferred® Card, the Morgan Stanley Blue Cash Preferred® American Express Card or previous versions of these Cards. You also may not be eligible to receive the welcome offer, intro APR offer, and intro plan fee offer based on various factors, such as your history with credit card balance transfers, your history as an American Express Card Member, the number of credit cards that you have opened and closed and other factors. If you are not eligible for the welcome offer, intro APR offer, and intro plan fee offer we will notify you prior to processing your application so you have the option to withdraw your application. Unresolved: applicant_specific_bonus_amount: Only maximum public offer is disclosed. Issuer reveals actual amount during application; no application or login performed. Lower amounts and ineligibility are possible; exact lower tiers are not public here.; expiration: No fixed offer end date disclosed in captured public offer evidence; subject to modification/revocation.; original_referral_or_dining_variants: No exact first-party campaign link in original feed; current supplied issuer URL shows as high as $200, not $250 or $200 plus dining. No verified application end date; offer subject to change.",American Express,https://www.americanexpress.com/us/credit-cards/card/blue-cash-everyday/,2026-09-16,https://www.americanexpress.com/us/credit-cards/card/blue-cash-everyday/,personalized,verified,,
Bank of America Personal Unlimited Cash Rewards $200 Bonus & .5% (3.12%),Bank of America,false,Visa,250,USD,,250,1000,,0,,,,"Spend window: 90 days from account_opening (not calendar months). Audited reward components/tiers: [{""tier_id"":""public_base"",""status"":""verified_first_party"",""bonus_amount"":250,""bonus_currency"":""USD"",""min_spend_usd"":1000,""window"":{""value"":90,""unit"":""days"",""anchor"":""account_opening""},""relationship"":""base offer"",""source_urls"":[""https://www.bankofamerica.com/credit-cards/products/unlimited-cash-back-credit-card/""]}] Eligibility not fully verified; see linked issuer terms and audit evidence. Prior-cardholder restrictions may apply. Unresolved: offer_enrollment_expiration; complete_application_eligibility_and_underwriting; prior_cardholder_bonus_cooldown No verified application end date; offer subject to change.",Bank of America,https://www.bankofamerica.com/credit-cards/products/unlimited-cash-back-credit-card/,2026-09-16,https://www.bankofamerica.com/credit-cards/products/unlimited-cash-back-credit-card/,public,verified,,90
Citi Custom Cash,Citi,false,Mastercard,,,,,,,,,,,"NOT A VERIFIED DEFAULT PUBLIC OFFER: not_open_to_new_applications. Audited reward components/tiers: [{""tier_id"":""legacy_branch_300"",""status"":""unverified_historical_feed_claim_not_current"",""bonus_amount"":null,""bonus_currency"":null,""min_spend_usd"":null,""window"":null,""note"":""Input notes mention $300/30,000 points branch offer; no current first-party support, product closed to applications.""}] Eligibility not fully verified; see linked issuer terms and audit evidence. Prior-cardholder restrictions may apply. Unresolved: offer_enrollment_expiration; complete_application_eligibility_and_underwriting No verified application end date; offer subject to change.",Citi,https://www.citi.com/credit-cards/citi-custom-cash-credit-card,,https://www.citi.com/credit-cards/citi-custom-cash-credit-card,historical,withdrawn,,
Fidelity 2% Card $150 Bonus,Fidelity,false,Visa,15000,Fidelity Rewards points,,,1000,,,,,,"NOT A VERIFIED DEFAULT PUBLIC OFFER: partial_channel_verified. Observed product: Fidelity Rewards Visa Signature. Spend window: 90 days from account opening (not calendar months). Audited reward components/tiers: [{""product"":""Fidelity Rewards Visa Signature"",""bonus_amount"":15000,""bonus_currency"":""Fidelity Rewards points"",""min_spend_usd"":1000,""spend_window"":{""length"":90,""unit"":""days"",""anchor"":""account opening""},""annual_fee_usd"":null,""annual_fee_waived_y1"":null,""additional_conditions"":""15000 points equal $150 only deposited to eligible Fidelity account.""}] 15000 points equal $150 only deposited to eligible Fidelity account. Eligibility: Only new Fidelity Rewards Accounts booked through this special offer; existing and previous Fidelity Rewards cardmembers not eligible. Open and good standing at purchase and fulfillment. Unresolved: annual_fee_usd; live_browser_confirmation_of_special_offer; offer_expiration_date_not_stated No verified application end date; offer subject to change.",Fidelity,https://www.fidelity.com/spend-save/visa-signature-card,,https://www.fidelity.com/spend-save/visa-signature-card,unknown,unresolved,,90
Sallie Mae (Accelerate & Evolve) $200,,false,Mastercard,,,,,,,,,,,"NOT A VERIFIED DEFAULT PUBLIC OFFER: unresolved_unavailable_product_page. Audited reward components/tiers: [{""product"":""Sallie Mae Accelerate"",""bonus_amount"":null,""bonus_currency"":null,""min_spend_usd"":null,""spend_window"":null,""annual_fee_usd"":null,""annual_fee_waived_y1"":null,""additional_conditions"":null},{""product"":""Sallie Mae Evolve"",""bonus_amount"":null,""bonus_currency"":null,""min_spend_usd"":null,""spend_window"":null,""annual_fee_usd"":null,""annual_fee_waived_y1"":null,""additional_conditions"":null}] Eligibility: Subject to issuer underwriting; detailed bonus eligibility not fully recovered, do not infer from another product. Unresolved: current_product_availability; bonus_amount; bonus_currency; min_spend_usd; spend_window; annual_fee_usd; eligibility; detailed_bonus_eligibility; offer_expiration_date_not_stated No verified application end date; offer subject to change.",First-party issuer audit,https://www.salliemae.com/credit-cards/,,https://www.salliemae.com/credit-cards/,unknown,unresolved,,
SoFi $200,,false,Mastercard,,,,,,,0,false,,,"NOT A VERIFIED DEFAULT PUBLIC OFFER: partial_no_public_bonus. Observed product: SoFi Unlimited 2% credit card. Audited reward components/tiers: [{""product"":""SoFi Unlimited 2% credit card"",""bonus_amount"":null,""bonus_currency"":null,""min_spend_usd"":null,""spend_window"":null,""annual_fee_usd"":0,""annual_fee_waived_y1"":false,""additional_conditions"":null}] Eligibility: Subject to issuer underwriting; detailed bonus eligibility not fully recovered, do not infer from another product. Unresolved: bonus_amount; bonus_currency; min_spend_usd; spend_window; partner_channel_offer_eligibility; detailed_bonus_eligibility; offer_expiration_date_not_stated No verified application end date; offer subject to change.",First-party issuer audit,https://www.sofi.com/credit-card/,,https://www.sofi.com/credit-card/,unknown,unresolved,,
PNC $200 (Many States),,false,Visa,200,USD,,200,1000,3,0,false,,,"Observed product: PNC Cash Rewards Visa. Audited reward components/tiers: [{""product"":""PNC Cash Rewards Visa"",""bonus_amount"":200,""bonus_currency"":""USD"",""min_spend_usd"":1000,""spend_window"":{""length"":3,""unit"":""months"",""anchor"":""account opening""},""annual_fee_usd"":0,""annual_fee_waived_y1"":false,""additional_conditions"":null}] Eligibility: Approved new card through PNC.com application links on this page; abuse/misuse/gaming exclusions. Unresolved: geographic_eligibility; repeat_bonus_eligibility; offer_expiration_date_not_stated No verified application end date; offer subject to change.",First-party issuer audit,https://www.pnc.com/en/personal-banking/banking/credit-cards/pnc-cash-rewards-visa-credit-card.html,2026-09-16,https://www.pnc.com/en/personal-banking/banking/credit-cards/pnc-cash-rewards-visa-credit-card.html,public,verified,,
Regions Bank,Regions,false,Visa,200,USD,,200,1000,,0,false,,,"Observed product: Regions Cash Rewards Visa. Spend window: 90 days from account opening (not calendar months). Audited reward components/tiers: [{""product"":""Regions Cash Rewards Visa"",""bonus_amount"":200,""bonus_currency"":""USD"",""min_spend_usd"":1000,""spend_window"":{""length"":90,""unit"":""days"",""anchor"":""account opening""},""annual_fee_usd"":0,""annual_fee_waived_y1"":false,""additional_conditions"":null}] Eligibility: Subject to issuer underwriting; detailed bonus eligibility not fully recovered, do not infer from another product. Unresolved: geographic_eligibility; repeat_bonus_eligibility; detailed_bonus_eligibility; offer_expiration_date_not_stated No verified application end date; offer subject to change.",Regions,https://www.regions.com/personal-banking/credit-cards,2026-09-16,https://www.regions.com/personal-banking/credit-cards,public,verified,,90
Barclays Upromise $300 Bonus,Barclays,false,Mastercard,100,USD,,100,500,,0,false,,,"Observed product: Upromise World Mastercard. Spend window: 90 days from account opening (not calendar months). Audited reward components/tiers: [{""product"":""Upromise World Mastercard"",""bonus_amount"":100,""bonus_currency"":""USD"",""min_spend_usd"":500,""spend_window"":{""length"":90,""unit"":""days"",""anchor"":""account opening""},""annual_fee_usd"":0,""annual_fee_waived_y1"":false,""additional_conditions"":null}] Eligibility: Subject to issuer underwriting; detailed bonus eligibility not fully recovered, do not infer from another product. Unresolved: repeat_bonus_eligibility; detailed_bonus_eligibility; offer_expiration_date_not_stated No verified application end date; offer subject to change.",Barclays,https://cards.barclaycardus.com/banking/cards/upromise-world-mastercard/,2026-09-16,https://cards.barclaycardus.com/banking/cards/upromise-world-mastercard/,public,verified,,90
Bank of America Business Advantage Unlimited Cash,Bank of America,true,Mastercard,500,USD,,500,5000,,0,,,,"Spend window: 90 days from account_opening (not calendar months). Audited reward components/tiers: [{""tier_id"":""public_base"",""status"":""verified_first_party"",""bonus_amount"":500,""bonus_currency"":""USD"",""min_spend_usd"":5000,""window"":{""value"":90,""unit"":""days"",""anchor"":""account_opening""},""relationship"":""base offer"",""source_urls"":[""https://business.bankofamerica.com/en/credit-cards/business-advantage-unlimited-cash-rewards""]}] Eligibility not fully verified; see linked issuer terms and audit evidence. Prior-cardholder restrictions may apply. Unresolved: offer_enrollment_expiration; complete_application_eligibility_and_underwriting; prior_cardholder_bonus_cooldown No verified application end date; offer subject to change.",Bank of America,https://business.bankofamerica.com/en/credit-cards/business-advantage-unlimited-cash-rewards,2026-09-16,https://business.bankofamerica.com/en/credit-cards/business-advantage-unlimited-cash-rewards,public,verified,,90
Bank of America Business Advantage Customized Cash,Bank of America,true,Mastercard,500,USD,,500,5000,,0,,,,"Spend window: 90 days from account_opening (not calendar months). Audited reward components/tiers: [{""tier_id"":""public_base"",""status"":""verified_first_party"",""bonus_amount"":500,""bonus_currency"":""USD"",""min_spend_usd"":5000,""window"":{""value"":90,""unit"":""days"",""anchor"":""account_opening""},""relationship"":""base offer"",""source_urls"":[""https://business.bankofamerica.com/en/credit-cards/business-advantage-customized-cash-rewards""]}] Eligibility not fully verified; see linked issuer terms and audit evidence. Prior-cardholder restrictions may apply. Unresolved: offer_enrollment_expiration; complete_application_eligibility_and_underwriting; prior_cardholder_bonus_cooldown No verified application end date; offer subject to change.",Bank of America,https://business.bankofamerica.com/en/credit-cards/business-advantage-customized-cash-rewards,2026-09-16,https://business.bankofamerica.com/en/credit-cards/business-advantage-customized-cash-rewards,public,verified,,90
Wells Fargo Signify Business,Wells Fargo,true,Mastercard,500,USD,,500,5000,3,0,false,,,"Observed product: Signify Business Cash Mastercard. Audited reward components/tiers: [{""product"":""Signify Business Cash Mastercard"",""bonus_amount"":500,""bonus_currency"":""USD"",""min_spend_usd"":5000,""spend_window"":{""length"":3,""unit"":""months"",""anchor"":""account opening""},""annual_fee_usd"":0,""annual_fee_waived_y1"":false,""additional_conditions"":null}] Eligibility: Subject to issuer underwriting; detailed bonus eligibility not fully recovered, do not infer from another product. Unresolved: repeat_bonus_eligibility; detailed_bonus_eligibility; offer_expiration_date_not_stated No verified application end date; offer subject to change.",Wells Fargo,https://creditcards.wellsfargo.com/business-credit-cards/signify-business-cash-credit-card/,2026-09-16,https://creditcards.wellsfargo.com/business-credit-cards/signify-business-cash-credit-card/,public,verified,,
